ISO-10303-21;
HEADER;
FILE_DESCRIPTION( ( 'Unknown' ), '1' );
FILE_NAME( 'C:/Users/qlaidebeur/Desktop/CAD PARTS/691/6912137100xx/691213710003/Construction_data/691213710003.stp', 'Unknown', ( 'Quentin LAIDEBEUR' ), ( 'WE' ), 'PSStep 15.0.49', 'Sample-box', '  ' );
FILE_SCHEMA( ( 'AUTOMOTIVE_DESIGN { 1 0 10303 214 1 1 1 1 }' ) );
ENDSEC;
DATA;
#1 = PRODUCT_DEFINITION_CONTEXT( '', #32, 'design' );
#2 = APPLICATION_PROTOCOL_DEFINITION( 'international standard', 'automotive_design', 2001, #32 );
#3 = PRODUCT_CATEGORY_RELATIONSHIP( 'NONE', 'NONE', #33, #34 );
#4 = SHAPE_DEFINITION_REPRESENTATION( #35, #36 );
#5 = PRODUCT_CATEGORY_RELATIONSHIP( 'NONE', 'NONE', #33, #37 );
#6 = CONTEXT_DEPENDENT_SHAPE_REPRESENTATION( #38, #39 );
#7 = SHAPE_DEFINITION_REPRESENTATION( #40, #41 );
#8 = SHAPE_REPRESENTATION_RELATIONSHIP( 'NONE', 'NONE', #41, #42 );
#9 = PRODUCT_CATEGORY_RELATIONSHIP( 'NONE', 'NONE', #33, #43 );
#10 = CONTEXT_DEPENDENT_SHAPE_REPRESENTATION( #44, #45 );
#11 = SHAPE_DEFINITION_REPRESENTATION( #46, #47 );
#12 = SHAPE_REPRESENTATION_RELATIONSHIP( 'NONE', 'NONE', #47, #48 );
#13 = CONTEXT_DEPENDENT_SHAPE_REPRESENTATION( #49, #50 );
#14 = CONTEXT_DEPENDENT_SHAPE_REPRESENTATION( #51, #52 );
#15 = PRODUCT_CATEGORY_RELATIONSHIP( 'NONE', 'NONE', #33, #53 );
#16 = CONTEXT_DEPENDENT_SHAPE_REPRESENTATION( #54, #55 );
#17 = SHAPE_DEFINITION_REPRESENTATION( #56, #57 );
#18 = SHAPE_REPRESENTATION_RELATIONSHIP( 'NONE', 'NONE', #57, #58 );
#19 = CONTEXT_DEPENDENT_SHAPE_REPRESENTATION( #59, #60 );
#20 = CONTEXT_DEPENDENT_SHAPE_REPRESENTATION( #61, #62 );
#21 = PRODUCT_CATEGORY_RELATIONSHIP( 'NONE', 'NONE', #33, #63 );
#22 = CONTEXT_DEPENDENT_SHAPE_REPRESENTATION( #64, #65 );
#23 = SHAPE_DEFINITION_REPRESENTATION( #66, #67 );
#24 = SHAPE_REPRESENTATION_RELATIONSHIP( 'NONE', 'NONE', #67, #68 );
#25 = CONTEXT_DEPENDENT_SHAPE_REPRESENTATION( #69, #70 );
#26 = CONTEXT_DEPENDENT_SHAPE_REPRESENTATION( #71, #72 );
#27 = MECHANICAL_DESIGN_GEOMETRIC_PRESENTATION_REPRESENTATION( ' ', ( #73, #74, #75, #76, #77, #78, #79, #80, #81, #82, #83, #84, #85, #86, #87, #88, #89, #90, #91, #92, #93, #94, #95, #96, #97, #98, #99, #100, #101, #102, #103, #104, #105, #106, #107, #108, #109, #110, #111, #112, #113, #114, #115, #116, #117, #118, #119, #120, #121, #122, #123, #124, #125, #126, #127, #128, #129, #130, #131, #132, #133, #134, #135, #136, #137, #138, #139, #140, #141, #142, #143, #144, #145, #146, #147, #148, #149, #150, #151, #152, #153, #154, #155, #156, #157, #158, #159, #160, #161, #162, #163, #164, #165, #166, #167, #168, #169, #170, #171, #172, #173, #174, #175, #176, #177, #178, #179, #180, #181, #182, #183, #184, #185, #186, #187, #188, #189, #190, #191, #192, #193, #194, #195, #196, #197, #198, #199, #200, #201, #202, #203, #204, #205, #206, #207, #208, #209, #210, #211, #212, #213, #214, #215, #216, #217, #218, #219, #220, #221, #222, #223, #224, #225, #226, #227, #228, #229, #230, #231, #232, #233 ), #28 );
#28 =  ( GEOMETRIC_REPRESENTATION_CONTEXT( 3 )GLOBAL_UNCERTAINTY_ASSIGNED_CONTEXT( ( #236 ) )GLOBAL_UNIT_ASSIGNED_CONTEXT( ( #238, #239, #240 ) )REPRESENTATION_CONTEXT( 'NONE', 'WORKSPACE' ) );
#32 = APPLICATION_CONTEXT( 'core data for automotive mechanical design processes' );
#33 = PRODUCT_CATEGORY( 'part', 'NONE' );
#34 = PRODUCT_RELATED_PRODUCT_CATEGORY( 'detail', ' ', ( #242 ) );
#35 = PRODUCT_DEFINITION_SHAPE( 'NONE', 'NONE', #243 );
#36 = SHAPE_REPRESENTATION( 'Assem1', ( #244, #245, #246, #247, #248, #249, #250, #251, #252, #253, #254 ), #255 );
#37 = PRODUCT_RELATED_PRODUCT_CATEGORY( 'detail', ' ', ( #256 ) );
#38 = ( REPRESENTATION_RELATIONSHIP( '', '', #41, #36 )REPRESENTATION_RELATIONSHIP_WITH_TRANSFORMATION( #259 )SHAPE_REPRESENTATION_RELATIONSHIP(  ) );
#39 = PRODUCT_DEFINITION_SHAPE( 'NAUO-PROD-DEF', 'NAUO-PROD-DEF', #261 );
#40 = PRODUCT_DEFINITION_SHAPE( 'NONE', 'NONE', #262 );
#41 = SHAPE_REPRESENTATION( '691213710003', ( #244 ), #255 );
#42 = ADVANCED_BREP_SHAPE_REPRESENTATION( '691213710003', ( #263 ), #28 );
#43 = PRODUCT_RELATED_PRODUCT_CATEGORY( 'detail', ' ', ( #264 ) );
#44 = ( REPRESENTATION_RELATIONSHIP( '', '', #47, #36 )REPRESENTATION_RELATIONSHIP_WITH_TRANSFORMATION( #267 )SHAPE_REPRESENTATION_RELATIONSHIP(  ) );
#45 = PRODUCT_DEFINITION_SHAPE( 'NAUO-PROD-DEF', 'NAUO-PROD-DEF', #269 );
#46 = PRODUCT_DEFINITION_SHAPE( 'NONE', 'NONE', #270 );
#47 = SHAPE_REPRESENTATION( '6912137100xx_MASS', ( #244 ), #255 );
#48 = ADVANCED_BREP_SHAPE_REPRESENTATION( '6912137100xx_MASS', ( #271 ), #28 );
#49 = ( REPRESENTATION_RELATIONSHIP( '', '', #47, #36 )REPRESENTATION_RELATIONSHIP_WITH_TRANSFORMATION( #274 )SHAPE_REPRESENTATION_RELATIONSHIP(  ) );
#50 = PRODUCT_DEFINITION_SHAPE( 'NAUO-PROD-DEF', 'NAUO-PROD-DEF', #276 );
#51 = ( REPRESENTATION_RELATIONSHIP( '', '', #47, #36 )REPRESENTATION_RELATIONSHIP_WITH_TRANSFORMATION( #279 )SHAPE_REPRESENTATION_RELATIONSHIP(  ) );
#52 = PRODUCT_DEFINITION_SHAPE( 'NAUO-PROD-DEF', 'NAUO-PROD-DEF', #281 );
#53 = PRODUCT_RELATED_PRODUCT_CATEGORY( 'detail', ' ', ( #282 ) );
#54 = ( REPRESENTATION_RELATIONSHIP( '', '', #57, #36 )REPRESENTATION_RELATIONSHIP_WITH_TRANSFORMATION( #285 )SHAPE_REPRESENTATION_RELATIONSHIP(  ) );
#55 = PRODUCT_DEFINITION_SHAPE( 'NAUO-PROD-DEF', 'NAUO-PROD-DEF', #287 );
#56 = PRODUCT_DEFINITION_SHAPE( 'NONE', 'NONE', #288 );
#57 = SHAPE_REPRESENTATION( '6912137100xx_VIS', ( #244 ), #255 );
#58 = ADVANCED_BREP_SHAPE_REPRESENTATION( '6912137100xx_VIS', ( #289 ), #28 );
#59 = ( REPRESENTATION_RELATIONSHIP( '', '', #57, #36 )REPRESENTATION_RELATIONSHIP_WITH_TRANSFORMATION( #292 )SHAPE_REPRESENTATION_RELATIONSHIP(  ) );
#60 = PRODUCT_DEFINITION_SHAPE( 'NAUO-PROD-DEF', 'NAUO-PROD-DEF', #294 );
#61 = ( REPRESENTATION_RELATIONSHIP( '', '', #57, #36 )REPRESENTATION_RELATIONSHIP_WITH_TRANSFORMATION( #297 )SHAPE_REPRESENTATION_RELATIONSHIP(  ) );
#62 = PRODUCT_DEFINITION_SHAPE( 'NAUO-PROD-DEF', 'NAUO-PROD-DEF', #299 );
#63 = PRODUCT_RELATED_PRODUCT_CATEGORY( 'detail', ' ', ( #300 ) );
#64 = ( REPRESENTATION_RELATIONSHIP( '', '', #67, #36 )REPRESENTATION_RELATIONSHIP_WITH_TRANSFORMATION( #303 )SHAPE_REPRESENTATION_RELATIONSHIP(  ) );
#65 = PRODUCT_DEFINITION_SHAPE( 'NAUO-PROD-DEF', 'NAUO-PROD-DEF', #305 );
#66 = PRODUCT_DEFINITION_SHAPE( 'NONE', 'NONE', #306 );
#67 = SHAPE_REPRESENTATION( '6912137100xx_PIN', ( #244 ), #255 );
#68 = ADVANCED_BREP_SHAPE_REPRESENTATION( '6912137100xx_PIN', ( #307 ), #28 );
#69 = ( REPRESENTATION_RELATIONSHIP( '', '', #67, #36 )REPRESENTATION_RELATIONSHIP_WITH_TRANSFORMATION( #310 )SHAPE_REPRESENTATION_RELATIONSHIP(  ) );
#70 = PRODUCT_DEFINITION_SHAPE( 'NAUO-PROD-DEF', 'NAUO-PROD-DEF', #312 );
#71 = ( REPRESENTATION_RELATIONSHIP( '', '', #67, #36 )REPRESENTATION_RELATIONSHIP_WITH_TRANSFORMATION( #315 )SHAPE_REPRESENTATION_RELATIONSHIP(  ) );
#72 = PRODUCT_DEFINITION_SHAPE( 'NAUO-PROD-DEF', 'NAUO-PROD-DEF', #317 );
#73 = STYLED_ITEM( '', ( #318 ), #319 );
#74 = STYLED_ITEM( '', ( #320 ), #321 );
#75 = STYLED_ITEM( '', ( #322 ), #323 );
#76 = STYLED_ITEM( '', ( #324 ), #325 );
#77 = STYLED_ITEM( '', ( #326 ), #327 );
#78 = STYLED_ITEM( '', ( #328 ), #329 );
#79 = STYLED_ITEM( '', ( #330 ), #331 );
#80 = STYLED_ITEM( '', ( #332 ), #333 );
#81 = STYLED_ITEM( '', ( #334 ), #335 );
#82 = STYLED_ITEM( '', ( #336 ), #337 );
#83 = STYLED_ITEM( '', ( #338 ), #339 );
#84 = STYLED_ITEM( '', ( #340 ), #341 );
#85 = STYLED_ITEM( '', ( #342 ), #343 );
#86 = STYLED_ITEM( '', ( #344 ), #345 );
#87 = STYLED_ITEM( '', ( #346 ), #347 );
#88 = STYLED_ITEM( '', ( #348 ), #349 );
#89 = STYLED_ITEM( '', ( #350 ), #351 );
#90 = STYLED_ITEM( '', ( #352 ), #353 );
#91 = STYLED_ITEM( '', ( #354 ), #355 );
#92 = STYLED_ITEM( '', ( #356 ), #357 );
#93 = STYLED_ITEM( '', ( #358 ), #359 );
#94 = STYLED_ITEM( '', ( #360 ), #361 );
#95 = STYLED_ITEM( '', ( #362 ), #363 );
#96 = STYLED_ITEM( '', ( #364 ), #365 );
#97 = STYLED_ITEM( '', ( #366 ), #367 );
#98 = STYLED_ITEM( '', ( #368 ), #369 );
#99 = STYLED_ITEM( '', ( #370 ), #371 );
#100 = STYLED_ITEM( '', ( #372 ), #373 );
#101 = STYLED_ITEM( '', ( #374 ), #375 );
#102 = STYLED_ITEM( '', ( #376 ), #377 );
#103 = STYLED_ITEM( '', ( #378 ), #379 );
#104 = STYLED_ITEM( '', ( #380 ), #381 );
#105 = STYLED_ITEM( '', ( #382 ), #383 );
#106 = STYLED_ITEM( '', ( #384 ), #385 );
#107 = STYLED_ITEM( '', ( #386 ), #387 );
#108 = STYLED_ITEM( '', ( #388 ), #389 );
#109 = STYLED_ITEM( '', ( #390 ), #391 );
#110 = STYLED_ITEM( '', ( #392 ), #393 );
#111 = STYLED_ITEM( '', ( #394 ), #395 );
#112 = STYLED_ITEM( '', ( #396 ), #397 );
#113 = STYLED_ITEM( '', ( #398 ), #399 );
#114 = STYLED_ITEM( '', ( #400 ), #401 );
#115 = STYLED_ITEM( '', ( #402 ), #403 );
#116 = STYLED_ITEM( '', ( #404 ), #405 );
#117 = STYLED_ITEM( '', ( #406 ), #407 );
#118 = STYLED_ITEM( '', ( #408 ), #409 );
#119 = STYLED_ITEM( '', ( #410 ), #411 );
#120 = STYLED_ITEM( '', ( #412 ), #413 );
#121 = STYLED_ITEM( '', ( #414 ), #415 );
#122 = STYLED_ITEM( '', ( #416 ), #417 );
#123 = STYLED_ITEM( '', ( #418 ), #419 );
#124 = STYLED_ITEM( '', ( #420 ), #421 );
#125 = STYLED_ITEM( '', ( #422 ), #423 );
#126 = STYLED_ITEM( '', ( #424 ), #425 );
#127 = STYLED_ITEM( '', ( #426 ), #427 );
#128 = STYLED_ITEM( '', ( #428 ), #429 );
#129 = STYLED_ITEM( '', ( #430 ), #431 );
#130 = STYLED_ITEM( '', ( #432 ), #433 );
#131 = STYLED_ITEM( '', ( #434 ), #435 );
#132 = STYLED_ITEM( '', ( #436 ), #437 );
#133 = STYLED_ITEM( '', ( #438 ), #439 );
#134 = STYLED_ITEM( '', ( #440 ), #441 );
#135 = STYLED_ITEM( '', ( #442 ), #443 );
#136 = STYLED_ITEM( '', ( #444 ), #445 );
#137 = STYLED_ITEM( '', ( #446 ), #447 );
#138 = STYLED_ITEM( '', ( #448 ), #449 );
#139 = STYLED_ITEM( '', ( #450 ), #451 );
#140 = STYLED_ITEM( '', ( #452 ), #453 );
#141 = STYLED_ITEM( '', ( #454 ), #455 );
#142 = STYLED_ITEM( '', ( #456 ), #457 );
#143 = STYLED_ITEM( '', ( #458 ), #459 );
#144 = STYLED_ITEM( '', ( #460 ), #461 );
#145 = STYLED_ITEM( '', ( #462 ), #463 );
#146 = STYLED_ITEM( '', ( #464 ), #465 );
#147 = STYLED_ITEM( '', ( #466 ), #467 );
#148 = STYLED_ITEM( '', ( #468 ), #469 );
#149 = STYLED_ITEM( '', ( #470 ), #471 );
#150 = STYLED_ITEM( '', ( #472 ), #473 );
#151 = STYLED_ITEM( '', ( #474 ), #475 );
#152 = STYLED_ITEM( '', ( #476 ), #477 );
#153 = STYLED_ITEM( '', ( #478 ), #479 );
#154 = STYLED_ITEM( '', ( #480 ), #481 );
#155 = STYLED_ITEM( '', ( #482 ), #483 );
#156 = STYLED_ITEM( '', ( #484 ), #485 );
#157 = STYLED_ITEM( '', ( #486 ), #487 );
#158 = STYLED_ITEM( '', ( #488 ), #489 );
#159 = STYLED_ITEM( '', ( #490 ), #491 );
#160 = STYLED_ITEM( '', ( #492 ), #493 );
#161 = STYLED_ITEM( '', ( #494 ), #495 );
#162 = STYLED_ITEM( '', ( #496 ), #497 );
#163 = STYLED_ITEM( '', ( #498 ), #499 );
#164 = STYLED_ITEM( '', ( #500 ), #501 );
#165 = STYLED_ITEM( '', ( #502 ), #503 );
#166 = STYLED_ITEM( '', ( #504 ), #505 );
#167 = STYLED_ITEM( '', ( #506 ), #507 );
#168 = STYLED_ITEM( '', ( #508 ), #509 );
#169 = STYLED_ITEM( '', ( #510 ), #511 );
#170 = STYLED_ITEM( '', ( #512 ), #513 );
#171 = STYLED_ITEM( '', ( #514 ), #515 );
#172 = STYLED_ITEM( '', ( #516 ), #517 );
#173 = STYLED_ITEM( '', ( #518 ), #519 );
#174 = STYLED_ITEM( '', ( #520 ), #521 );
#175 = STYLED_ITEM( '', ( #522 ), #523 );
#176 = STYLED_ITEM( '', ( #524 ), #525 );
#177 = STYLED_ITEM( '', ( #526 ), #527 );
#178 = STYLED_ITEM( '', ( #528 ), #529 );
#179 = STYLED_ITEM( '', ( #530 ), #531 );
#180 = STYLED_ITEM( '', ( #532 ), #533 );
#181 = STYLED_ITEM( '', ( #534 ), #535 );
#182 = STYLED_ITEM( '', ( #536 ), #537 );
#183 = STYLED_ITEM( '', ( #538 ), #539 );
#184 = STYLED_ITEM( '', ( #540 ), #541 );
#185 = STYLED_ITEM( '', ( #542 ), #543 );
#186 = STYLED_ITEM( '', ( #544 ), #545 );
#187 = STYLED_ITEM( '', ( #546 ), #547 );
#188 = STYLED_ITEM( '', ( #548 ), #549 );
#189 = STYLED_ITEM( '', ( #550 ), #551 );
#190 = STYLED_ITEM( '', ( #552 ), #553 );
#191 = STYLED_ITEM( '', ( #554 ), #555 );
#192 = STYLED_ITEM( '', ( #556 ), #557 );
#193 = STYLED_ITEM( '', ( #558 ), #559 );
#194 = STYLED_ITEM( '', ( #560 ), #561 );
#195 = STYLED_ITEM( '', ( #562 ), #563 );
#196 = STYLED_ITEM( '', ( #564 ), #565 );
#197 = STYLED_ITEM( '', ( #566 ), #567 );
#198 = STYLED_ITEM( '', ( #568 ), #569 );
#199 = STYLED_ITEM( '', ( #570 ), #571 );
#200 = STYLED_ITEM( '', ( #572 ), #573 );
#201 = STYLED_ITEM( '', ( #574 ), #575 );
#202 = STYLED_ITEM( '', ( #576 ), #577 );
#203 = STYLED_ITEM( '', ( #578 ), #579 );
#204 = STYLED_ITEM( '', ( #580 ), #581 );
#205 = STYLED_ITEM( '', ( #582 ), #583 );
#206 = STYLED_ITEM( '', ( #584 ), #585 );
#207 = STYLED_ITEM( '', ( #586 ), #587 );
#208 = STYLED_ITEM( '', ( #588 ), #589 );
#209 = STYLED_ITEM( '', ( #590 ), #591 );
#210 = STYLED_ITEM( '', ( #592 ), #593 );
#211 = STYLED_ITEM( '', ( #594 ), #595 );
#212 = STYLED_ITEM( '', ( #596 ), #597 );
#213 = STYLED_ITEM( '', ( #598 ), #599 );
#214 = STYLED_ITEM( '', ( #600 ), #601 );
#215 = STYLED_ITEM( '', ( #602 ), #603 );
#216 = STYLED_ITEM( '', ( #604 ), #605 );
#217 = STYLED_ITEM( '', ( #606 ), #607 );
#218 = STYLED_ITEM( '', ( #608 ), #609 );
#219 = STYLED_ITEM( '', ( #610 ), #611 );
#220 = STYLED_ITEM( '', ( #612 ), #613 );
#221 = STYLED_ITEM( '', ( #614 ), #615 );
#222 = STYLED_ITEM( '', ( #616 ), #617 );
#223 = STYLED_ITEM( '', ( #618 ), #619 );
#224 = STYLED_ITEM( '', ( #620 ), #621 );
#225 = STYLED_ITEM( '', ( #622 ), #623 );
#226 = STYLED_ITEM( '', ( #624 ), #625 );
#227 = STYLED_ITEM( '', ( #626 ), #627 );
#228 = STYLED_ITEM( '', ( #628 ), #629 );
#229 = STYLED_ITEM( '', ( #630 ), #631 );
#230 = STYLED_ITEM( '', ( #632 ), #633 );
#231 = STYLED_ITEM( '', ( #634 ), #635 );
#232 = STYLED_ITEM( '', ( #636 ), #637 );
#233 = STYLED_ITEM( '', ( #638 ), #639 );
#236 = UNCERTAINTY_MEASURE_WITH_UNIT( LENGTH_MEASURE( 0.00100000000000000 ), #238, '', '' );
#238 =  ( CONVERSION_BASED_UNIT( 'MILLIMETRE', #642 )LENGTH_UNIT(  )NAMED_UNIT( #645 ) );
#239 =  ( NAMED_UNIT( #647 )PLANE_ANGLE_UNIT(  )SI_UNIT( $, .RADIAN. ) );
#240 =  ( NAMED_UNIT( #647 )SI_UNIT( $, .STERADIAN. )SOLID_ANGLE_UNIT(  ) );
#242 = PRODUCT( 'Assem1', 'Assem1', 'PART-Assem1-DESC', ( #653 ) );
#243 = PRODUCT_DEFINITION( 'NONE', 'NONE', #654, #1 );
#244 = AXIS2_PLACEMENT_3D( '', #655, #656, #657 );
#245 = AXIS2_PLACEMENT_3D( '', #658, #659, #660 );
#246 = AXIS2_PLACEMENT_3D( '', #661, #662, #663 );
#247 = AXIS2_PLACEMENT_3D( '', #664, #665, #666 );
#248 = AXIS2_PLACEMENT_3D( '', #667, #668, #669 );
#249 = AXIS2_PLACEMENT_3D( '', #670, #671, #672 );
#250 = AXIS2_PLACEMENT_3D( '', #673, #674, #675 );
#251 = AXIS2_PLACEMENT_3D( '', #676, #677, #678 );
#252 = AXIS2_PLACEMENT_3D( '', #679, #680, #681 );
#253 = AXIS2_PLACEMENT_3D( '', #682, #683, #684 );
#254 = AXIS2_PLACEMENT_3D( '', #685, #686, #687 );
#255 =  ( GEOMETRIC_REPRESENTATION_CONTEXT( 3 )GLOBAL_UNCERTAINTY_ASSIGNED_CONTEXT( ( #690 ) )GLOBAL_UNIT_ASSIGNED_CONTEXT( ( #692, #693, #694 ) )REPRESENTATION_CONTEXT( 'NONE', 'WORKSPACE' ) );
#256 = PRODUCT( '691213710003', '691213710003', 'PART-691213710003-DESC', ( #653 ) );
#259 = ITEM_DEFINED_TRANSFORMATION( '', '', #244, #245 );
#261 = NEXT_ASSEMBLY_USAGE_OCCURRENCE( 'NAUO1', 'NAUO1', 'NAUO1', #243, #262, $ );
#262 = PRODUCT_DEFINITION( '691213710003', '691213710003', #696, #1 );
#263 = MANIFOLD_SOLID_BREP( '691213710003', #697 );
#264 = PRODUCT( '6912137100xx_MASS', '6912137100xx_MASS', 'PART-6912137100xx_MASS-DESC', ( #653 ) );
#267 = ITEM_DEFINED_TRANSFORMATION( '', '', #244, #246 );
#269 = NEXT_ASSEMBLY_USAGE_OCCURRENCE( 'NAUO2', 'NAUO2', 'NAUO2', #243, #270, $ );
#270 = PRODUCT_DEFINITION( '6912137100xx_MASS', '6912137100xx_MASS', #698, #1 );
#271 = MANIFOLD_SOLID_BREP( '6912137100xx_MASS', #699 );
#274 = ITEM_DEFINED_TRANSFORMATION( '', '', #244, #247 );
#276 = NEXT_ASSEMBLY_USAGE_OCCURRENCE( 'NAUO3', 'NAUO3', 'NAUO3', #243, #270, $ );
#279 = ITEM_DEFINED_TRANSFORMATION( '', '', #244, #248 );
#281 = NEXT_ASSEMBLY_USAGE_OCCURRENCE( 'NAUO4', 'NAUO4', 'NAUO4', #243, #270, $ );
#282 = PRODUCT( '6912137100xx_VIS', '6912137100xx_VIS', 'PART-6912137100xx_VIS-DESC', ( #653 ) );
#285 = ITEM_DEFINED_TRANSFORMATION( '', '', #244, #249 );
#287 = NEXT_ASSEMBLY_USAGE_OCCURRENCE( 'NAUO5', 'NAUO5', 'NAUO5', #243, #288, $ );
#288 = PRODUCT_DEFINITION( '6912137100xx_VIS', '6912137100xx_VIS', #700, #1 );
#289 = MANIFOLD_SOLID_BREP( '6912137100xx_VIS', #701 );
#292 = ITEM_DEFINED_TRANSFORMATION( '', '', #244, #250 );
#294 = NEXT_ASSEMBLY_USAGE_OCCURRENCE( 'NAUO6', 'NAUO6', 'NAUO6', #243, #288, $ );
#297 = ITEM_DEFINED_TRANSFORMATION( '', '', #244, #251 );
#299 = NEXT_ASSEMBLY_USAGE_OCCURRENCE( 'NAUO7', 'NAUO7', 'NAUO7', #243, #288, $ );
#300 = PRODUCT( '6912137100xx_PIN', '6912137100xx_PIN', 'PART-6912137100xx_PIN-DESC', ( #653 ) );
#303 = ITEM_DEFINED_TRANSFORMATION( '', '', #244, #252 );
#305 = NEXT_ASSEMBLY_USAGE_OCCURRENCE( 'NAUO8', 'NAUO8', 'NAUO8', #243, #306, $ );
#306 = PRODUCT_DEFINITION( '6912137100xx_PIN', '6912137100xx_PIN', #702, #1 );
#307 = MANIFOLD_SOLID_BREP( '6912137100xx_PIN', #703 );
#310 = ITEM_DEFINED_TRANSFORMATION( '', '', #244, #253 );
#312 = NEXT_ASSEMBLY_USAGE_OCCURRENCE( 'NAUO9', 'NAUO9', 'NAUO9', #243, #306, $ );
#315 = ITEM_DEFINED_TRANSFORMATION( '', '', #244, #254 );
#317 = NEXT_ASSEMBLY_USAGE_OCCURRENCE( 'NAUO10', 'NAUO10', 'NAUO10', #243, #306, $ );
#318 = PRESENTATION_STYLE_ASSIGNMENT( ( #704 ) );
#319 = ADVANCED_FACE( '', ( #705, #706 ), #707, .T. );
#320 = PRESENTATION_STYLE_ASSIGNMENT( ( #708 ) );
#321 = ADVANCED_FACE( '', ( #709, #710 ), #711, .F. );
#322 = PRESENTATION_STYLE_ASSIGNMENT( ( #712 ) );
#323 = ADVANCED_FACE( '', ( #713 ), #714, .F. );
#324 = PRESENTATION_STYLE_ASSIGNMENT( ( #715 ) );
#325 = ADVANCED_FACE( '', ( #716 ), #717, .T. );
#326 = PRESENTATION_STYLE_ASSIGNMENT( ( #718 ) );
#327 = ADVANCED_FACE( '', ( #719 ), #720, .T. );
#328 = PRESENTATION_STYLE_ASSIGNMENT( ( #721 ) );
#329 = ADVANCED_FACE( '', ( #722 ), #723, .F. );
#330 = PRESENTATION_STYLE_ASSIGNMENT( ( #724 ) );
#331 = ADVANCED_FACE( '', ( #725 ), #726, .T. );
#332 = PRESENTATION_STYLE_ASSIGNMENT( ( #727 ) );
#333 = ADVANCED_FACE( '', ( #728 ), #729, .F. );
#334 = PRESENTATION_STYLE_ASSIGNMENT( ( #730 ) );
#335 = ADVANCED_FACE( '', ( #731 ), #732, .F. );
#336 = PRESENTATION_STYLE_ASSIGNMENT( ( #733 ) );
#337 = ADVANCED_FACE( '', ( #734 ), #735, .T. );
#338 = PRESENTATION_STYLE_ASSIGNMENT( ( #736 ) );
#339 = ADVANCED_FACE( '', ( #737 ), #738, .T. );
#340 = PRESENTATION_STYLE_ASSIGNMENT( ( #739 ) );
#341 = ADVANCED_FACE( '', ( #740, #741 ), #742, .F. );
#342 = PRESENTATION_STYLE_ASSIGNMENT( ( #743 ) );
#343 = ADVANCED_FACE( '', ( #744 ), #745, .T. );
#344 = PRESENTATION_STYLE_ASSIGNMENT( ( #746 ) );
#345 = ADVANCED_FACE( '', ( #747 ), #748, .T. );
#346 = PRESENTATION_STYLE_ASSIGNMENT( ( #749 ) );
#347 = ADVANCED_FACE( '', ( #750 ), #751, .T. );
#348 = PRESENTATION_STYLE_ASSIGNMENT( ( #752 ) );
#349 = ADVANCED_FACE( '', ( #753 ), #754, .T. );
#350 = PRESENTATION_STYLE_ASSIGNMENT( ( #755 ) );
#351 = ADVANCED_FACE( '', ( #756 ), #757, .T. );
#352 = PRESENTATION_STYLE_ASSIGNMENT( ( #758 ) );
#353 = ADVANCED_FACE( '', ( #759 ), #760, .T. );
#354 = PRESENTATION_STYLE_ASSIGNMENT( ( #761 ) );
#355 = ADVANCED_FACE( '', ( #762 ), #763, .T. );
#356 = PRESENTATION_STYLE_ASSIGNMENT( ( #764 ) );
#357 = ADVANCED_FACE( '', ( #765 ), #766, .T. );
#358 = PRESENTATION_STYLE_ASSIGNMENT( ( #767 ) );
#359 = ADVANCED_FACE( '', ( #768 ), #769, .T. );
#360 = PRESENTATION_STYLE_ASSIGNMENT( ( #770 ) );
#361 = ADVANCED_FACE( '', ( #771 ), #772, .T. );
#362 = PRESENTATION_STYLE_ASSIGNMENT( ( #773 ) );
#363 = ADVANCED_FACE( '', ( #774, #775 ), #776, .T. );
#364 = PRESENTATION_STYLE_ASSIGNMENT( ( #777 ) );
#365 = ADVANCED_FACE( '', ( #778 ), #779, .F. );
#366 = PRESENTATION_STYLE_ASSIGNMENT( ( #780 ) );
#367 = ADVANCED_FACE( '', ( #781 ), #782, .F. );
#368 = PRESENTATION_STYLE_ASSIGNMENT( ( #783 ) );
#369 = ADVANCED_FACE( '', ( #784 ), #785, .T. );
#370 = PRESENTATION_STYLE_ASSIGNMENT( ( #786 ) );
#371 = ADVANCED_FACE( '', ( #787 ), #788, .T. );
#372 = PRESENTATION_STYLE_ASSIGNMENT( ( #789 ) );
#373 = ADVANCED_FACE( '', ( #790 ), #791, .T. );
#374 = PRESENTATION_STYLE_ASSIGNMENT( ( #792 ) );
#375 = ADVANCED_FACE( '', ( #793 ), #794, .T. );
#376 = PRESENTATION_STYLE_ASSIGNMENT( ( #795 ) );
#377 = ADVANCED_FACE( '', ( #796 ), #797, .T. );
#378 = PRESENTATION_STYLE_ASSIGNMENT( ( #798 ) );
#379 = ADVANCED_FACE( '', ( #799 ), #800, .T. );
#380 = PRESENTATION_STYLE_ASSIGNMENT( ( #801 ) );
#381 = ADVANCED_FACE( '', ( #802 ), #803, .F. );
#382 = PRESENTATION_STYLE_ASSIGNMENT( ( #804 ) );
#383 = ADVANCED_FACE( '', ( #805 ), #806, .F. );
#384 = PRESENTATION_STYLE_ASSIGNMENT( ( #807 ) );
#385 = ADVANCED_FACE( '', ( #808 ), #809, .T. );
#386 = PRESENTATION_STYLE_ASSIGNMENT( ( #810 ) );
#387 = ADVANCED_FACE( '', ( #811 ), #812, .T. );
#388 = PRESENTATION_STYLE_ASSIGNMENT( ( #813 ) );
#389 = ADVANCED_FACE( '', ( #814 ), #815, .T. );
#390 = PRESENTATION_STYLE_ASSIGNMENT( ( #816 ) );
#391 = ADVANCED_FACE( '', ( #817 ), #818, .T. );
#392 = PRESENTATION_STYLE_ASSIGNMENT( ( #819 ) );
#393 = ADVANCED_FACE( '', ( #820 ), #821, .F. );
#394 = PRESENTATION_STYLE_ASSIGNMENT( ( #822 ) );
#395 = ADVANCED_FACE( '', ( #823 ), #824, .T. );
#396 = PRESENTATION_STYLE_ASSIGNMENT( ( #825 ) );
#397 = ADVANCED_FACE( '', ( #826 ), #827, .T. );
#398 = PRESENTATION_STYLE_ASSIGNMENT( ( #828 ) );
#399 = ADVANCED_FACE( '', ( #829 ), #830, .F. );
#400 = PRESENTATION_STYLE_ASSIGNMENT( ( #831 ) );
#401 = ADVANCED_FACE( '', ( #832 ), #833, .T. );
#402 = PRESENTATION_STYLE_ASSIGNMENT( ( #834 ) );
#403 = ADVANCED_FACE( '', ( #835 ), #836, .T. );
#404 = PRESENTATION_STYLE_ASSIGNMENT( ( #837 ) );
#405 = ADVANCED_FACE( '', ( #838 ), #839, .T. );
#406 = PRESENTATION_STYLE_ASSIGNMENT( ( #840 ) );
#407 = ADVANCED_FACE( '', ( #841 ), #842, .F. );
#408 = PRESENTATION_STYLE_ASSIGNMENT( ( #843 ) );
#409 = ADVANCED_FACE( '', ( #844 ), #845, .F. );
#410 = PRESENTATION_STYLE_ASSIGNMENT( ( #846 ) );
#411 = ADVANCED_FACE( '', ( #847 ), #848, .T. );
#412 = PRESENTATION_STYLE_ASSIGNMENT( ( #849 ) );
#413 = ADVANCED_FACE( '', ( #850, #851 ), #852, .F. );
#414 = PRESENTATION_STYLE_ASSIGNMENT( ( #853 ) );
#415 = ADVANCED_FACE( '', ( #854, #855 ), #856, .F. );
#416 = PRESENTATION_STYLE_ASSIGNMENT( ( #857 ) );
#417 = ADVANCED_FACE( '', ( #858 ), #859, .T. );
#418 = PRESENTATION_STYLE_ASSIGNMENT( ( #860 ) );
#419 = ADVANCED_FACE( '', ( #861 ), #862, .F. );
#420 = PRESENTATION_STYLE_ASSIGNMENT( ( #863 ) );
#421 = ADVANCED_FACE( '', ( #864 ), #865, .T. );
#422 = PRESENTATION_STYLE_ASSIGNMENT( ( #866 ) );
#423 = ADVANCED_FACE( '', ( #867 ), #868, .F. );
#424 = PRESENTATION_STYLE_ASSIGNMENT( ( #869 ) );
#425 = ADVANCED_FACE( '', ( #870 ), #871, .F. );
#426 = PRESENTATION_STYLE_ASSIGNMENT( ( #872 ) );
#427 = ADVANCED_FACE( '', ( #873 ), #874, .F. );
#428 = PRESENTATION_STYLE_ASSIGNMENT( ( #875 ) );
#429 = ADVANCED_FACE( '', ( #876 ), #877, .F. );
#430 = PRESENTATION_STYLE_ASSIGNMENT( ( #878 ) );
#431 = ADVANCED_FACE( '', ( #879 ), #880, .T. );
#432 = PRESENTATION_STYLE_ASSIGNMENT( ( #881 ) );
#433 = ADVANCED_FACE( '', ( #882 ), #883, .F. );
#434 = PRESENTATION_STYLE_ASSIGNMENT( ( #884 ) );
#435 = ADVANCED_FACE( '', ( #885 ), #886, .F. );
#436 = PRESENTATION_STYLE_ASSIGNMENT( ( #887 ) );
#437 = ADVANCED_FACE( '', ( #888 ), #889, .T. );
#438 = PRESENTATION_STYLE_ASSIGNMENT( ( #890 ) );
#439 = ADVANCED_FACE( '', ( #891 ), #892, .T. );
#440 = PRESENTATION_STYLE_ASSIGNMENT( ( #893 ) );
#441 = ADVANCED_FACE( '', ( #894 ), #895, .T. );
#442 = PRESENTATION_STYLE_ASSIGNMENT( ( #896 ) );
#443 = ADVANCED_FACE( '', ( #897 ), #898, .T. );
#444 = PRESENTATION_STYLE_ASSIGNMENT( ( #899 ) );
#445 = ADVANCED_FACE( '', ( #900 ), #901, .T. );
#446 = PRESENTATION_STYLE_ASSIGNMENT( ( #902 ) );
#447 = ADVANCED_FACE( '', ( #903 ), #904, .F. );
#448 = PRESENTATION_STYLE_ASSIGNMENT( ( #905 ) );
#449 = ADVANCED_FACE( '', ( #906, #907 ), #908, .F. );
#450 = PRESENTATION_STYLE_ASSIGNMENT( ( #909 ) );
#451 = ADVANCED_FACE( '', ( #910 ), #911, .F. );
#452 = PRESENTATION_STYLE_ASSIGNMENT( ( #912 ) );
#453 = ADVANCED_FACE( '', ( #913 ), #914, .T. );
#454 = PRESENTATION_STYLE_ASSIGNMENT( ( #915 ) );
#455 = ADVANCED_FACE( '', ( #916 ), #917, .F. );
#456 = PRESENTATION_STYLE_ASSIGNMENT( ( #918 ) );
#457 = ADVANCED_FACE( '', ( #919 ), #920, .T. );
#458 = PRESENTATION_STYLE_ASSIGNMENT( ( #921 ) );
#459 = ADVANCED_FACE( '', ( #922 ), #923, .F. );
#460 = PRESENTATION_STYLE_ASSIGNMENT( ( #924 ) );
#461 = ADVANCED_FACE( '', ( #925 ), #926, .T. );
#462 = PRESENTATION_STYLE_ASSIGNMENT( ( #927 ) );
#463 = ADVANCED_FACE( '', ( #928 ), #929, .F. );
#464 = PRESENTATION_STYLE_ASSIGNMENT( ( #930 ) );
#465 = ADVANCED_FACE( '', ( #931 ), #932, .T. );
#466 = PRESENTATION_STYLE_ASSIGNMENT( ( #933 ) );
#467 = ADVANCED_FACE( '', ( #934 ), #935, .F. );
#468 = PRESENTATION_STYLE_ASSIGNMENT( ( #936 ) );
#469 = ADVANCED_FACE( '', ( #937 ), #938, .F. );
#470 = PRESENTATION_STYLE_ASSIGNMENT( ( #939 ) );
#471 = ADVANCED_FACE( '', ( #940 ), #941, .T. );
#472 = PRESENTATION_STYLE_ASSIGNMENT( ( #942 ) );
#473 = ADVANCED_FACE( '', ( #943 ), #944, .F. );
#474 = PRESENTATION_STYLE_ASSIGNMENT( ( #945 ) );
#475 = ADVANCED_FACE( '', ( #946, #947, #948, #949 ), #950, .F. );
#476 = PRESENTATION_STYLE_ASSIGNMENT( ( #951 ) );
#477 = ADVANCED_FACE( '', ( #952 ), #953, .T. );
#478 = PRESENTATION_STYLE_ASSIGNMENT( ( #954 ) );
#479 = ADVANCED_FACE( '', ( #955, #956, #957, #958 ), #959, .F. );
#480 = PRESENTATION_STYLE_ASSIGNMENT( ( #960 ) );
#481 = ADVANCED_FACE( '', ( #961 ), #962, .T. );
#482 = PRESENTATION_STYLE_ASSIGNMENT( ( #963 ) );
#483 = ADVANCED_FACE( '', ( #964 ), #965, .F. );
#484 = PRESENTATION_STYLE_ASSIGNMENT( ( #966 ) );
#485 = ADVANCED_FACE( '', ( #967 ), #968, .T. );
#486 = PRESENTATION_STYLE_ASSIGNMENT( ( #969 ) );
#487 = ADVANCED_FACE( '', ( #970 ), #971, .F. );
#488 = PRESENTATION_STYLE_ASSIGNMENT( ( #972 ) );
#489 = ADVANCED_FACE( '', ( #973, #974 ), #975, .F. );
#490 = PRESENTATION_STYLE_ASSIGNMENT( ( #976 ) );
#491 = ADVANCED_FACE( '', ( #977, #978 ), #979, .F. );
#492 = PRESENTATION_STYLE_ASSIGNMENT( ( #980 ) );
#493 = ADVANCED_FACE( '', ( #981 ), #982, .T. );
#494 = PRESENTATION_STYLE_ASSIGNMENT( ( #983 ) );
#495 = ADVANCED_FACE( '', ( #984 ), #985, .F. );
#496 = PRESENTATION_STYLE_ASSIGNMENT( ( #986 ) );
#497 = ADVANCED_FACE( '', ( #987 ), #988, .T. );
#498 = PRESENTATION_STYLE_ASSIGNMENT( ( #989 ) );
#499 = ADVANCED_FACE( '', ( #990, #991 ), #992, .F. );
#500 = PRESENTATION_STYLE_ASSIGNMENT( ( #993 ) );
#501 = ADVANCED_FACE( '', ( #994 ), #995, .F. );
#502 = PRESENTATION_STYLE_ASSIGNMENT( ( #996 ) );
#503 = ADVANCED_FACE( '', ( #997 ), #998, .T. );
#504 = PRESENTATION_STYLE_ASSIGNMENT( ( #999 ) );
#505 = ADVANCED_FACE( '', ( #1000 ), #1001, .T. );
#506 = PRESENTATION_STYLE_ASSIGNMENT( ( #1002 ) );
#507 = ADVANCED_FACE( '', ( #1003 ), #1004, .F. );
#508 = PRESENTATION_STYLE_ASSIGNMENT( ( #1005 ) );
#509 = ADVANCED_FACE( '', ( #1006 ), #1007, .F. );
#510 = PRESENTATION_STYLE_ASSIGNMENT( ( #1008 ) );
#511 = ADVANCED_FACE( '', ( #1009 ), #1010, .T. );
#512 = PRESENTATION_STYLE_ASSIGNMENT( ( #1011 ) );
#513 = ADVANCED_FACE( '', ( #1012 ), #1013, .T. );
#514 = PRESENTATION_STYLE_ASSIGNMENT( ( #1014 ) );
#515 = ADVANCED_FACE( '', ( #1015 ), #1016, .T. );
#516 = PRESENTATION_STYLE_ASSIGNMENT( ( #1017 ) );
#517 = ADVANCED_FACE( '', ( #1018 ), #1019, .T. );
#518 = PRESENTATION_STYLE_ASSIGNMENT( ( #1020 ) );
#519 = ADVANCED_FACE( '', ( #1021 ), #1022, .F. );
#520 = PRESENTATION_STYLE_ASSIGNMENT( ( #1023 ) );
#521 = ADVANCED_FACE( '', ( #1024 ), #1025, .T. );
#522 = PRESENTATION_STYLE_ASSIGNMENT( ( #1026 ) );
#523 = ADVANCED_FACE( '', ( #1027 ), #1028, .F. );
#524 = PRESENTATION_STYLE_ASSIGNMENT( ( #1029 ) );
#525 = ADVANCED_FACE( '', ( #1030 ), #1031, .F. );
#526 = PRESENTATION_STYLE_ASSIGNMENT( ( #1032 ) );
#527 = ADVANCED_FACE( '', ( #1033, #1034 ), #1035, .F. );
#528 = PRESENTATION_STYLE_ASSIGNMENT( ( #1036 ) );
#529 = ADVANCED_FACE( '', ( #1037 ), #1038, .F. );
#530 = PRESENTATION_STYLE_ASSIGNMENT( ( #1039 ) );
#531 = ADVANCED_FACE( '', ( #1040 ), #1041, .F. );
#532 = PRESENTATION_STYLE_ASSIGNMENT( ( #1042 ) );
#533 = ADVANCED_FACE( '', ( #1043 ), #1044, .T. );
#534 = PRESENTATION_STYLE_ASSIGNMENT( ( #1045 ) );
#535 = ADVANCED_FACE( '', ( #1046 ), #1047, .T. );
#536 = PRESENTATION_STYLE_ASSIGNMENT( ( #1048 ) );
#537 = ADVANCED_FACE( '', ( #1049 ), #1050, .F. );
#538 = PRESENTATION_STYLE_ASSIGNMENT( ( #1051 ) );
#539 = ADVANCED_FACE( '', ( #1052 ), #1053, .T. );
#540 = PRESENTATION_STYLE_ASSIGNMENT( ( #1054 ) );
#541 = ADVANCED_FACE( '', ( #1055 ), #1056, .T. );
#542 = PRESENTATION_STYLE_ASSIGNMENT( ( #1057 ) );
#543 = ADVANCED_FACE( '', ( #1058 ), #1059, .F. );
#544 = PRESENTATION_STYLE_ASSIGNMENT( ( #1060 ) );
#545 = ADVANCED_FACE( '', ( #1061 ), #1062, .T. );
#546 = PRESENTATION_STYLE_ASSIGNMENT( ( #1063 ) );
#547 = ADVANCED_FACE( '', ( #1064 ), #1065, .T. );
#548 = PRESENTATION_STYLE_ASSIGNMENT( ( #1066 ) );
#549 = ADVANCED_FACE( '', ( #1067 ), #1068, .F. );
#550 = PRESENTATION_STYLE_ASSIGNMENT( ( #1069 ) );
#551 = ADVANCED_FACE( '', ( #1070 ), #1071, .T. );
#552 = PRESENTATION_STYLE_ASSIGNMENT( ( #1072 ) );
#553 = ADVANCED_FACE( '', ( #1073, #1074 ), #1075, .T. );
#554 = PRESENTATION_STYLE_ASSIGNMENT( ( #1076 ) );
#555 = ADVANCED_FACE( '', ( #1077 ), #1078, .F. );
#556 = PRESENTATION_STYLE_ASSIGNMENT( ( #1079 ) );
#557 = ADVANCED_FACE( '', ( #1080 ), #1081, .F. );
#558 = PRESENTATION_STYLE_ASSIGNMENT( ( #1082 ) );
#559 = ADVANCED_FACE( '', ( #1083, #1084, #1085, #1086 ), #1087, .F. );
#560 = PRESENTATION_STYLE_ASSIGNMENT( ( #1088 ) );
#561 = ADVANCED_FACE( '', ( #1089, #1090 ), #1091, .F. );
#562 = PRESENTATION_STYLE_ASSIGNMENT( ( #1092 ) );
#563 = ADVANCED_FACE( '', ( #1093 ), #1094, .T. );
#564 = PRESENTATION_STYLE_ASSIGNMENT( ( #1095 ) );
#565 = ADVANCED_FACE( '', ( #1096 ), #1097, .F. );
#566 = PRESENTATION_STYLE_ASSIGNMENT( ( #1098 ) );
#567 = ADVANCED_FACE( '', ( #1099 ), #1100, .T. );
#568 = PRESENTATION_STYLE_ASSIGNMENT( ( #1101 ) );
#569 = ADVANCED_FACE( '', ( #1102 ), #1103, .T. );
#570 = PRESENTATION_STYLE_ASSIGNMENT( ( #1104 ) );
#571 = ADVANCED_FACE( '', ( #1105 ), #1106, .F. );
#572 = PRESENTATION_STYLE_ASSIGNMENT( ( #1107 ) );
#573 = ADVANCED_FACE( '', ( #1108 ), #1109, .F. );
#574 = PRESENTATION_STYLE_ASSIGNMENT( ( #1110 ) );
#575 = ADVANCED_FACE( '', ( #1111 ), #1112, .T. );
#576 = PRESENTATION_STYLE_ASSIGNMENT( ( #1113 ) );
#577 = ADVANCED_FACE( '', ( #1114 ), #1115, .T. );
#578 = PRESENTATION_STYLE_ASSIGNMENT( ( #1116 ) );
#579 = ADVANCED_FACE( '', ( #1117 ), #1118, .T. );
#580 = PRESENTATION_STYLE_ASSIGNMENT( ( #1119 ) );
#581 = ADVANCED_FACE( '', ( #1120 ), #1121, .T. );
#582 = PRESENTATION_STYLE_ASSIGNMENT( ( #1122 ) );
#583 = ADVANCED_FACE( '', ( #1123 ), #1124, .F. );
#584 = PRESENTATION_STYLE_ASSIGNMENT( ( #1125 ) );
#585 = ADVANCED_FACE( '', ( #1126 ), #1127, .F. );
#586 = PRESENTATION_STYLE_ASSIGNMENT( ( #1128 ) );
#587 = ADVANCED_FACE( '', ( #1129, #1130 ), #1131, .F. );
#588 = PRESENTATION_STYLE_ASSIGNMENT( ( #1132 ) );
#589 = ADVANCED_FACE( '', ( #1133, #1134 ), #1135, .F. );
#590 = PRESENTATION_STYLE_ASSIGNMENT( ( #1136 ) );
#591 = ADVANCED_FACE( '', ( #1137 ), #1138, .F. );
#592 = PRESENTATION_STYLE_ASSIGNMENT( ( #1139 ) );
#593 = ADVANCED_FACE( '', ( #1140, #1141 ), #1142, .T. );
#594 = PRESENTATION_STYLE_ASSIGNMENT( ( #1143 ) );
#595 = ADVANCED_FACE( '', ( #1144, #1145 ), #1146, .T. );
#596 = PRESENTATION_STYLE_ASSIGNMENT( ( #1147 ) );
#597 = ADVANCED_FACE( '', ( #1148 ), #1149, .T. );
#598 = PRESENTATION_STYLE_ASSIGNMENT( ( #1150 ) );
#599 = ADVANCED_FACE( '', ( #1151 ), #1152, .F. );
#600 = PRESENTATION_STYLE_ASSIGNMENT( ( #1153 ) );
#601 = ADVANCED_FACE( '', ( #1154 ), #1155, .F. );
#602 = PRESENTATION_STYLE_ASSIGNMENT( ( #1156 ) );
#603 = ADVANCED_FACE( '', ( #1157 ), #1158, .T. );
#604 = PRESENTATION_STYLE_ASSIGNMENT( ( #1159 ) );
#605 = ADVANCED_FACE( '', ( #1160 ), #1161, .F. );
#606 = PRESENTATION_STYLE_ASSIGNMENT( ( #1162 ) );
#607 = ADVANCED_FACE( '', ( #1163, #1164 ), #1165, .F. );
#608 = PRESENTATION_STYLE_ASSIGNMENT( ( #1166 ) );
#609 = ADVANCED_FACE( '', ( #1167 ), #1168, .T. );
#610 = PRESENTATION_STYLE_ASSIGNMENT( ( #1169 ) );
#611 = ADVANCED_FACE( '', ( #1170 ), #1171, .F. );
#612 = PRESENTATION_STYLE_ASSIGNMENT( ( #1172 ) );
#613 = ADVANCED_FACE( '', ( #1173 ), #1174, .T. );
#614 = PRESENTATION_STYLE_ASSIGNMENT( ( #1175 ) );
#615 = ADVANCED_FACE( '', ( #1176, #1177 ), #1178, .F. );
#616 = PRESENTATION_STYLE_ASSIGNMENT( ( #1179 ) );
#617 = ADVANCED_FACE( '', ( #1180 ), #1181, .T. );
#618 = PRESENTATION_STYLE_ASSIGNMENT( ( #1182 ) );
#619 = ADVANCED_FACE( '', ( #1183 ), #1184, .T. );
#620 = PRESENTATION_STYLE_ASSIGNMENT( ( #1185 ) );
#621 = ADVANCED_FACE( '', ( #1186 ), #1187, .T. );
#622 = PRESENTATION_STYLE_ASSIGNMENT( ( #1188 ) );
#623 = ADVANCED_FACE( '', ( #1189 ), #1190, .T. );
#624 = PRESENTATION_STYLE_ASSIGNMENT( ( #1191 ) );
#625 = ADVANCED_FACE( '', ( #1192 ), #1193, .T. );
#626 = PRESENTATION_STYLE_ASSIGNMENT( ( #1194 ) );
#627 = ADVANCED_FACE( '', ( #1195 ), #1196, .T. );
#628 = PRESENTATION_STYLE_ASSIGNMENT( ( #1197 ) );
#629 = ADVANCED_FACE( '', ( #1198 ), #1199, .F. );
#630 = PRESENTATION_STYLE_ASSIGNMENT( ( #1200 ) );
#631 = ADVANCED_FACE( '', ( #1201 ), #1202, .T. );
#632 = PRESENTATION_STYLE_ASSIGNMENT( ( #1203 ) );
#633 = ADVANCED_FACE( '', ( #1204 ), #1205, .T. );
#634 = PRESENTATION_STYLE_ASSIGNMENT( ( #1206 ) );
#635 = ADVANCED_FACE( '', ( #1207 ), #1208, .F. );
#636 = PRESENTATION_STYLE_ASSIGNMENT( ( #1209 ) );
#637 = ADVANCED_FACE( '', ( #1210 ), #1211, .T. );
#638 = PRESENTATION_STYLE_ASSIGNMENT( ( #1212 ) );
#639 = ADVANCED_FACE( '', ( #1213 ), #1214, .T. );
#642 = LENGTH_MEASURE_WITH_UNIT( LENGTH_MEASURE( 1.00000000000000 ), #1215 );
#645 = DIMENSIONAL_EXPONENTS( 1.00000000000000, 0.000000000000000, 0.000000000000000, 0.000000000000000, 0.000000000000000, 0.000000000000000, 0.000000000000000 );
#647 = DIMENSIONAL_EXPONENTS( 0.000000000000000, 0.000000000000000, 0.000000000000000, 0.000000000000000, 0.000000000000000, 0.000000000000000, 0.000000000000000 );
#653 = PRODUCT_CONTEXT( '', #32, 'mechanical' );
#654 = PRODUCT_DEFINITION_FORMATION_WITH_SPECIFIED_SOURCE( ' ', 'NONE', #242, .NOT_KNOWN. );
#655 = CARTESIAN_POINT( '', ( 0.000000000000000, 0.000000000000000, 0.000000000000000 ) );
#656 = DIRECTION( '', ( 0.000000000000000, 0.000000000000000, 1.00000000000000 ) );
#657 = DIRECTION( '', ( 1.00000000000000, 0.000000000000000, 0.000000000000000 ) );
#658 = CARTESIAN_POINT( '', ( 0.000000000000000, 0.000000000000000, 0.000000000000000 ) );
#659 = DIRECTION( '', ( 0.000000000000000, 0.000000000000000, 1.00000000000000 ) );
#660 = DIRECTION( '', ( 1.00000000000000, 0.000000000000000, 0.000000000000000 ) );
#661 = CARTESIAN_POINT( '', ( 5.00000000000000, -4.32134705828413E-015, 1.02500000000000 ) );
#662 = DIRECTION( '', ( 1.04083408558608E-017, 1.00000000000000, -4.44089209850063E-016 ) );
#663 = DIRECTION( '', ( -1.00000000000000, 1.04083408558611E-017, 6.10622663543836E-016 ) );
#664 = CARTESIAN_POINT( '', ( 0.000000000000000, -4.32134705828413E-015, 1.02500000000000 ) );
#665 = DIRECTION( '', ( 1.04083408558608E-017, 1.00000000000000, -4.44089209850063E-016 ) );
#666 = DIRECTION( '', ( -1.00000000000000, 1.04083408558611E-017, 6.10622663543836E-016 ) );
#667 = CARTESIAN_POINT( '', ( -5.00000000000000, -4.32134705828413E-015, 1.02500000000000 ) );
#668 = DIRECTION( '', ( 1.04083408558608E-017, 1.00000000000000, -4.44089209850063E-016 ) );
#669 = DIRECTION( '', ( -1.00000000000000, 1.04083408558611E-017, 6.10622663543836E-016 ) );
#670 = CARTESIAN_POINT( '', ( 5.00000000000000, -3.27634963635570E-015, 6.25000000000000 ) );
#671 = DIRECTION( '', ( -7.70503537730223E-016, -5.47273767355058E-016, -1.00000000000000 ) );
#672 = DIRECTION( '', ( -0.958270089485043, -0.285864365737195, 8.94796562438841E-016 ) );
#673 = CARTESIAN_POINT( '', ( 4.33680868994202E-015, -3.27634963635570E-015, 6.25000000000000 ) );
#674 = DIRECTION( '', ( -7.70503537730223E-016, -5.47273767355058E-016, -1.00000000000000 ) );
#675 = DIRECTION( '', ( -0.958270089485043, -0.285864365737195, 8.94796562438841E-016 ) );
#676 = CARTESIAN_POINT( '', ( -5.00000000000000, -3.27634963635570E-015, 6.25000000000000 ) );
#677 = DIRECTION( '', ( -7.70503537730223E-016, -5.47273767355058E-016, -1.00000000000000 ) );
#678 = DIRECTION( '', ( -0.958270089485043, -0.285864365737195, 8.94796562438841E-016 ) );
#679 = CARTESIAN_POINT( '', ( 5.00000000000000, -2.02500000000000, -0.225000000000000 ) );
#680 = DIRECTION( '', ( -6.10830192058559E-016, 1.00000000000000, -6.83611772142546E-017 ) );
#681 = DIRECTION( '', ( -1.00000000000000, -6.10830192058559E-016, 1.80411241501588E-016 ) );
#682 = CARTESIAN_POINT( '', ( -2.60208521396521E-015, -2.02500000000000, -0.225000000000000 ) );
#683 = DIRECTION( '', ( -6.10830192058559E-016, 1.00000000000000, -6.83611772142546E-017 ) );
#684 = DIRECTION( '', ( -1.00000000000000, -6.10830192058559E-016, 1.80411241501588E-016 ) );
#685 = CARTESIAN_POINT( '', ( -5.00000000000000, -2.02500000000000, -0.225000000000000 ) );
#686 = DIRECTION( '', ( -6.10830192058559E-016, 1.00000000000000, -6.83611772142546E-017 ) );
#687 = DIRECTION( '', ( -1.00000000000000, -6.10830192058559E-016, 1.80411241501588E-016 ) );
#690 = UNCERTAINTY_MEASURE_WITH_UNIT( LENGTH_MEASURE( 0.00100000000000000 ), #692, '', '' );
#692 =  ( CONVERSION_BASED_UNIT( 'MILLIMETRE', #1218 )LENGTH_UNIT(  )NAMED_UNIT( #1221 ) );
#693 =  ( NAMED_UNIT( #1223 )PLANE_ANGLE_UNIT(  )SI_UNIT( $, .RADIAN. ) );
#694 =  ( NAMED_UNIT( #1223 )SI_UNIT( $, .STERADIAN. )SOLID_ANGLE_UNIT(  ) );
#696 = PRODUCT_DEFINITION_FORMATION_WITH_SPECIFIED_SOURCE( ' ', 'NONE', #256, .NOT_KNOWN. );
#697 = CLOSED_SHELL( '', ( #355, #633, #331, #423, #399, #627, #435, #459, #383, #559, #585, #591, #475, #515, #537, #601, #491, #479, #327, #561, #499, #551, #623, #511, #525, #409, #597, #449, #617, #395, #599, #429, #387, #413, #417, #365, #565, #609, #367, #401, #371, #523, #381, #467, #571, #461, #443, #357, #385, #545, #621, #505, #451, #507, #481, #463, #359, #625, #509, #579, #345, #347, #615, #587, #483, #369, #533, #613, #431, #583, #493, #485, #567, #335, #321, #471, #607, #445, #589, #535, #473, #575, #403, #411, #539, #329, #361, #353, #603, #377, #581, #427, #495, #469, #611, #527, #477, #489, #639, #547, #541, #375, #439, #425, #405, #503, #637, #323, #433, #407 ) );
#698 = PRODUCT_DEFINITION_FORMATION_WITH_SPECIFIED_SOURCE( ' ', 'NONE', #264, .NOT_KNOWN. );
#699 = CLOSED_SHELL( '', ( #363, #441, #341, #631, #457, #349, #593, #421, #553, #339, #543, #577 ) );
#700 = PRODUCT_DEFINITION_FORMATION_WITH_SPECIFIED_SOURCE( ' ', 'NONE', #282, .NOT_KNOWN. );
#701 = CLOSED_SHELL( '', ( #319, #517, #389, #351, #397, #415, #595, #549, #455 ) );
#702 = PRODUCT_DEFINITION_FORMATION_WITH_SPECIFIED_SOURCE( ' ', 'NONE', #300, .NOT_KNOWN. );
#703 = CLOSED_SHELL( '', ( #343, #629, #453, #513, #373, #447, #519, #563, #391, #605, #635, #529, #555, #497, #557, #569, #465, #501, #531, #437, #379, #419, #393, #521, #619, #487, #337, #333, #573, #325 ) );
#704 = SURFACE_STYLE_USAGE( .BOTH., #1229 );
#705 = FACE_OUTER_BOUND( '', #1230, .T. );
#706 = FACE_OUTER_BOUND( '', #1231, .T. );
#707 = CYLINDRICAL_SURFACE( '', #1232, 1.85000000000000 );
#708 = SURFACE_STYLE_USAGE( .BOTH., #1233 );
#709 = FACE_OUTER_BOUND( '', #1234, .T. );
#710 = FACE_OUTER_BOUND( '', #1235, .T. );
#711 = CYLINDRICAL_SURFACE( '', #1236, 1.50000000000000 );
#712 = SURFACE_STYLE_USAGE( .BOTH., #1237 );
#713 = FACE_OUTER_BOUND( '', #1238, .T. );
#714 = PLANE( '', #1239 );
#715 = SURFACE_STYLE_USAGE( .BOTH., #1240 );
#716 = FACE_OUTER_BOUND( '', #1241, .T. );
#717 = PLANE( '', #1242 );
#718 = SURFACE_STYLE_USAGE( .BOTH., #1243 );
#719 = FACE_OUTER_BOUND( '', #1244, .T. );
#720 = PLANE( '', #1245 );
#721 = SURFACE_STYLE_USAGE( .BOTH., #1246 );
#722 = FACE_OUTER_BOUND( '', #1247, .T. );
#723 = PLANE( '', #1248 );
#724 = SURFACE_STYLE_USAGE( .BOTH., #1249 );
#725 = FACE_OUTER_BOUND( '', #1250, .T. );
#726 = PLANE( '', #1251 );
#727 = SURFACE_STYLE_USAGE( .BOTH., #1252 );
#728 = FACE_OUTER_BOUND( '', #1253, .T. );
#729 = PLANE( '', #1254 );
#730 = SURFACE_STYLE_USAGE( .BOTH., #1255 );
#731 = FACE_OUTER_BOUND( '', #1256, .T. );
#732 = PLANE( '', #1257 );
#733 = SURFACE_STYLE_USAGE( .BOTH., #1258 );
#734 = FACE_OUTER_BOUND( '', #1259, .T. );
#735 = PLANE( '', #1260 );
#736 = SURFACE_STYLE_USAGE( .BOTH., #1261 );
#737 = FACE_OUTER_BOUND( '', #1262, .T. );
#738 = PLANE( '', #1263 );
#739 = SURFACE_STYLE_USAGE( .BOTH., #1264 );
#740 = FACE_OUTER_BOUND( '', #1265, .T. );
#741 = FACE_OUTER_BOUND( '', #1266, .T. );
#742 = CYLINDRICAL_SURFACE( '', #1267, 1.40000000000000 );
#743 = SURFACE_STYLE_USAGE( .BOTH., #1268 );
#744 = FACE_OUTER_BOUND( '', #1269, .T. );
#745 = PLANE( '', #1270 );
#746 = SURFACE_STYLE_USAGE( .BOTH., #1271 );
#747 = FACE_OUTER_BOUND( '', #1272, .T. );
#748 = PLANE( '', #1273 );
#749 = SURFACE_STYLE_USAGE( .BOTH., #1274 );
#750 = FACE_OUTER_BOUND( '', #1275, .T. );
#751 = PLANE( '', #1276 );
#752 = SURFACE_STYLE_USAGE( .BOTH., #1277 );
#753 = FACE_OUTER_BOUND( '', #1278, .T. );
#754 = PLANE( '', #1279 );
#755 = SURFACE_STYLE_USAGE( .BOTH., #1280 );
#756 = FACE_OUTER_BOUND( '', #1281, .T. );
#757 = PLANE( '', #1282 );
#758 = SURFACE_STYLE_USAGE( .BOTH., #1283 );
#759 = FACE_OUTER_BOUND( '', #1284, .T. );
#760 = PLANE( '', #1285 );
#761 = SURFACE_STYLE_USAGE( .BOTH., #1286 );
#762 = FACE_OUTER_BOUND( '', #1287, .T. );
#763 = PLANE( '', #1288 );
#764 = SURFACE_STYLE_USAGE( .BOTH., #1289 );
#765 = FACE_OUTER_BOUND( '', #1290, .T. );
#766 = PLANE( '', #1291 );
#767 = SURFACE_STYLE_USAGE( .BOTH., #1292 );
#768 = FACE_OUTER_BOUND( '', #1293, .T. );
#769 = PLANE( '', #1294 );
#770 = SURFACE_STYLE_USAGE( .BOTH., #1295 );
#771 = FACE_OUTER_BOUND( '', #1296, .T. );
#772 = PLANE( '', #1297 );
#773 = SURFACE_STYLE_USAGE( .BOTH., #1298 );
#774 = FACE_OUTER_BOUND( '', #1299, .T. );
#775 = FACE_BOUND( '', #1300, .T. );
#776 = PLANE( '', #1301 );
#777 = SURFACE_STYLE_USAGE( .BOTH., #1302 );
#778 = FACE_OUTER_BOUND( '', #1303, .T. );
#779 = PLANE( '', #1304 );
#780 = SURFACE_STYLE_USAGE( .BOTH., #1305 );
#781 = FACE_OUTER_BOUND( '', #1306, .T. );
#782 = PLANE( '', #1307 );
#783 = SURFACE_STYLE_USAGE( .BOTH., #1308 );
#784 = FACE_OUTER_BOUND( '', #1309, .T. );
#785 = PLANE( '', #1310 );
#786 = SURFACE_STYLE_USAGE( .BOTH., #1311 );
#787 = FACE_OUTER_BOUND( '', #1312, .T. );
#788 = PLANE( '', #1313 );
#789 = SURFACE_STYLE_USAGE( .BOTH., #1314 );
#790 = FACE_OUTER_BOUND( '', #1315, .T. );
#791 = CYLINDRICAL_SURFACE( '', #1316, 0.510000000000000 );
#792 = SURFACE_STYLE_USAGE( .BOTH., #1317 );
#793 = FACE_OUTER_BOUND( '', #1318, .T. );
#794 = PLANE( '', #1319 );
#795 = SURFACE_STYLE_USAGE( .BOTH., #1320 );
#796 = FACE_OUTER_BOUND( '', #1321, .T. );
#797 = PLANE( '', #1322 );
#798 = SURFACE_STYLE_USAGE( .BOTH., #1323 );
#799 = FACE_OUTER_BOUND( '', #1324, .T. );
#800 = PLANE( '', #1325 );
#801 = SURFACE_STYLE_USAGE( .BOTH., #1326 );
#802 = FACE_OUTER_BOUND( '', #1327, .T. );
#803 = PLANE( '', #1328 );
#804 = SURFACE_STYLE_USAGE( .BOTH., #1329 );
#805 = FACE_OUTER_BOUND( '', #1330, .T. );
#806 = PLANE( '', #1331 );
#807 = SURFACE_STYLE_USAGE( .BOTH., #1332 );
#808 = FACE_OUTER_BOUND( '', #1333, .T. );
#809 = PLANE( '', #1334 );
#810 = SURFACE_STYLE_USAGE( .BOTH., #1335 );
#811 = FACE_OUTER_BOUND( '', #1336, .T. );
#812 = PLANE( '', #1337 );
#813 = SURFACE_STYLE_USAGE( .BOTH., #1338 );
#814 = FACE_OUTER_BOUND( '', #1339, .T. );
#815 = PLANE( '', #1340 );
#816 = SURFACE_STYLE_USAGE( .BOTH., #1341 );
#817 = FACE_OUTER_BOUND( '', #1342, .T. );
#818 = PLANE( '', #1343 );
#819 = SURFACE_STYLE_USAGE( .BOTH., #1344 );
#820 = FACE_OUTER_BOUND( '', #1345, .T. );
#821 = PLANE( '', #1346 );
#822 = SURFACE_STYLE_USAGE( .BOTH., #1347 );
#823 = FACE_OUTER_BOUND( '', #1348, .T. );
#824 = PLANE( '', #1349 );
#825 = SURFACE_STYLE_USAGE( .BOTH., #1350 );
#826 = FACE_OUTER_BOUND( '', #1351, .T. );
#827 = PLANE( '', #1352 );
#828 = SURFACE_STYLE_USAGE( .BOTH., #1353 );
#829 = FACE_OUTER_BOUND( '', #1354, .T. );
#830 = PLANE( '', #1355 );
#831 = SURFACE_STYLE_USAGE( .BOTH., #1356 );
#832 = FACE_OUTER_BOUND( '', #1357, .T. );
#833 = PLANE( '', #1358 );
#834 = SURFACE_STYLE_USAGE( .BOTH., #1359 );
#835 = FACE_OUTER_BOUND( '', #1360, .T. );
#836 = PLANE( '', #1361 );
#837 = SURFACE_STYLE_USAGE( .BOTH., #1362 );
#838 = FACE_OUTER_BOUND( '', #1363, .T. );
#839 = PLANE( '', #1364 );
#840 = SURFACE_STYLE_USAGE( .BOTH., #1365 );
#841 = FACE_OUTER_BOUND( '', #1366, .T. );
#842 = PLANE( '', #1367 );
#843 = SURFACE_STYLE_USAGE( .BOTH., #1368 );
#844 = FACE_OUTER_BOUND( '', #1369, .T. );
#845 = PLANE( '', #1370 );
#846 = SURFACE_STYLE_USAGE( .BOTH., #1371 );
#847 = FACE_OUTER_BOUND( '', #1372, .T. );
#848 = PLANE( '', #1373 );
#849 = SURFACE_STYLE_USAGE( .BOTH., #1374 );
#850 = FACE_OUTER_BOUND( '', #1375, .T. );
#851 = FACE_OUTER_BOUND( '', #1376, .T. );
#852 = CYLINDRICAL_SURFACE( '', #1377, 1.85000000000000 );
#853 = SURFACE_STYLE_USAGE( .BOTH., #1378 );
#854 = FACE_BOUND( '', #1379, .T. );
#855 = FACE_OUTER_BOUND( '', #1380, .T. );
#856 = PLANE( '', #1381 );
#857 = SURFACE_STYLE_USAGE( .BOTH., #1382 );
#858 = FACE_OUTER_BOUND( '', #1383, .T. );
#859 = PLANE( '', #1384 );
#860 = SURFACE_STYLE_USAGE( .BOTH., #1385 );
#861 = FACE_OUTER_BOUND( '', #1386, .T. );
#862 = PLANE( '', #1387 );
#863 = SURFACE_STYLE_USAGE( .BOTH., #1388 );
#864 = FACE_OUTER_BOUND( '', #1389, .T. );
#865 = PLANE( '', #1390 );
#866 = SURFACE_STYLE_USAGE( .BOTH., #1391 );
#867 = FACE_OUTER_BOUND( '', #1392, .T. );
#868 = PLANE( '', #1393 );
#869 = SURFACE_STYLE_USAGE( .BOTH., #1394 );
#870 = FACE_OUTER_BOUND( '', #1395, .T. );
#871 = PLANE( '', #1396 );
#872 = SURFACE_STYLE_USAGE( .BOTH., #1397 );
#873 = FACE_OUTER_BOUND( '', #1398, .T. );
#874 = PLANE( '', #1399 );
#875 = SURFACE_STYLE_USAGE( .BOTH., #1400 );
#876 = FACE_OUTER_BOUND( '', #1401, .T. );
#877 = PLANE( '', #1402 );
#878 = SURFACE_STYLE_USAGE( .BOTH., #1403 );
#879 = FACE_OUTER_BOUND( '', #1404, .T. );
#880 = PLANE( '', #1405 );
#881 = SURFACE_STYLE_USAGE( .BOTH., #1406 );
#882 = FACE_OUTER_BOUND( '', #1407, .T. );
#883 = PLANE( '', #1408 );
#884 = SURFACE_STYLE_USAGE( .BOTH., #1409 );
#885 = FACE_OUTER_BOUND( '', #1410, .T. );
#886 = PLANE( '', #1411 );
#887 = SURFACE_STYLE_USAGE( .BOTH., #1412 );
#888 = FACE_OUTER_BOUND( '', #1413, .T. );
#889 = CYLINDRICAL_SURFACE( '', #1414, 0.510000000000000 );
#890 = SURFACE_STYLE_USAGE( .BOTH., #1415 );
#891 = FACE_OUTER_BOUND( '', #1416, .T. );
#892 = PLANE( '', #1417 );
#893 = SURFACE_STYLE_USAGE( .BOTH., #1418 );
#894 = FACE_OUTER_BOUND( '', #1419, .T. );
#895 = PLANE( '', #1420 );
#896 = SURFACE_STYLE_USAGE( .BOTH., #1421 );
#897 = FACE_OUTER_BOUND( '', #1422, .T. );
#898 = PLANE( '', #1423 );
#899 = SURFACE_STYLE_USAGE( .BOTH., #1424 );
#900 = FACE_OUTER_BOUND( '', #1425, .T. );
#901 = PLANE( '', #1426 );
#902 = SURFACE_STYLE_USAGE( .BOTH., #1427 );
#903 = FACE_OUTER_BOUND( '', #1428, .T. );
#904 = PLANE( '', #1429 );
#905 = SURFACE_STYLE_USAGE( .BOTH., #1430 );
#906 = FACE_OUTER_BOUND( '', #1431, .T. );
#907 = FACE_OUTER_BOUND( '', #1432, .T. );
#908 = CYLINDRICAL_SURFACE( '', #1433, 1.85000000000000 );
#909 = SURFACE_STYLE_USAGE( .BOTH., #1434 );
#910 = FACE_OUTER_BOUND( '', #1435, .T. );
#911 = PLANE( '', #1436 );
#912 = SURFACE_STYLE_USAGE( .BOTH., #1437 );
#913 = FACE_OUTER_BOUND( '', #1438, .T. );
#914 = PLANE( '', #1439 );
#915 = SURFACE_STYLE_USAGE( .BOTH., #1440 );
#916 = FACE_OUTER_BOUND( '', #1441, .T. );
#917 = PLANE( '', #1442 );
#918 = SURFACE_STYLE_USAGE( .BOTH., #1443 );
#919 = FACE_OUTER_BOUND( '', #1444, .T. );
#920 = PLANE( '', #1445 );
#921 = SURFACE_STYLE_USAGE( .BOTH., #1446 );
#922 = FACE_OUTER_BOUND( '', #1447, .T. );
#923 = PLANE( '', #1448 );
#924 = SURFACE_STYLE_USAGE( .BOTH., #1449 );
#925 = FACE_OUTER_BOUND( '', #1450, .T. );
#926 = PLANE( '', #1451 );
#927 = SURFACE_STYLE_USAGE( .BOTH., #1452 );
#928 = FACE_OUTER_BOUND( '', #1453, .T. );
#929 = PLANE( '', #1454 );
#930 = SURFACE_STYLE_USAGE( .BOTH., #1455 );
#931 = FACE_OUTER_BOUND( '', #1456, .T. );
#932 = PLANE( '', #1457 );
#933 = SURFACE_STYLE_USAGE( .BOTH., #1458 );
#934 = FACE_OUTER_BOUND( '', #1459, .T. );
#935 = PLANE( '', #1460 );
#936 = SURFACE_STYLE_USAGE( .BOTH., #1461 );
#937 = FACE_OUTER_BOUND( '', #1462, .T. );
#938 = PLANE( '', #1463 );
#939 = SURFACE_STYLE_USAGE( .BOTH., #1464 );
#940 = FACE_OUTER_BOUND( '', #1465, .T. );
#941 = PLANE( '', #1466 );
#942 = SURFACE_STYLE_USAGE( .BOTH., #1467 );
#943 = FACE_OUTER_BOUND( '', #1468, .T. );
#944 = PLANE( '', #1469 );
#945 = SURFACE_STYLE_USAGE( .BOTH., #1470 );
#946 = FACE_BOUND( '', #1471, .T. );
#947 = FACE_BOUND( '', #1472, .T. );
#948 = FACE_BOUND( '', #1473, .T. );
#949 = FACE_OUTER_BOUND( '', #1474, .T. );
#950 = PLANE( '', #1475 );
#951 = SURFACE_STYLE_USAGE( .BOTH., #1476 );
#952 = FACE_OUTER_BOUND( '', #1477, .T. );
#953 = PLANE( '', #1478 );
#954 = SURFACE_STYLE_USAGE( .BOTH., #1479 );
#955 = FACE_OUTER_BOUND( '', #1480, .T. );
#956 = FACE_BOUND( '', #1481, .T. );
#957 = FACE_BOUND( '', #1482, .T. );
#958 = FACE_BOUND( '', #1483, .T. );
#959 = PLANE( '', #1484 );
#960 = SURFACE_STYLE_USAGE( .BOTH., #1485 );
#961 = FACE_OUTER_BOUND( '', #1486, .T. );
#962 = PLANE( '', #1487 );
#963 = SURFACE_STYLE_USAGE( .BOTH., #1488 );
#964 = FACE_OUTER_BOUND( '', #1489, .T. );
#965 = PLANE( '', #1490 );
#966 = SURFACE_STYLE_USAGE( .BOTH., #1491 );
#967 = FACE_OUTER_BOUND( '', #1492, .T. );
#968 = PLANE( '', #1493 );
#969 = SURFACE_STYLE_USAGE( .BOTH., #1494 );
#970 = FACE_OUTER_BOUND( '', #1495, .T. );
#971 = PLANE( '', #1496 );
#972 = SURFACE_STYLE_USAGE( .BOTH., #1497 );
#973 = FACE_OUTER_BOUND( '', #1498, .T. );
#974 = FACE_BOUND( '', #1499, .T. );
#975 = PLANE( '', #1500 );
#976 = SURFACE_STYLE_USAGE( .BOTH., #1501 );
#977 = FACE_OUTER_BOUND( '', #1502, .T. );
#978 = FACE_OUTER_BOUND( '', #1503, .T. );
#979 = CYLINDRICAL_SURFACE( '', #1504, 1.85000000000000 );
#980 = SURFACE_STYLE_USAGE( .BOTH., #1505 );
#981 = FACE_OUTER_BOUND( '', #1506, .T. );
#982 = PLANE( '', #1507 );
#983 = SURFACE_STYLE_USAGE( .BOTH., #1508 );
#984 = FACE_OUTER_BOUND( '', #1509, .T. );
#985 = PLANE( '', #1510 );
#986 = SURFACE_STYLE_USAGE( .BOTH., #1511 );
#987 = FACE_OUTER_BOUND( '', #1512, .T. );
#988 = PLANE( '', #1513 );
#989 = SURFACE_STYLE_USAGE( .BOTH., #1514 );
#990 = FACE_OUTER_BOUND( '', #1515, .T. );
#991 = FACE_BOUND( '', #1516, .T. );
#992 = PLANE( '', #1517 );
#993 = SURFACE_STYLE_USAGE( .BOTH., #1518 );
#994 = FACE_OUTER_BOUND( '', #1519, .T. );
#995 = CYLINDRICAL_SURFACE( '', #1520, 0.0100000000000000 );
#996 = SURFACE_STYLE_USAGE( .BOTH., #1521 );
#997 = FACE_OUTER_BOUND( '', #1522, .T. );
#998 = PLANE( '', #1523 );
#999 = SURFACE_STYLE_USAGE( .BOTH., #1524 );
#1000 = FACE_OUTER_BOUND( '', #1525, .T. );
#1001 = PLANE( '', #1526 );
#1002 = SURFACE_STYLE_USAGE( .BOTH., #1527 );
#1003 = FACE_OUTER_BOUND( '', #1528, .T. );
#1004 = PLANE( '', #1529 );
#1005 = SURFACE_STYLE_USAGE( .BOTH., #1530 );
#1006 = FACE_OUTER_BOUND( '', #1531, .T. );
#1007 = PLANE( '', #1532 );
#1008 = SURFACE_STYLE_USAGE( .BOTH., #1533 );
#1009 = FACE_OUTER_BOUND( '', #1534, .T. );
#1010 = PLANE( '', #1535 );
#1011 = SURFACE_STYLE_USAGE( .BOTH., #1536 );
#1012 = FACE_OUTER_BOUND( '', #1537, .T. );
#1013 = PLANE( '', #1538 );
#1014 = SURFACE_STYLE_USAGE( .BOTH., #1539 );
#1015 = FACE_OUTER_BOUND( '', #1540, .T. );
#1016 = PLANE( '', #1541 );
#1017 = SURFACE_STYLE_USAGE( .BOTH., #1542 );
#1018 = FACE_OUTER_BOUND( '', #1543, .T. );
#1019 = PLANE( '', #1544 );
#1020 = SURFACE_STYLE_USAGE( .BOTH., #1545 );
#1021 = FACE_OUTER_BOUND( '', #1546, .T. );
#1022 = PLANE( '', #1547 );
#1023 = SURFACE_STYLE_USAGE( .BOTH., #1548 );
#1024 = FACE_OUTER_BOUND( '', #1549, .T. );
#1025 = PLANE( '', #1550 );
#1026 = SURFACE_STYLE_USAGE( .BOTH., #1551 );
#1027 = FACE_OUTER_BOUND( '', #1552, .T. );
#1028 = PLANE( '', #1553 );
#1029 = SURFACE_STYLE_USAGE( .BOTH., #1554 );
#1030 = FACE_OUTER_BOUND( '', #1555, .T. );
#1031 = PLANE( '', #1556 );
#1032 = SURFACE_STYLE_USAGE( .BOTH., #1557 );
#1033 = FACE_OUTER_BOUND( '', #1558, .T. );
#1034 = FACE_OUTER_BOUND( '', #1559, .T. );
#1035 = CYLINDRICAL_SURFACE( '', #1560, 1.50000000000000 );
#1036 = SURFACE_STYLE_USAGE( .BOTH., #1561 );
#1037 = FACE_OUTER_BOUND( '', #1562, .T. );
#1038 = CYLINDRICAL_SURFACE( '', #1563, 0.0100000000000000 );
#1039 = SURFACE_STYLE_USAGE( .BOTH., #1564 );
#1040 = FACE_OUTER_BOUND( '', #1565, .T. );
#1041 = PLANE( '', #1566 );
#1042 = SURFACE_STYLE_USAGE( .BOTH., #1567 );
#1043 = FACE_OUTER_BOUND( '', #1568, .T. );
#1044 = PLANE( '', #1569 );
#1045 = SURFACE_STYLE_USAGE( .BOTH., #1570 );
#1046 = FACE_OUTER_BOUND( '', #1571, .T. );
#1047 = PLANE( '', #1572 );
#1048 = SURFACE_STYLE_USAGE( .BOTH., #1573 );
#1049 = FACE_OUTER_BOUND( '', #1574, .T. );
#1050 = PLANE( '', #1575 );
#1051 = SURFACE_STYLE_USAGE( .BOTH., #1576 );
#1052 = FACE_OUTER_BOUND( '', #1577, .T. );
#1053 = PLANE( '', #1578 );
#1054 = SURFACE_STYLE_USAGE( .BOTH., #1579 );
#1055 = FACE_OUTER_BOUND( '', #1580, .T. );
#1056 = PLANE( '', #1581 );
#1057 = SURFACE_STYLE_USAGE( .BOTH., #1582 );
#1058 = FACE_OUTER_BOUND( '', #1583, .T. );
#1059 = PLANE( '', #1584 );
#1060 = SURFACE_STYLE_USAGE( .BOTH., #1585 );
#1061 = FACE_OUTER_BOUND( '', #1586, .T. );
#1062 = PLANE( '', #1587 );
#1063 = SURFACE_STYLE_USAGE( .BOTH., #1588 );
#1064 = FACE_OUTER_BOUND( '', #1589, .T. );
#1065 = PLANE( '', #1590 );
#1066 = SURFACE_STYLE_USAGE( .BOTH., #1591 );
#1067 = FACE_OUTER_BOUND( '', #1592, .T. );
#1068 = PLANE( '', #1593 );
#1069 = SURFACE_STYLE_USAGE( .BOTH., #1594 );
#1070 = FACE_OUTER_BOUND( '', #1595, .T. );
#1071 = PLANE( '', #1596 );
#1072 = SURFACE_STYLE_USAGE( .BOTH., #1597 );
#1073 = FACE_OUTER_BOUND( '', #1598, .T. );
#1074 = FACE_BOUND( '', #1599, .T. );
#1075 = PLANE( '', #1600 );
#1076 = SURFACE_STYLE_USAGE( .BOTH., #1601 );
#1077 = FACE_OUTER_BOUND( '', #1602, .T. );
#1078 = CYLINDRICAL_SURFACE( '', #1603, 0.0100000000000000 );
#1079 = SURFACE_STYLE_USAGE( .BOTH., #1604 );
#1080 = FACE_OUTER_BOUND( '', #1605, .T. );
#1081 = PLANE( '', #1606 );
#1082 = SURFACE_STYLE_USAGE( .BOTH., #1607 );
#1083 = FACE_BOUND( '', #1608, .T. );
#1084 = FACE_OUTER_BOUND( '', #1609, .T. );
#1085 = FACE_BOUND( '', #1610, .T. );
#1086 = FACE_BOUND( '', #1611, .T. );
#1087 = PLANE( '', #1612 );
#1088 = SURFACE_STYLE_USAGE( .BOTH., #1613 );
#1089 = FACE_OUTER_BOUND( '', #1614, .T. );
#1090 = FACE_BOUND( '', #1615, .T. );
#1091 = PLANE( '', #1616 );
#1092 = SURFACE_STYLE_USAGE( .BOTH., #1617 );
#1093 = FACE_OUTER_BOUND( '', #1618, .T. );
#1094 = PLANE( '', #1619 );
#1095 = SURFACE_STYLE_USAGE( .BOTH., #1620 );
#1096 = FACE_OUTER_BOUND( '', #1621, .T. );
#1097 = PLANE( '', #1622 );
#1098 = SURFACE_STYLE_USAGE( .BOTH., #1623 );
#1099 = FACE_OUTER_BOUND( '', #1624, .T. );
#1100 = PLANE( '', #1625 );
#1101 = SURFACE_STYLE_USAGE( .BOTH., #1626 );
#1102 = FACE_OUTER_BOUND( '', #1627, .T. );
#1103 = CYLINDRICAL_SURFACE( '', #1628, 0.510000000000000 );
#1104 = SURFACE_STYLE_USAGE( .BOTH., #1629 );
#1105 = FACE_OUTER_BOUND( '', #1630, .T. );
#1106 = PLANE( '', #1631 );
#1107 = SURFACE_STYLE_USAGE( .BOTH., #1632 );
#1108 = FACE_OUTER_BOUND( '', #1633, .T. );
#1109 = PLANE( '', #1634 );
#1110 = SURFACE_STYLE_USAGE( .BOTH., #1635 );
#1111 = FACE_OUTER_BOUND( '', #1636, .T. );
#1112 = PLANE( '', #1637 );
#1113 = SURFACE_STYLE_USAGE( .BOTH., #1638 );
#1114 = FACE_OUTER_BOUND( '', #1639, .T. );
#1115 = PLANE( '', #1640 );
#1116 = SURFACE_STYLE_USAGE( .BOTH., #1641 );
#1117 = FACE_OUTER_BOUND( '', #1642, .T. );
#1118 = PLANE( '', #1643 );
#1119 = SURFACE_STYLE_USAGE( .BOTH., #1644 );
#1120 = FACE_OUTER_BOUND( '', #1645, .T. );
#1121 = PLANE( '', #1646 );
#1122 = SURFACE_STYLE_USAGE( .BOTH., #1647 );
#1123 = FACE_OUTER_BOUND( '', #1648, .T. );
#1124 = PLANE( '', #1649 );
#1125 = SURFACE_STYLE_USAGE( .BOTH., #1650 );
#1126 = FACE_OUTER_BOUND( '', #1651, .T. );
#1127 = PLANE( '', #1652 );
#1128 = SURFACE_STYLE_USAGE( .BOTH., #1653 );
#1129 = FACE_OUTER_BOUND( '', #1654, .T. );
#1130 = FACE_BOUND( '', #1655, .T. );
#1131 = PLANE( '', #1656 );
#1132 = SURFACE_STYLE_USAGE( .BOTH., #1657 );
#1133 = FACE_OUTER_BOUND( '', #1658, .T. );
#1134 = FACE_BOUND( '', #1659, .T. );
#1135 = PLANE( '', #1660 );
#1136 = SURFACE_STYLE_USAGE( .BOTH., #1661 );
#1137 = FACE_OUTER_BOUND( '', #1662, .T. );
#1138 = PLANE( '', #1663 );
#1139 = SURFACE_STYLE_USAGE( .BOTH., #1664 );
#1140 = FACE_OUTER_BOUND( '', #1665, .T. );
#1141 = FACE_BOUND( '', #1666, .T. );
#1142 = PLANE( '', #1667 );
#1143 = SURFACE_STYLE_USAGE( .BOTH., #1668 );
#1144 = FACE_OUTER_BOUND( '', #1669, .T. );
#1145 = FACE_OUTER_BOUND( '', #1670, .T. );
#1146 = CYLINDRICAL_SURFACE( '', #1671, 1.40000000000000 );
#1147 = SURFACE_STYLE_USAGE( .BOTH., #1672 );
#1148 = FACE_OUTER_BOUND( '', #1673, .T. );
#1149 = PLANE( '', #1674 );
#1150 = SURFACE_STYLE_USAGE( .BOTH., #1675 );
#1151 = FACE_OUTER_BOUND( '', #1676, .T. );
#1152 = PLANE( '', #1677 );
#1153 = SURFACE_STYLE_USAGE( .BOTH., #1678 );
#1154 = FACE_OUTER_BOUND( '', #1679, .T. );
#1155 = PLANE( '', #1680 );
#1156 = SURFACE_STYLE_USAGE( .BOTH., #1681 );
#1157 = FACE_OUTER_BOUND( '', #1682, .T. );
#1158 = PLANE( '', #1683 );
#1159 = SURFACE_STYLE_USAGE( .BOTH., #1684 );
#1160 = FACE_OUTER_BOUND( '', #1685, .T. );
#1161 = PLANE( '', #1686 );
#1162 = SURFACE_STYLE_USAGE( .BOTH., #1687 );
#1163 = FACE_OUTER_BOUND( '', #1688, .T. );
#1164 = FACE_BOUND( '', #1689, .T. );
#1165 = PLANE( '', #1690 );
#1166 = SURFACE_STYLE_USAGE( .BOTH., #1691 );
#1167 = FACE_OUTER_BOUND( '', #1692, .T. );
#1168 = PLANE( '', #1693 );
#1169 = SURFACE_STYLE_USAGE( .BOTH., #1694 );
#1170 = FACE_OUTER_BOUND( '', #1695, .T. );
#1171 = PLANE( '', #1696 );
#1172 = SURFACE_STYLE_USAGE( .BOTH., #1697 );
#1173 = FACE_OUTER_BOUND( '', #1698, .T. );
#1174 = PLANE( '', #1699 );
#1175 = SURFACE_STYLE_USAGE( .BOTH., #1700 );
#1176 = FACE_OUTER_BOUND( '', #1701, .T. );
#1177 = FACE_OUTER_BOUND( '', #1702, .T. );
#1178 = CYLINDRICAL_SURFACE( '', #1703, 1.50000000000000 );
#1179 = SURFACE_STYLE_USAGE( .BOTH., #1704 );
#1180 = FACE_OUTER_BOUND( '', #1705, .T. );
#1181 = PLANE( '', #1706 );
#1182 = SURFACE_STYLE_USAGE( .BOTH., #1707 );
#1183 = FACE_OUTER_BOUND( '', #1708, .T. );
#1184 = PLANE( '', #1709 );
#1185 = SURFACE_STYLE_USAGE( .BOTH., #1710 );
#1186 = FACE_OUTER_BOUND( '', #1711, .T. );
#1187 = PLANE( '', #1712 );
#1188 = SURFACE_STYLE_USAGE( .BOTH., #1713 );
#1189 = FACE_OUTER_BOUND( '', #1714, .T. );
#1190 = PLANE( '', #1715 );
#1191 = SURFACE_STYLE_USAGE( .BOTH., #1716 );
#1192 = FACE_OUTER_BOUND( '', #1717, .T. );
#1193 = PLANE( '', #1718 );
#1194 = SURFACE_STYLE_USAGE( .BOTH., #1719 );
#1195 = FACE_OUTER_BOUND( '', #1720, .T. );
#1196 = CYLINDRICAL_SURFACE( '', #1721, 0.500000000000000 );
#1197 = SURFACE_STYLE_USAGE( .BOTH., #1722 );
#1198 = FACE_OUTER_BOUND( '', #1723, .T. );
#1199 = PLANE( '', #1724 );
#1200 = SURFACE_STYLE_USAGE( .BOTH., #1725 );
#1201 = FACE_OUTER_BOUND( '', #1726, .T. );
#1202 = PLANE( '', #1727 );
#1203 = SURFACE_STYLE_USAGE( .BOTH., #1728 );
#1204 = FACE_OUTER_BOUND( '', #1729, .T. );
#1205 = PLANE( '', #1730 );
#1206 = SURFACE_STYLE_USAGE( .BOTH., #1731 );
#1207 = FACE_OUTER_BOUND( '', #1732, .T. );
#1208 = PLANE( '', #1733 );
#1209 = SURFACE_STYLE_USAGE( .BOTH., #1734 );
#1210 = FACE_OUTER_BOUND( '', #1735, .T. );
#1211 = PLANE( '', #1736 );
#1212 = SURFACE_STYLE_USAGE( .BOTH., #1737 );
#1213 = FACE_OUTER_BOUND( '', #1738, .T. );
#1214 = PLANE( '', #1739 );
#1215 =  ( LENGTH_UNIT(  )NAMED_UNIT( #645 )SI_UNIT( .MILLI., .METRE. ) );
#1218 = LENGTH_MEASURE_WITH_UNIT( LENGTH_MEASURE( 1.00000000000000 ), #1741 );
#1221 = DIMENSIONAL_EXPONENTS( 1.00000000000000, 0.000000000000000, 0.000000000000000, 0.000000000000000, 0.000000000000000, 0.000000000000000, 0.000000000000000 );
#1223 = DIMENSIONAL_EXPONENTS( 0.000000000000000, 0.000000000000000, 0.000000000000000, 0.000000000000000, 0.000000000000000, 0.000000000000000, 0.000000000000000 );
#1229 = SURFACE_SIDE_STYLE( '', ( #1742 ) );
#1230 = EDGE_LOOP( '', ( #1743 ) );
#1231 = EDGE_LOOP( '', ( #1744, #1745, #1746, #1747, #1748, #1749, #1750, #1751 ) );
#1232 = AXIS2_PLACEMENT_3D( '', #1752, #1753, #1754 );
#1233 = SURFACE_SIDE_STYLE( '', ( #1755 ) );
#1234 = EDGE_LOOP( '', ( #1756 ) );
#1235 = EDGE_LOOP( '', ( #1757 ) );
#1236 = AXIS2_PLACEMENT_3D( '', #1758, #1759, #1760 );
#1237 = SURFACE_SIDE_STYLE( '', ( #1761 ) );
#1238 = EDGE_LOOP( '', ( #1762, #1763, #1764, #1765 ) );
#1239 = AXIS2_PLACEMENT_3D( '', #1766, #1767, #1768 );
#1240 = SURFACE_SIDE_STYLE( '', ( #1769 ) );
#1241 = EDGE_LOOP( '', ( #1770, #1771, #1772, #1773 ) );
#1242 = AXIS2_PLACEMENT_3D( '', #1774, #1775, #1776 );
#1243 = SURFACE_SIDE_STYLE( '', ( #1777 ) );
#1244 = EDGE_LOOP( '', ( #1778, #1779, #1780, #1781, #1782, #1783, #1784, #1785 ) );
#1245 = AXIS2_PLACEMENT_3D( '', #1786, #1787, #1788 );
#1246 = SURFACE_SIDE_STYLE( '', ( #1789 ) );
#1247 = EDGE_LOOP( '', ( #1790, #1791, #1792, #1793 ) );
#1248 = AXIS2_PLACEMENT_3D( '', #1794, #1795, #1796 );
#1249 = SURFACE_SIDE_STYLE( '', ( #1797 ) );
#1250 = EDGE_LOOP( '', ( #1798, #1799, #1800, #1801 ) );
#1251 = AXIS2_PLACEMENT_3D( '', #1802, #1803, #1804 );
#1252 = SURFACE_SIDE_STYLE( '', ( #1805 ) );
#1253 = EDGE_LOOP( '', ( #1806, #1807, #1808, #1809 ) );
#1254 = AXIS2_PLACEMENT_3D( '', #1810, #1811, #1812 );
#1255 = SURFACE_SIDE_STYLE( '', ( #1813 ) );
#1256 = EDGE_LOOP( '', ( #1814, #1815, #1816, #1817 ) );
#1257 = AXIS2_PLACEMENT_3D( '', #1818, #1819, #1820 );
#1258 = SURFACE_SIDE_STYLE( '', ( #1821 ) );
#1259 = EDGE_LOOP( '', ( #1822, #1823, #1824, #1825 ) );
#1260 = AXIS2_PLACEMENT_3D( '', #1826, #1827, #1828 );
#1261 = SURFACE_SIDE_STYLE( '', ( #1829 ) );
#1262 = EDGE_LOOP( '', ( #1830, #1831, #1832, #1833 ) );
#1263 = AXIS2_PLACEMENT_3D( '', #1834, #1835, #1836 );
#1264 = SURFACE_SIDE_STYLE( '', ( #1837 ) );
#1265 = EDGE_LOOP( '', ( #1838 ) );
#1266 = EDGE_LOOP( '', ( #1839, #1840 ) );
#1267 = AXIS2_PLACEMENT_3D( '', #1841, #1842, #1843 );
#1268 = SURFACE_SIDE_STYLE( '', ( #1844 ) );
#1269 = EDGE_LOOP( '', ( #1845, #1846, #1847, #1848, #1849, #1850, #1851, #1852, #1853, #1854 ) );
#1270 = AXIS2_PLACEMENT_3D( '', #1855, #1856, #1857 );
#1271 = SURFACE_SIDE_STYLE( '', ( #1858 ) );
#1272 = EDGE_LOOP( '', ( #1859, #1860, #1861, #1862, #1863, #1864 ) );
#1273 = AXIS2_PLACEMENT_3D( '', #1865, #1866, #1867 );
#1274 = SURFACE_SIDE_STYLE( '', ( #1868 ) );
#1275 = EDGE_LOOP( '', ( #1869, #1870, #1871, #1872 ) );
#1276 = AXIS2_PLACEMENT_3D( '', #1873, #1874, #1875 );
#1277 = SURFACE_SIDE_STYLE( '', ( #1876 ) );
#1278 = EDGE_LOOP( '', ( #1877, #1878, #1879, #1880 ) );
#1279 = AXIS2_PLACEMENT_3D( '', #1881, #1882, #1883 );
#1280 = SURFACE_SIDE_STYLE( '', ( #1884 ) );
#1281 = EDGE_LOOP( '', ( #1885, #1886, #1887, #1888 ) );
#1282 = AXIS2_PLACEMENT_3D( '', #1889, #1890, #1891 );
#1283 = SURFACE_SIDE_STYLE( '', ( #1892 ) );
#1284 = EDGE_LOOP( '', ( #1893, #1894, #1895, #1896 ) );
#1285 = AXIS2_PLACEMENT_3D( '', #1897, #1898, #1899 );
#1286 = SURFACE_SIDE_STYLE( '', ( #1900 ) );
#1287 = EDGE_LOOP( '', ( #1901, #1902, #1903, #1904, #1905, #1906, #1907, #1908, #1909, #1910, #1911, #1912, #1913, #1914, #1915, #1916 ) );
#1288 = AXIS2_PLACEMENT_3D( '', #1917, #1918, #1919 );
#1289 = SURFACE_SIDE_STYLE( '', ( #1920 ) );
#1290 = EDGE_LOOP( '', ( #1921, #1922, #1923, #1924 ) );
#1291 = AXIS2_PLACEMENT_3D( '', #1925, #1926, #1927 );
#1292 = SURFACE_SIDE_STYLE( '', ( #1928 ) );
#1293 = EDGE_LOOP( '', ( #1929, #1930, #1931, #1932, #1933, #1934, #1935, #1936 ) );
#1294 = AXIS2_PLACEMENT_3D( '', #1937, #1938, #1939 );
#1295 = SURFACE_SIDE_STYLE( '', ( #1940 ) );
#1296 = EDGE_LOOP( '', ( #1941, #1942, #1943, #1944 ) );
#1297 = AXIS2_PLACEMENT_3D( '', #1945, #1946, #1947 );
#1298 = SURFACE_SIDE_STYLE( '', ( #1948 ) );
#1299 = EDGE_LOOP( '', ( #1949, #1950, #1951, #1952 ) );
#1300 = EDGE_LOOP( '', ( #1953 ) );
#1301 = AXIS2_PLACEMENT_3D( '', #1954, #1955, #1956 );
#1302 = SURFACE_SIDE_STYLE( '', ( #1957 ) );
#1303 = EDGE_LOOP( '', ( #1958, #1959, #1960, #1961, #1962, #1963 ) );
#1304 = AXIS2_PLACEMENT_3D( '', #1964, #1965, #1966 );
#1305 = SURFACE_SIDE_STYLE( '', ( #1967 ) );
#1306 = EDGE_LOOP( '', ( #1968, #1969, #1970, #1971 ) );
#1307 = AXIS2_PLACEMENT_3D( '', #1972, #1973, #1974 );
#1308 = SURFACE_SIDE_STYLE( '', ( #1975 ) );
#1309 = EDGE_LOOP( '', ( #1976, #1977, #1978, #1979 ) );
#1310 = AXIS2_PLACEMENT_3D( '', #1980, #1981, #1982 );
#1311 = SURFACE_SIDE_STYLE( '', ( #1983 ) );
#1312 = EDGE_LOOP( '', ( #1984, #1985, #1986, #1987 ) );
#1313 = AXIS2_PLACEMENT_3D( '', #1988, #1989, #1990 );
#1314 = SURFACE_SIDE_STYLE( '', ( #1991 ) );
#1315 = EDGE_LOOP( '', ( #1992, #1993, #1994, #1995 ) );
#1316 = AXIS2_PLACEMENT_3D( '', #1996, #1997, #1998 );
#1317 = SURFACE_SIDE_STYLE( '', ( #1999 ) );
#1318 = EDGE_LOOP( '', ( #2000, #2001, #2002, #2003 ) );
#1319 = AXIS2_PLACEMENT_3D( '', #2004, #2005, #2006 );
#1320 = SURFACE_SIDE_STYLE( '', ( #2007 ) );
#1321 = EDGE_LOOP( '', ( #2008, #2009, #2010, #2011, #2012, #2013 ) );
#1322 = AXIS2_PLACEMENT_3D( '', #2014, #2015, #2016 );
#1323 = SURFACE_SIDE_STYLE( '', ( #2017 ) );
#1324 = EDGE_LOOP( '', ( #2018, #2019, #2020, #2021, #2022, #2023 ) );
#1325 = AXIS2_PLACEMENT_3D( '', #2024, #2025, #2026 );
#1326 = SURFACE_SIDE_STYLE( '', ( #2027 ) );
#1327 = EDGE_LOOP( '', ( #2028, #2029, #2030, #2031 ) );
#1328 = AXIS2_PLACEMENT_3D( '', #2032, #2033, #2034 );
#1329 = SURFACE_SIDE_STYLE( '', ( #2035 ) );
#1330 = EDGE_LOOP( '', ( #2036, #2037, #2038, #2039 ) );
#1331 = AXIS2_PLACEMENT_3D( '', #2040, #2041, #2042 );
#1332 = SURFACE_SIDE_STYLE( '', ( #2043 ) );
#1333 = EDGE_LOOP( '', ( #2044, #2045, #2046, #2047 ) );
#1334 = AXIS2_PLACEMENT_3D( '', #2048, #2049, #2050 );
#1335 = SURFACE_SIDE_STYLE( '', ( #2051 ) );
#1336 = EDGE_LOOP( '', ( #2052, #2053, #2054, #2055 ) );
#1337 = AXIS2_PLACEMENT_3D( '', #2056, #2057, #2058 );
#1338 = SURFACE_SIDE_STYLE( '', ( #2059 ) );
#1339 = EDGE_LOOP( '', ( #2060, #2061 ) );
#1340 = AXIS2_PLACEMENT_3D( '', #2062, #2063, #2064 );
#1341 = SURFACE_SIDE_STYLE( '', ( #2065 ) );
#1342 = EDGE_LOOP( '', ( #2066, #2067, #2068, #2069 ) );
#1343 = AXIS2_PLACEMENT_3D( '', #2070, #2071, #2072 );
#1344 = SURFACE_SIDE_STYLE( '', ( #2073 ) );
#1345 = EDGE_LOOP( '', ( #2074, #2075, #2076, #2077 ) );
#1346 = AXIS2_PLACEMENT_3D( '', #2078, #2079, #2080 );
#1347 = SURFACE_SIDE_STYLE( '', ( #2081 ) );
#1348 = EDGE_LOOP( '', ( #2082, #2083, #2084, #2085 ) );
#1349 = AXIS2_PLACEMENT_3D( '', #2086, #2087, #2088 );
#1350 = SURFACE_SIDE_STYLE( '', ( #2089 ) );
#1351 = EDGE_LOOP( '', ( #2090, #2091 ) );
#1352 = AXIS2_PLACEMENT_3D( '', #2092, #2093, #2094 );
#1353 = SURFACE_SIDE_STYLE( '', ( #2095 ) );
#1354 = EDGE_LOOP( '', ( #2096, #2097, #2098, #2099 ) );
#1355 = AXIS2_PLACEMENT_3D( '', #2100, #2101, #2102 );
#1356 = SURFACE_SIDE_STYLE( '', ( #2103 ) );
#1357 = EDGE_LOOP( '', ( #2104, #2105, #2106, #2107, #2108, #2109 ) );
#1358 = AXIS2_PLACEMENT_3D( '', #2110, #2111, #2112 );
#1359 = SURFACE_SIDE_STYLE( '', ( #2113 ) );
#1360 = EDGE_LOOP( '', ( #2114, #2115, #2116, #2117, #2118, #2119 ) );
#1361 = AXIS2_PLACEMENT_3D( '', #2120, #2121, #2122 );
#1362 = SURFACE_SIDE_STYLE( '', ( #2123 ) );
#1363 = EDGE_LOOP( '', ( #2124, #2125, #2126, #2127 ) );
#1364 = AXIS2_PLACEMENT_3D( '', #2128, #2129, #2130 );
#1365 = SURFACE_SIDE_STYLE( '', ( #2131 ) );
#1366 = EDGE_LOOP( '', ( #2132, #2133, #2134, #2135 ) );
#1367 = AXIS2_PLACEMENT_3D( '', #2136, #2137, #2138 );
#1368 = SURFACE_SIDE_STYLE( '', ( #2139 ) );
#1369 = EDGE_LOOP( '', ( #2140, #2141, #2142, #2143, #2144, #2145 ) );
#1370 = AXIS2_PLACEMENT_3D( '', #2146, #2147, #2148 );
#1371 = SURFACE_SIDE_STYLE( '', ( #2149 ) );
#1372 = EDGE_LOOP( '', ( #2150, #2151, #2152, #2153, #2154, #2155 ) );
#1373 = AXIS2_PLACEMENT_3D( '', #2156, #2157, #2158 );
#1374 = SURFACE_SIDE_STYLE( '', ( #2159 ) );
#1375 = EDGE_LOOP( '', ( #2160 ) );
#1376 = EDGE_LOOP( '', ( #2161 ) );
#1377 = AXIS2_PLACEMENT_3D( '', #2162, #2163, #2164 );
#1378 = SURFACE_SIDE_STYLE( '', ( #2165 ) );
#1379 = EDGE_LOOP( '', ( #2166 ) );
#1380 = EDGE_LOOP( '', ( #2167 ) );
#1381 = AXIS2_PLACEMENT_3D( '', #2168, #2169, #2170 );
#1382 = SURFACE_SIDE_STYLE( '', ( #2171 ) );
#1383 = EDGE_LOOP( '', ( #2172, #2173, #2174, #2175 ) );
#1384 = AXIS2_PLACEMENT_3D( '', #2176, #2177, #2178 );
#1385 = SURFACE_SIDE_STYLE( '', ( #2179 ) );
#1386 = EDGE_LOOP( '', ( #2180, #2181, #2182, #2183, #2184, #2185 ) );
#1387 = AXIS2_PLACEMENT_3D( '', #2186, #2187, #2188 );
#1388 = SURFACE_SIDE_STYLE( '', ( #2189 ) );
#1389 = EDGE_LOOP( '', ( #2190, #2191, #2192, #2193, #2194 ) );
#1390 = AXIS2_PLACEMENT_3D( '', #2195, #2196, #2197 );
#1391 = SURFACE_SIDE_STYLE( '', ( #2198 ) );
#1392 = EDGE_LOOP( '', ( #2199, #2200, #2201, #2202 ) );
#1393 = AXIS2_PLACEMENT_3D( '', #2203, #2204, #2205 );
#1394 = SURFACE_SIDE_STYLE( '', ( #2206 ) );
#1395 = EDGE_LOOP( '', ( #2207, #2208, #2209, #2210 ) );
#1396 = AXIS2_PLACEMENT_3D( '', #2211, #2212, #2213 );
#1397 = SURFACE_SIDE_STYLE( '', ( #2214 ) );
#1398 = EDGE_LOOP( '', ( #2215, #2216, #2217, #2218, #2219, #2220, #2221, #2222 ) );
#1399 = AXIS2_PLACEMENT_3D( '', #2223, #2224, #2225 );
#1400 = SURFACE_SIDE_STYLE( '', ( #2226 ) );
#1401 = EDGE_LOOP( '', ( #2227, #2228, #2229, #2230, #2231, #2232 ) );
#1402 = AXIS2_PLACEMENT_3D( '', #2233, #2234, #2235 );
#1403 = SURFACE_SIDE_STYLE( '', ( #2236 ) );
#1404 = EDGE_LOOP( '', ( #2237, #2238, #2239, #2240, #2241, #2242, #2243, #2244 ) );
#1405 = AXIS2_PLACEMENT_3D( '', #2245, #2246, #2247 );
#1406 = SURFACE_SIDE_STYLE( '', ( #2248 ) );
#1407 = EDGE_LOOP( '', ( #2249, #2250, #2251, #2252 ) );
#1408 = AXIS2_PLACEMENT_3D( '', #2253, #2254, #2255 );
#1409 = SURFACE_SIDE_STYLE( '', ( #2256 ) );
#1410 = EDGE_LOOP( '', ( #2257, #2258, #2259, #2260 ) );
#1411 = AXIS2_PLACEMENT_3D( '', #2261, #2262, #2263 );
#1412 = SURFACE_SIDE_STYLE( '', ( #2264 ) );
#1413 = EDGE_LOOP( '', ( #2265, #2266, #2267, #2268 ) );
#1414 = AXIS2_PLACEMENT_3D( '', #2269, #2270, #2271 );
#1415 = SURFACE_SIDE_STYLE( '', ( #2272 ) );
#1416 = EDGE_LOOP( '', ( #2273, #2274, #2275, #2276 ) );
#1417 = AXIS2_PLACEMENT_3D( '', #2277, #2278, #2279 );
#1418 = SURFACE_SIDE_STYLE( '', ( #2280 ) );
#1419 = EDGE_LOOP( '', ( #2281, #2282, #2283, #2284 ) );
#1420 = AXIS2_PLACEMENT_3D( '', #2285, #2286, #2287 );
#1421 = SURFACE_SIDE_STYLE( '', ( #2288 ) );
#1422 = EDGE_LOOP( '', ( #2289, #2290, #2291, #2292, #2293, #2294, #2295, #2296 ) );
#1423 = AXIS2_PLACEMENT_3D( '', #2297, #2298, #2299 );
#1424 = SURFACE_SIDE_STYLE( '', ( #2300 ) );
#1425 = EDGE_LOOP( '', ( #2301, #2302, #2303, #2304, #2305, #2306, #2307, #2308 ) );
#1426 = AXIS2_PLACEMENT_3D( '', #2309, #2310, #2311 );
#1427 = SURFACE_SIDE_STYLE( '', ( #2312 ) );
#1428 = EDGE_LOOP( '', ( #2313, #2314, #2315, #2316, #2317, #2318 ) );
#1429 = AXIS2_PLACEMENT_3D( '', #2319, #2320, #2321 );
#1430 = SURFACE_SIDE_STYLE( '', ( #2322 ) );
#1431 = EDGE_LOOP( '', ( #2323 ) );
#1432 = EDGE_LOOP( '', ( #2324 ) );
#1433 = AXIS2_PLACEMENT_3D( '', #2325, #2326, #2327 );
#1434 = SURFACE_SIDE_STYLE( '', ( #2328 ) );
#1435 = EDGE_LOOP( '', ( #2329, #2330, #2331, #2332, #2333, #2334, #2335, #2336 ) );
#1436 = AXIS2_PLACEMENT_3D( '', #2337, #2338, #2339 );
#1437 = SURFACE_SIDE_STYLE( '', ( #2340 ) );
#1438 = EDGE_LOOP( '', ( #2341, #2342, #2343, #2344, #2345, #2346 ) );
#1439 = AXIS2_PLACEMENT_3D( '', #2347, #2348, #2349 );
#1440 = SURFACE_SIDE_STYLE( '', ( #2350 ) );
#1441 = EDGE_LOOP( '', ( #2351, #2352, #2353, #2354 ) );
#1442 = AXIS2_PLACEMENT_3D( '', #2355, #2356, #2357 );
#1443 = SURFACE_SIDE_STYLE( '', ( #2358 ) );
#1444 = EDGE_LOOP( '', ( #2359, #2360, #2361, #2362, #2363 ) );
#1445 = AXIS2_PLACEMENT_3D( '', #2364, #2365, #2366 );
#1446 = SURFACE_SIDE_STYLE( '', ( #2367 ) );
#1447 = EDGE_LOOP( '', ( #2368, #2369, #2370, #2371, #2372, #2373, #2374, #2375, #2376, #2377, #2378, #2379, #2380, #2381, #2382, #2383 ) );
#1448 = AXIS2_PLACEMENT_3D( '', #2384, #2385, #2386 );
#1449 = SURFACE_SIDE_STYLE( '', ( #2387 ) );
#1450 = EDGE_LOOP( '', ( #2388, #2389, #2390, #2391 ) );
#1451 = AXIS2_PLACEMENT_3D( '', #2392, #2393, #2394 );
#1452 = SURFACE_SIDE_STYLE( '', ( #2395 ) );
#1453 = EDGE_LOOP( '', ( #2396, #2397, #2398, #2399, #2400, #2401, #2402, #2403 ) );
#1454 = AXIS2_PLACEMENT_3D( '', #2404, #2405, #2406 );
#1455 = SURFACE_SIDE_STYLE( '', ( #2407 ) );
#1456 = EDGE_LOOP( '', ( #2408, #2409, #2410, #2411 ) );
#1457 = AXIS2_PLACEMENT_3D( '', #2412, #2413, #2414 );
#1458 = SURFACE_SIDE_STYLE( '', ( #2415 ) );
#1459 = EDGE_LOOP( '', ( #2416, #2417, #2418, #2419, #2420, #2421, #2422, #2423 ) );
#1460 = AXIS2_PLACEMENT_3D( '', #2424, #2425, #2426 );
#1461 = SURFACE_SIDE_STYLE( '', ( #2427 ) );
#1462 = EDGE_LOOP( '', ( #2428, #2429, #2430, #2431 ) );
#1463 = AXIS2_PLACEMENT_3D( '', #2432, #2433, #2434 );
#1464 = SURFACE_SIDE_STYLE( '', ( #2435 ) );
#1465 = EDGE_LOOP( '', ( #2436, #2437, #2438, #2439 ) );
#1466 = AXIS2_PLACEMENT_3D( '', #2440, #2441, #2442 );
#1467 = SURFACE_SIDE_STYLE( '', ( #2443 ) );
#1468 = EDGE_LOOP( '', ( #2444, #2445, #2446, #2447 ) );
#1469 = AXIS2_PLACEMENT_3D( '', #2448, #2449, #2450 );
#1470 = SURFACE_SIDE_STYLE( '', ( #2451 ) );
#1471 = EDGE_LOOP( '', ( #2452, #2453, #2454, #2455, #2456, #2457, #2458, #2459, #2460, #2461, #2462, #2463, #2464, #2465, #2466, #2467 ) );
#1472 = EDGE_LOOP( '', ( #2468, #2469, #2470, #2471, #2472, #2473, #2474, #2475, #2476, #2477, #2478, #2479, #2480, #2481, #2482, #2483 ) );
#1473 = EDGE_LOOP( '', ( #2484, #2485, #2486, #2487, #2488, #2489, #2490, #2491, #2492, #2493, #2494, #2495, #2496, #2497, #2498, #2499 ) );
#1474 = EDGE_LOOP( '', ( #2500, #2501, #2502, #2503, #2504, #2505, #2506, #2507, #2508, #2509, #2510, #2511, #2512, #2513, #2514, #2515, #2516, #2517, #2518, #2519 ) );
#1475 = AXIS2_PLACEMENT_3D( '', #2520, #2521, #2522 );
#1476 = SURFACE_SIDE_STYLE( '', ( #2523 ) );
#1477 = EDGE_LOOP( '', ( #2524, #2525, #2526, #2527 ) );
#1478 = AXIS2_PLACEMENT_3D( '', #2528, #2529, #2530 );
#1479 = SURFACE_SIDE_STYLE( '', ( #2531 ) );
#1480 = EDGE_LOOP( '', ( #2532, #2533, #2534, #2535 ) );
#1481 = EDGE_LOOP( '', ( #2536, #2537, #2538, #2539 ) );
#1482 = EDGE_LOOP( '', ( #2540, #2541, #2542, #2543 ) );
#1483 = EDGE_LOOP( '', ( #2544, #2545, #2546, #2547 ) );
#1484 = AXIS2_PLACEMENT_3D( '', #2548, #2549, #2550 );
#1485 = SURFACE_SIDE_STYLE( '', ( #2551 ) );
#1486 = EDGE_LOOP( '', ( #2552, #2553, #2554, #2555 ) );
#1487 = AXIS2_PLACEMENT_3D( '', #2556, #2557, #2558 );
#1488 = SURFACE_SIDE_STYLE( '', ( #2559 ) );
#1489 = EDGE_LOOP( '', ( #2560, #2561, #2562, #2563 ) );
#1490 = AXIS2_PLACEMENT_3D( '', #2564, #2565, #2566 );
#1491 = SURFACE_SIDE_STYLE( '', ( #2567 ) );
#1492 = EDGE_LOOP( '', ( #2568, #2569, #2570, #2571 ) );
#1493 = AXIS2_PLACEMENT_3D( '', #2572, #2573, #2574 );
#1494 = SURFACE_SIDE_STYLE( '', ( #2575 ) );
#1495 = EDGE_LOOP( '', ( #2576, #2577, #2578, #2579, #2580, #2581 ) );
#1496 = AXIS2_PLACEMENT_3D( '', #2582, #2583, #2584 );
#1497 = SURFACE_SIDE_STYLE( '', ( #2585 ) );
#1498 = EDGE_LOOP( '', ( #2586 ) );
#1499 = EDGE_LOOP( '', ( #2587 ) );
#1500 = AXIS2_PLACEMENT_3D( '', #2588, #2589, #2590 );
#1501 = SURFACE_SIDE_STYLE( '', ( #2591 ) );
#1502 = EDGE_LOOP( '', ( #2592 ) );
#1503 = EDGE_LOOP( '', ( #2593 ) );
#1504 = AXIS2_PLACEMENT_3D( '', #2594, #2595, #2596 );
#1505 = SURFACE_SIDE_STYLE( '', ( #2597 ) );
#1506 = EDGE_LOOP( '', ( #2598, #2599, #2600, #2601 ) );
#1507 = AXIS2_PLACEMENT_3D( '', #2602, #2603, #2604 );
#1508 = SURFACE_SIDE_STYLE( '', ( #2605 ) );
#1509 = EDGE_LOOP( '', ( #2606, #2607, #2608, #2609 ) );
#1510 = AXIS2_PLACEMENT_3D( '', #2610, #2611, #2612 );
#1511 = SURFACE_SIDE_STYLE( '', ( #2613 ) );
#1512 = EDGE_LOOP( '', ( #2614, #2615, #2616, #2617 ) );
#1513 = AXIS2_PLACEMENT_3D( '', #2618, #2619, #2620 );
#1514 = SURFACE_SIDE_STYLE( '', ( #2621 ) );
#1515 = EDGE_LOOP( '', ( #2622, #2623, #2624, #2625 ) );
#1516 = EDGE_LOOP( '', ( #2626 ) );
#1517 = AXIS2_PLACEMENT_3D( '', #2627, #2628, #2629 );
#1518 = SURFACE_SIDE_STYLE( '', ( #2630 ) );
#1519 = EDGE_LOOP( '', ( #2631, #2632, #2633, #2634 ) );
#1520 = AXIS2_PLACEMENT_3D( '', #2635, #2636, #2637 );
#1521 = SURFACE_SIDE_STYLE( '', ( #2638 ) );
#1522 = EDGE_LOOP( '', ( #2639, #2640, #2641, #2642 ) );
#1523 = AXIS2_PLACEMENT_3D( '', #2643, #2644, #2645 );
#1524 = SURFACE_SIDE_STYLE( '', ( #2646 ) );
#1525 = EDGE_LOOP( '', ( #2647, #2648, #2649, #2650, #2651, #2652 ) );
#1526 = AXIS2_PLACEMENT_3D( '', #2653, #2654, #2655 );
#1527 = SURFACE_SIDE_STYLE( '', ( #2656 ) );
#1528 = EDGE_LOOP( '', ( #2657, #2658, #2659, #2660 ) );
#1529 = AXIS2_PLACEMENT_3D( '', #2661, #2662, #2663 );
#1530 = SURFACE_SIDE_STYLE( '', ( #2664 ) );
#1531 = EDGE_LOOP( '', ( #2665, #2666, #2667, #2668 ) );
#1532 = AXIS2_PLACEMENT_3D( '', #2669, #2670, #2671 );
#1533 = SURFACE_SIDE_STYLE( '', ( #2672 ) );
#1534 = EDGE_LOOP( '', ( #2673, #2674, #2675, #2676 ) );
#1535 = AXIS2_PLACEMENT_3D( '', #2677, #2678, #2679 );
#1536 = SURFACE_SIDE_STYLE( '', ( #2680 ) );
#1537 = EDGE_LOOP( '', ( #2681, #2682, #2683, #2684, #2685, #2686, #2687, #2688, #2689, #2690, #2691, #2692 ) );
#1538 = AXIS2_PLACEMENT_3D( '', #2693, #2694, #2695 );
#1539 = SURFACE_SIDE_STYLE( '', ( #2696 ) );
#1540 = EDGE_LOOP( '', ( #2697, #2698, #2699, #2700 ) );
#1541 = AXIS2_PLACEMENT_3D( '', #2701, #2702, #2703 );
#1542 = SURFACE_SIDE_STYLE( '', ( #2704 ) );
#1543 = EDGE_LOOP( '', ( #2705, #2706, #2707, #2708 ) );
#1544 = AXIS2_PLACEMENT_3D( '', #2709, #2710, #2711 );
#1545 = SURFACE_SIDE_STYLE( '', ( #2712 ) );
#1546 = EDGE_LOOP( '', ( #2713, #2714, #2715, #2716, #2717, #2718, #2719, #2720, #2721, #2722, #2723, #2724 ) );
#1547 = AXIS2_PLACEMENT_3D( '', #2725, #2726, #2727 );
#1548 = SURFACE_SIDE_STYLE( '', ( #2728 ) );
#1549 = EDGE_LOOP( '', ( #2729, #2730, #2731, #2732, #2733, #2734 ) );
#1550 = AXIS2_PLACEMENT_3D( '', #2735, #2736, #2737 );
#1551 = SURFACE_SIDE_STYLE( '', ( #2738 ) );
#1552 = EDGE_LOOP( '', ( #2739, #2740, #2741, #2742, #2743, #2744, #2745, #2746 ) );
#1553 = AXIS2_PLACEMENT_3D( '', #2747, #2748, #2749 );
#1554 = SURFACE_SIDE_STYLE( '', ( #2750 ) );
#1555 = EDGE_LOOP( '', ( #2751, #2752, #2753, #2754, #2755, #2756 ) );
#1556 = AXIS2_PLACEMENT_3D( '', #2757, #2758, #2759 );
#1557 = SURFACE_SIDE_STYLE( '', ( #2760 ) );
#1558 = EDGE_LOOP( '', ( #2761 ) );
#1559 = EDGE_LOOP( '', ( #2762 ) );
#1560 = AXIS2_PLACEMENT_3D( '', #2763, #2764, #2765 );
#1561 = SURFACE_SIDE_STYLE( '', ( #2766 ) );
#1562 = EDGE_LOOP( '', ( #2767, #2768, #2769, #2770 ) );
#1563 = AXIS2_PLACEMENT_3D( '', #2771, #2772, #2773 );
#1564 = SURFACE_SIDE_STYLE( '', ( #2774 ) );
#1565 = EDGE_LOOP( '', ( #2775, #2776, #2777, #2778 ) );
#1566 = AXIS2_PLACEMENT_3D( '', #2779, #2780, #2781 );
#1567 = SURFACE_SIDE_STYLE( '', ( #2782 ) );
#1568 = EDGE_LOOP( '', ( #2783, #2784, #2785, #2786, #2787, #2788 ) );
#1569 = AXIS2_PLACEMENT_3D( '', #2789, #2790, #2791 );
#1570 = SURFACE_SIDE_STYLE( '', ( #2792 ) );
#1571 = EDGE_LOOP( '', ( #2793, #2794, #2795, #2796 ) );
#1572 = AXIS2_PLACEMENT_3D( '', #2797, #2798, #2799 );
#1573 = SURFACE_SIDE_STYLE( '', ( #2800 ) );
#1574 = EDGE_LOOP( '', ( #2801, #2802, #2803, #2804 ) );
#1575 = AXIS2_PLACEMENT_3D( '', #2805, #2806, #2807 );
#1576 = SURFACE_SIDE_STYLE( '', ( #2808 ) );
#1577 = EDGE_LOOP( '', ( #2809, #2810, #2811, #2812, #2813, #2814, #2815, #2816 ) );
#1578 = AXIS2_PLACEMENT_3D( '', #2817, #2818, #2819 );
#1579 = SURFACE_SIDE_STYLE( '', ( #2820 ) );
#1580 = EDGE_LOOP( '', ( #2821, #2822, #2823, #2824 ) );
#1581 = AXIS2_PLACEMENT_3D( '', #2825, #2826, #2827 );
#1582 = SURFACE_SIDE_STYLE( '', ( #2828 ) );
#1583 = EDGE_LOOP( '', ( #2829, #2830, #2831, #2832 ) );
#1584 = AXIS2_PLACEMENT_3D( '', #2833, #2834, #2835 );
#1585 = SURFACE_SIDE_STYLE( '', ( #2836 ) );
#1586 = EDGE_LOOP( '', ( #2837, #2838, #2839, #2840 ) );
#1587 = AXIS2_PLACEMENT_3D( '', #2841, #2842, #2843 );
#1588 = SURFACE_SIDE_STYLE( '', ( #2844 ) );
#1589 = EDGE_LOOP( '', ( #2845, #2846, #2847, #2848 ) );
#1590 = AXIS2_PLACEMENT_3D( '', #2849, #2850, #2851 );
#1591 = SURFACE_SIDE_STYLE( '', ( #2852 ) );
#1592 = EDGE_LOOP( '', ( #2853 ) );
#1593 = AXIS2_PLACEMENT_3D( '', #2854, #2855, #2856 );
#1594 = SURFACE_SIDE_STYLE( '', ( #2857 ) );
#1595 = EDGE_LOOP( '', ( #2858, #2859, #2860, #2861, #2862, #2863, #2864, #2865 ) );
#1596 = AXIS2_PLACEMENT_3D( '', #2866, #2867, #2868 );
#1597 = SURFACE_SIDE_STYLE( '', ( #2869 ) );
#1598 = EDGE_LOOP( '', ( #2870, #2871, #2872, #2873 ) );
#1599 = EDGE_LOOP( '', ( #2874, #2875, #2876, #2877 ) );
#1600 = AXIS2_PLACEMENT_3D( '', #2878, #2879, #2880 );
#1601 = SURFACE_SIDE_STYLE( '', ( #2881 ) );
#1602 = EDGE_LOOP( '', ( #2882, #2883, #2884, #2885 ) );
#1603 = AXIS2_PLACEMENT_3D( '', #2886, #2887, #2888 );
#1604 = SURFACE_SIDE_STYLE( '', ( #2889 ) );
#1605 = EDGE_LOOP( '', ( #2890, #2891, #2892, #2893 ) );
#1606 = AXIS2_PLACEMENT_3D( '', #2894, #2895, #2896 );
#1607 = SURFACE_SIDE_STYLE( '', ( #2897 ) );
#1608 = EDGE_LOOP( '', ( #2898 ) );
#1609 = EDGE_LOOP( '', ( #2899, #2900, #2901, #2902 ) );
#1610 = EDGE_LOOP( '', ( #2903 ) );
#1611 = EDGE_LOOP( '', ( #2904 ) );
#1612 = AXIS2_PLACEMENT_3D( '', #2905, #2906, #2907 );
#1613 = SURFACE_SIDE_STYLE( '', ( #2908 ) );
#1614 = EDGE_LOOP( '', ( #2909, #2910, #2911, #2912 ) );
#1615 = EDGE_LOOP( '', ( #2913 ) );
#1616 = AXIS2_PLACEMENT_3D( '', #2914, #2915, #2916 );
#1617 = SURFACE_SIDE_STYLE( '', ( #2917 ) );
#1618 = EDGE_LOOP( '', ( #2918, #2919, #2920, #2921 ) );
#1619 = AXIS2_PLACEMENT_3D( '', #2922, #2923, #2924 );
#1620 = SURFACE_SIDE_STYLE( '', ( #2925 ) );
#1621 = EDGE_LOOP( '', ( #2926, #2927, #2928, #2929, #2930, #2931 ) );
#1622 = AXIS2_PLACEMENT_3D( '', #2932, #2933, #2934 );
#1623 = SURFACE_SIDE_STYLE( '', ( #2935 ) );
#1624 = EDGE_LOOP( '', ( #2936, #2937, #2938, #2939 ) );
#1625 = AXIS2_PLACEMENT_3D( '', #2940, #2941, #2942 );
#1626 = SURFACE_SIDE_STYLE( '', ( #2943 ) );
#1627 = EDGE_LOOP( '', ( #2944, #2945, #2946, #2947 ) );
#1628 = AXIS2_PLACEMENT_3D( '', #2948, #2949, #2950 );
#1629 = SURFACE_SIDE_STYLE( '', ( #2951 ) );
#1630 = EDGE_LOOP( '', ( #2952, #2953, #2954, #2955 ) );
#1631 = AXIS2_PLACEMENT_3D( '', #2956, #2957, #2958 );
#1632 = SURFACE_SIDE_STYLE( '', ( #2959 ) );
#1633 = EDGE_LOOP( '', ( #2960, #2961, #2962, #2963 ) );
#1634 = AXIS2_PLACEMENT_3D( '', #2964, #2965, #2966 );
#1635 = SURFACE_SIDE_STYLE( '', ( #2967 ) );
#1636 = EDGE_LOOP( '', ( #2968, #2969, #2970, #2971 ) );
#1637 = AXIS2_PLACEMENT_3D( '', #2972, #2973, #2974 );
#1638 = SURFACE_SIDE_STYLE( '', ( #2975 ) );
#1639 = EDGE_LOOP( '', ( #2976, #2977, #2978, #2979 ) );
#1640 = AXIS2_PLACEMENT_3D( '', #2980, #2981, #2982 );
#1641 = SURFACE_SIDE_STYLE( '', ( #2983 ) );
#1642 = EDGE_LOOP( '', ( #2984, #2985, #2986, #2987, #2988, #2989 ) );
#1643 = AXIS2_PLACEMENT_3D( '', #2990, #2991, #2992 );
#1644 = SURFACE_SIDE_STYLE( '', ( #2993 ) );
#1645 = EDGE_LOOP( '', ( #2994, #2995, #2996, #2997 ) );
#1646 = AXIS2_PLACEMENT_3D( '', #2998, #2999, #3000 );
#1647 = SURFACE_SIDE_STYLE( '', ( #3001 ) );
#1648 = EDGE_LOOP( '', ( #3002, #3003, #3004, #3005 ) );
#1649 = AXIS2_PLACEMENT_3D( '', #3006, #3007, #3008 );
#1650 = SURFACE_SIDE_STYLE( '', ( #3009 ) );
#1651 = EDGE_LOOP( '', ( #3010, #3011, #3012, #3013, #3014, #3015, #3016, #3017, #3018, #3019, #3020, #3021, #3022, #3023, #3024, #3025 ) );
#1652 = AXIS2_PLACEMENT_3D( '', #3026, #3027, #3028 );
#1653 = SURFACE_SIDE_STYLE( '', ( #3029 ) );
#1654 = EDGE_LOOP( '', ( #3030 ) );
#1655 = EDGE_LOOP( '', ( #3031 ) );
#1656 = AXIS2_PLACEMENT_3D( '', #3032, #3033, #3034 );
#1657 = SURFACE_SIDE_STYLE( '', ( #3035 ) );
#1658 = EDGE_LOOP( '', ( #3036 ) );
#1659 = EDGE_LOOP( '', ( #3037 ) );
#1660 = AXIS2_PLACEMENT_3D( '', #3038, #3039, #3040 );
#1661 = SURFACE_SIDE_STYLE( '', ( #3041 ) );
#1662 = EDGE_LOOP( '', ( #3042, #3043, #3044, #3045, #3046, #3047, #3048, #3049, #3050, #3051, #3052, #3053, #3054, #3055, #3056, #3057 ) );
#1663 = AXIS2_PLACEMENT_3D( '', #3058, #3059, #3060 );
#1664 = SURFACE_SIDE_STYLE( '', ( #3061 ) );
#1665 = EDGE_LOOP( '', ( #3062, #3063, #3064, #3065 ) );
#1666 = EDGE_LOOP( '', ( #3066, #3067, #3068, #3069 ) );
#1667 = AXIS2_PLACEMENT_3D( '', #3070, #3071, #3072 );
#1668 = SURFACE_SIDE_STYLE( '', ( #3073 ) );
#1669 = EDGE_LOOP( '', ( #3074 ) );
#1670 = EDGE_LOOP( '', ( #3075 ) );
#1671 = AXIS2_PLACEMENT_3D( '', #3076, #3077, #3078 );
#1672 = SURFACE_SIDE_STYLE( '', ( #3079 ) );
#1673 = EDGE_LOOP( '', ( #3080, #3081, #3082, #3083 ) );
#1674 = AXIS2_PLACEMENT_3D( '', #3084, #3085, #3086 );
#1675 = SURFACE_SIDE_STYLE( '', ( #3087 ) );
#1676 = EDGE_LOOP( '', ( #3088, #3089, #3090, #3091, #3092, #3093 ) );
#1677 = AXIS2_PLACEMENT_3D( '', #3094, #3095, #3096 );
#1678 = SURFACE_SIDE_STYLE( '', ( #3097 ) );
#1679 = EDGE_LOOP( '', ( #3098, #3099, #3100, #3101 ) );
#1680 = AXIS2_PLACEMENT_3D( '', #3102, #3103, #3104 );
#1681 = SURFACE_SIDE_STYLE( '', ( #3105 ) );
#1682 = EDGE_LOOP( '', ( #3106, #3107, #3108, #3109 ) );
#1683 = AXIS2_PLACEMENT_3D( '', #3110, #3111, #3112 );
#1684 = SURFACE_SIDE_STYLE( '', ( #3113 ) );
#1685 = EDGE_LOOP( '', ( #3114, #3115, #3116, #3117 ) );
#1686 = AXIS2_PLACEMENT_3D( '', #3118, #3119, #3120 );
#1687 = SURFACE_SIDE_STYLE( '', ( #3121 ) );
#1688 = EDGE_LOOP( '', ( #3122, #3123, #3124, #3125 ) );
#1689 = EDGE_LOOP( '', ( #3126 ) );
#1690 = AXIS2_PLACEMENT_3D( '', #3127, #3128, #3129 );
#1691 = SURFACE_SIDE_STYLE( '', ( #3130 ) );
#1692 = EDGE_LOOP( '', ( #3131, #3132, #3133, #3134 ) );
#1693 = AXIS2_PLACEMENT_3D( '', #3135, #3136, #3137 );
#1694 = SURFACE_SIDE_STYLE( '', ( #3138 ) );
#1695 = EDGE_LOOP( '', ( #3139, #3140, #3141, #3142, #3143, #3144, #3145, #3146 ) );
#1696 = AXIS2_PLACEMENT_3D( '', #3147, #3148, #3149 );
#1697 = SURFACE_SIDE_STYLE( '', ( #3150 ) );
#1698 = EDGE_LOOP( '', ( #3151, #3152, #3153, #3154, #3155, #3156 ) );
#1699 = AXIS2_PLACEMENT_3D( '', #3157, #3158, #3159 );
#1700 = SURFACE_SIDE_STYLE( '', ( #3160 ) );
#1701 = EDGE_LOOP( '', ( #3161 ) );
#1702 = EDGE_LOOP( '', ( #3162 ) );
#1703 = AXIS2_PLACEMENT_3D( '', #3163, #3164, #3165 );
#1704 = SURFACE_SIDE_STYLE( '', ( #3166 ) );
#1705 = EDGE_LOOP( '', ( #3167, #3168, #3169, #3170 ) );
#1706 = AXIS2_PLACEMENT_3D( '', #3171, #3172, #3173 );
#1707 = SURFACE_SIDE_STYLE( '', ( #3174 ) );
#1708 = EDGE_LOOP( '', ( #3175, #3176, #3177, #3178 ) );
#1709 = AXIS2_PLACEMENT_3D( '', #3179, #3180, #3181 );
#1710 = SURFACE_SIDE_STYLE( '', ( #3182 ) );
#1711 = EDGE_LOOP( '', ( #3183, #3184, #3185, #3186, #3187, #3188, #3189, #3190 ) );
#1712 = AXIS2_PLACEMENT_3D( '', #3191, #3192, #3193 );
#1713 = SURFACE_SIDE_STYLE( '', ( #3194 ) );
#1714 = EDGE_LOOP( '', ( #3195, #3196, #3197, #3198 ) );
#1715 = AXIS2_PLACEMENT_3D( '', #3199, #3200, #3201 );
#1716 = SURFACE_SIDE_STYLE( '', ( #3202 ) );
#1717 = EDGE_LOOP( '', ( #3203, #3204, #3205, #3206 ) );
#1718 = AXIS2_PLACEMENT_3D( '', #3207, #3208, #3209 );
#1719 = SURFACE_SIDE_STYLE( '', ( #3210 ) );
#1720 = EDGE_LOOP( '', ( #3211, #3212, #3213, #3214 ) );
#1721 = AXIS2_PLACEMENT_3D( '', #3215, #3216, #3217 );
#1722 = SURFACE_SIDE_STYLE( '', ( #3218 ) );
#1723 = EDGE_LOOP( '', ( #3219, #3220, #3221, #3222 ) );
#1724 = AXIS2_PLACEMENT_3D( '', #3223, #3224, #3225 );
#1725 = SURFACE_SIDE_STYLE( '', ( #3226 ) );
#1726 = EDGE_LOOP( '', ( #3227, #3228, #3229, #3230 ) );
#1727 = AXIS2_PLACEMENT_3D( '', #3231, #3232, #3233 );
#1728 = SURFACE_SIDE_STYLE( '', ( #3234 ) );
#1729 = EDGE_LOOP( '', ( #3235, #3236, #3237, #3238 ) );
#1730 = AXIS2_PLACEMENT_3D( '', #3239, #3240, #3241 );
#1731 = SURFACE_SIDE_STYLE( '', ( #3242 ) );
#1732 = EDGE_LOOP( '', ( #3243, #3244, #3245, #3246, #3247, #3248, #3249, #3250, #3251, #3252 ) );
#1733 = AXIS2_PLACEMENT_3D( '', #3253, #3254, #3255 );
#1734 = SURFACE_SIDE_STYLE( '', ( #3256 ) );
#1735 = EDGE_LOOP( '', ( #3257, #3258, #3259, #3260 ) );
#1736 = AXIS2_PLACEMENT_3D( '', #3261, #3262, #3263 );
#1737 = SURFACE_SIDE_STYLE( '', ( #3264 ) );
#1738 = EDGE_LOOP( '', ( #3265, #3266, #3267, #3268, #3269, #3270, #3271, #3272 ) );
#1739 = AXIS2_PLACEMENT_3D( '', #3273, #3274, #3275 );
#1741 =  ( LENGTH_UNIT(  )NAMED_UNIT( #1221 )SI_UNIT( .MILLI., .METRE. ) );
#1742 = SURFACE_STYLE_FILL_AREA( #3277 );
#1743 = ORIENTED_EDGE( '', *, *, #3278, .T. );
#1744 = ORIENTED_EDGE( '', *, *, #3279, .F. );
#1745 = ORIENTED_EDGE( '', *, *, #3280, .T. );
#1746 = ORIENTED_EDGE( '', *, *, #3281, .F. );
#1747 = ORIENTED_EDGE( '', *, *, #3282, .T. );
#1748 = ORIENTED_EDGE( '', *, *, #3283, .F. );
#1749 = ORIENTED_EDGE( '', *, *, #3284, .T. );
#1750 = ORIENTED_EDGE( '', *, *, #3285, .F. );
#1751 = ORIENTED_EDGE( '', *, *, #3286, .T. );
#1752 = CARTESIAN_POINT( '', ( 0.000000000000000, 0.000000000000000, 0.750000000000000 ) );
#1753 = DIRECTION( '', ( -0.000000000000000, -0.000000000000000, 1.00000000000000 ) );
#1754 = DIRECTION( '', ( -1.00000000000000, 0.000000000000000, 0.000000000000000 ) );
#1755 = SURFACE_STYLE_FILL_AREA( #3287 );
#1756 = ORIENTED_EDGE( '', *, *, #3288, .T. );
#1757 = ORIENTED_EDGE( '', *, *, #3289, .F. );
#1758 = CARTESIAN_POINT( '', ( -8.67361737988404E-016, 0.000000000000000, -14.8466621878844 ) );
#1759 = DIRECTION( '', ( -0.000000000000000, -0.000000000000000, -1.00000000000000 ) );
#1760 = DIRECTION( '', ( 1.00000000000000, 0.000000000000000, 0.000000000000000 ) );
#1761 = SURFACE_STYLE_FILL_AREA( #3290 );
#1762 = ORIENTED_EDGE( '', *, *, #3291, .F. );
#1763 = ORIENTED_EDGE( '', *, *, #3292, .F. );
#1764 = ORIENTED_EDGE( '', *, *, #3293, .F. );
#1765 = ORIENTED_EDGE( '', *, *, #3294, .F. );
#1766 = CARTESIAN_POINT( '', ( 0.000000000000000, 0.000000000000000, 2.50000000000000 ) );
#1767 = DIRECTION( '', ( 0.000000000000000, 0.000000000000000, 1.00000000000000 ) );
#1768 = DIRECTION( '', ( 1.00000000000000, 0.000000000000000, 0.000000000000000 ) );
#1769 = SURFACE_STYLE_FILL_AREA( #3295 );
#1770 = ORIENTED_EDGE( '', *, *, #3296, .F. );
#1771 = ORIENTED_EDGE( '', *, *, #3297, .T. );
#1772 = ORIENTED_EDGE( '', *, *, #3298, .T. );
#1773 = ORIENTED_EDGE( '', *, *, #3299, .F. );
#1774 = CARTESIAN_POINT( '', ( 0.450000000000000, -0.575000000000000, -8.61399902678650 ) );
#1775 = DIRECTION( '', ( 4.13029399042097E-016, -1.00000000000000, 0.000000000000000 ) );
#1776 = DIRECTION( '', ( 1.00000000000000, 4.13029399042097E-016, 0.000000000000000 ) );
#1777 = SURFACE_STYLE_FILL_AREA( #3300 );
#1778 = ORIENTED_EDGE( '', *, *, #3301, .F. );
#1779 = ORIENTED_EDGE( '', *, *, #3302, .F. );
#1780 = ORIENTED_EDGE( '', *, *, #3303, .T. );
#1781 = ORIENTED_EDGE( '', *, *, #3304, .T. );
#1782 = ORIENTED_EDGE( '', *, *, #3305, .F. );
#1783 = ORIENTED_EDGE( '', *, *, #3306, .F. );
#1784 = ORIENTED_EDGE( '', *, *, #3307, .T. );
#1785 = ORIENTED_EDGE( '', *, *, #3308, .T. );
#1786 = CARTESIAN_POINT( '', ( -2.00000000000000, -2.50000000000000, 4.60000000000000 ) );
#1787 = DIRECTION( '', ( 1.08420217248550E-016, 1.00000000000000, 0.000000000000000 ) );
#1788 = DIRECTION( '', ( -1.00000000000000, 1.08420217248550E-016, 0.000000000000000 ) );
#1789 = SURFACE_STYLE_FILL_AREA( #3309 );
#1790 = ORIENTED_EDGE( '', *, *, #3310, .F. );
#1791 = ORIENTED_EDGE( '', *, *, #3311, .F. );
#1792 = ORIENTED_EDGE( '', *, *, #3312, .F. );
#1793 = ORIENTED_EDGE( '', *, *, #3313, .F. );
#1794 = CARTESIAN_POINT( '', ( 0.000000000000000, 0.000000000000000, 1.80000000000000 ) );
#1795 = DIRECTION( '', ( 0.000000000000000, 0.000000000000000, 1.00000000000000 ) );
#1796 = DIRECTION( '', ( 1.00000000000000, 0.000000000000000, 0.000000000000000 ) );
#1797 = SURFACE_STYLE_FILL_AREA( #3314 );
#1798 = ORIENTED_EDGE( '', *, *, #3315, .T. );
#1799 = ORIENTED_EDGE( '', *, *, #3316, .T. );
#1800 = ORIENTED_EDGE( '', *, *, #3317, .T. );
#1801 = ORIENTED_EDGE( '', *, *, #3318, .T. );
#1802 = CARTESIAN_POINT( '', ( 0.000000000000000, 0.000000000000000, 2.50000000000000 ) );
#1803 = DIRECTION( '', ( 0.000000000000000, 0.000000000000000, 1.00000000000000 ) );
#1804 = DIRECTION( '', ( 1.00000000000000, 0.000000000000000, 0.000000000000000 ) );
#1805 = SURFACE_STYLE_FILL_AREA( #3319 );
#1806 = ORIENTED_EDGE( '', *, *, #3320, .T. );
#1807 = ORIENTED_EDGE( '', *, *, #3321, .F. );
#1808 = ORIENTED_EDGE( '', *, *, #3322, .F. );
#1809 = ORIENTED_EDGE( '', *, *, #3323, .T. );
#1810 = CARTESIAN_POINT( '', ( -0.450000000000000, -0.575000000000000, -8.61399902678650 ) );
#1811 = DIRECTION( '', ( 4.13029399042096E-016, 1.00000000000000, 0.000000000000000 ) );
#1812 = DIRECTION( '', ( -1.00000000000000, 4.13029399042096E-016, 0.000000000000000 ) );
#1813 = SURFACE_STYLE_FILL_AREA( #3324 );
#1814 = ORIENTED_EDGE( '', *, *, #3325, .F. );
#1815 = ORIENTED_EDGE( '', *, *, #3326, .T. );
#1816 = ORIENTED_EDGE( '', *, *, #3327, .T. );
#1817 = ORIENTED_EDGE( '', *, *, #3328, .F. );
#1818 = CARTESIAN_POINT( '', ( -1.20000000000000, 2.95000000000000, 1.30000000000000 ) );
#1819 = DIRECTION( '', ( 1.80700362080917E-016, 1.00000000000000, 0.000000000000000 ) );
#1820 = DIRECTION( '', ( -1.00000000000000, 1.80700362080917E-016, 0.000000000000000 ) );
#1821 = SURFACE_STYLE_FILL_AREA( #3329 );
#1822 = ORIENTED_EDGE( '', *, *, #3330, .T. );
#1823 = ORIENTED_EDGE( '', *, *, #3331, .T. );
#1824 = ORIENTED_EDGE( '', *, *, #3332, .F. );
#1825 = ORIENTED_EDGE( '', *, *, #3333, .F. );
#1826 = CARTESIAN_POINT( '', ( -1.15000000000000, 1.36500000000000, -11.9639990267865 ) );
#1827 = DIRECTION( '', ( -0.707106781186548, 0.707106781186547, 0.000000000000000 ) );
#1828 = DIRECTION( '', ( -0.707106781186547, -0.707106781186548, 0.000000000000000 ) );
#1829 = SURFACE_STYLE_FILL_AREA( #3334 );
#1830 = ORIENTED_EDGE( '', *, *, #3335, .T. );
#1831 = ORIENTED_EDGE( '', *, *, #3336, .T. );
#1832 = ORIENTED_EDGE( '', *, *, #3337, .T. );
#1833 = ORIENTED_EDGE( '', *, *, #3338, .T. );
#1834 = CARTESIAN_POINT( '', ( -2.00000000000000, 0.000000000000000, 0.000000000000000 ) );
#1835 = DIRECTION( '', ( -1.00000000000000, 0.000000000000000, 0.000000000000000 ) );
#1836 = DIRECTION( '', ( 0.000000000000000, 0.000000000000000, 1.00000000000000 ) );
#1837 = SURFACE_STYLE_FILL_AREA( #3339 );
#1838 = ORIENTED_EDGE( '', *, *, #3340, .F. );
#1839 = ORIENTED_EDGE( '', *, *, #3341, .F. );
#1840 = ORIENTED_EDGE( '', *, *, #3342, .F. );
#1841 = CARTESIAN_POINT( '', ( 0.000000000000000, -5.59760935955099, 0.000000000000000 ) );
#1842 = DIRECTION( '', ( -0.000000000000000, -1.00000000000000, -0.000000000000000 ) );
#1843 = DIRECTION( '', ( 0.000000000000000, 0.000000000000000, 1.00000000000000 ) );
#1844 = SURFACE_STYLE_FILL_AREA( #3343 );
#1845 = ORIENTED_EDGE( '', *, *, #3344, .T. );
#1846 = ORIENTED_EDGE( '', *, *, #3345, .T. );
#1847 = ORIENTED_EDGE( '', *, *, #3299, .T. );
#1848 = ORIENTED_EDGE( '', *, *, #3346, .F. );
#1849 = ORIENTED_EDGE( '', *, *, #3347, .F. );
#1850 = ORIENTED_EDGE( '', *, *, #3348, .F. );
#1851 = ORIENTED_EDGE( '', *, *, #3332, .T. );
#1852 = ORIENTED_EDGE( '', *, *, #3349, .T. );
#1853 = ORIENTED_EDGE( '', *, *, #3320, .F. );
#1854 = ORIENTED_EDGE( '', *, *, #3350, .F. );
#1855 = CARTESIAN_POINT( '', ( -1.50000000000000, 1.87500000000000, -1.17500000000000 ) );
#1856 = DIRECTION( '', ( 0.000000000000000, 0.000000000000000, 1.00000000000000 ) );
#1857 = DIRECTION( '', ( 1.00000000000000, 0.000000000000000, 0.000000000000000 ) );
#1858 = SURFACE_STYLE_FILL_AREA( #3351 );
#1859 = ORIENTED_EDGE( '', *, *, #3352, .F. );
#1860 = ORIENTED_EDGE( '', *, *, #3353, .F. );
#1861 = ORIENTED_EDGE( '', *, *, #3354, .T. );
#1862 = ORIENTED_EDGE( '', *, *, #3355, .F. );
#1863 = ORIENTED_EDGE( '', *, *, #3356, .T. );
#1864 = ORIENTED_EDGE( '', *, *, #3357, .T. );
#1865 = CARTESIAN_POINT( '', ( -6.50000000000000, -3.20000000000000, 16.8466621878844 ) );
#1866 = DIRECTION( '', ( 1.00000000000000, 0.000000000000000, 0.000000000000000 ) );
#1867 = DIRECTION( '', ( 0.000000000000000, 0.000000000000000, -1.00000000000000 ) );
#1868 = SURFACE_STYLE_FILL_AREA( #3358 );
#1869 = ORIENTED_EDGE( '', *, *, #3359, .F. );
#1870 = ORIENTED_EDGE( '', *, *, #3360, .T. );
#1871 = ORIENTED_EDGE( '', *, *, #3361, .F. );
#1872 = ORIENTED_EDGE( '', *, *, #3357, .F. );
#1873 = CARTESIAN_POINT( '', ( -6.50000000000000, -3.70000000000000, 16.8466621878844 ) );
#1874 = DIRECTION( '', ( 0.000000000000000, 1.00000000000000, 0.000000000000000 ) );
#1875 = DIRECTION( '', ( 0.000000000000000, 0.000000000000000, 1.00000000000000 ) );
#1876 = SURFACE_STYLE_FILL_AREA( #3362 );
#1877 = ORIENTED_EDGE( '', *, *, #3363, .T. );
#1878 = ORIENTED_EDGE( '', *, *, #3342, .T. );
#1879 = ORIENTED_EDGE( '', *, *, #3364, .F. );
#1880 = ORIENTED_EDGE( '', *, *, #3365, .F. );
#1881 = CARTESIAN_POINT( '', ( -1.40000000000000, 0.725000000000000, -5.47260935955099 ) );
#1882 = DIRECTION( '', ( 1.16164518480590E-016, -1.00000000000000, 0.000000000000000 ) );
#1883 = DIRECTION( '', ( 1.00000000000000, 1.16164518480590E-016, 0.000000000000000 ) );
#1884 = SURFACE_STYLE_FILL_AREA( #3366 );
#1885 = ORIENTED_EDGE( '', *, *, #3367, .F. );
#1886 = ORIENTED_EDGE( '', *, *, #3280, .F. );
#1887 = ORIENTED_EDGE( '', *, *, #3368, .T. );
#1888 = ORIENTED_EDGE( '', *, *, #3282, .F. );
#1889 = CARTESIAN_POINT( '', ( 0.500000000000000, -1.85000000000000, -0.0500000000000000 ) );
#1890 = DIRECTION( '', ( -1.00000000000000, 0.000000000000000, 0.000000000000000 ) );
#1891 = DIRECTION( '', ( 0.000000000000000, 0.000000000000000, 1.00000000000000 ) );
#1892 = SURFACE_STYLE_FILL_AREA( #3369 );
#1893 = ORIENTED_EDGE( '', *, *, #3370, .F. );
#1894 = ORIENTED_EDGE( '', *, *, #3371, .F. );
#1895 = ORIENTED_EDGE( '', *, *, #3310, .T. );
#1896 = ORIENTED_EDGE( '', *, *, #3372, .T. );
#1897 = CARTESIAN_POINT( '', ( 6.20000000000000, -3.20000000000000, 1.80000000000000 ) );
#1898 = DIRECTION( '', ( -1.00000000000000, 0.000000000000000, 0.000000000000000 ) );
#1899 = DIRECTION( '', ( 0.000000000000000, 0.000000000000000, 1.00000000000000 ) );
#1900 = SURFACE_STYLE_FILL_AREA( #3373 );
#1901 = ORIENTED_EDGE( '', *, *, #3374, .T. );
#1902 = ORIENTED_EDGE( '', *, *, #3375, .F. );
#1903 = ORIENTED_EDGE( '', *, *, #3315, .F. );
#1904 = ORIENTED_EDGE( '', *, *, #3376, .T. );
#1905 = ORIENTED_EDGE( '', *, *, #3377, .T. );
#1906 = ORIENTED_EDGE( '', *, *, #3378, .T. );
#1907 = ORIENTED_EDGE( '', *, *, #3379, .T. );
#1908 = ORIENTED_EDGE( '', *, *, #3380, .T. );
#1909 = ORIENTED_EDGE( '', *, *, #3381, .T. );
#1910 = ORIENTED_EDGE( '', *, *, #3382, .T. );
#1911 = ORIENTED_EDGE( '', *, *, #3383, .T. );
#1912 = ORIENTED_EDGE( '', *, *, #3384, .T. );
#1913 = ORIENTED_EDGE( '', *, *, #3385, .T. );
#1914 = ORIENTED_EDGE( '', *, *, #3386, .F. );
#1915 = ORIENTED_EDGE( '', *, *, #3387, .F. );
#1916 = ORIENTED_EDGE( '', *, *, #3388, .T. );
#1917 = CARTESIAN_POINT( '', ( 7.50000000000000, 0.000000000000000, 0.000000000000000 ) );
#1918 = DIRECTION( '', ( 1.00000000000000, 0.000000000000000, 0.000000000000000 ) );
#1919 = DIRECTION( '', ( 0.000000000000000, 0.000000000000000, -1.00000000000000 ) );
#1920 = SURFACE_STYLE_FILL_AREA( #3389 );
#1921 = ORIENTED_EDGE( '', *, *, #3390, .F. );
#1922 = ORIENTED_EDGE( '', *, *, #3391, .F. );
#1923 = ORIENTED_EDGE( '', *, *, #3392, .T. );
#1924 = ORIENTED_EDGE( '', *, *, #3393, .T. );
#1925 = CARTESIAN_POINT( '', ( -3.00000000000000, -2.50000000000000, 4.60000000000000 ) );
#1926 = DIRECTION( '', ( -1.00000000000000, 0.000000000000000, 0.000000000000000 ) );
#1927 = DIRECTION( '', ( 0.000000000000000, 0.000000000000000, 1.00000000000000 ) );
#1928 = SURFACE_STYLE_FILL_AREA( #3394 );
#1929 = ORIENTED_EDGE( '', *, *, #3395, .T. );
#1930 = ORIENTED_EDGE( '', *, *, #3396, .F. );
#1931 = ORIENTED_EDGE( '', *, *, #3397, .F. );
#1932 = ORIENTED_EDGE( '', *, *, #3398, .T. );
#1933 = ORIENTED_EDGE( '', *, *, #3399, .T. );
#1934 = ORIENTED_EDGE( '', *, *, #3400, .F. );
#1935 = ORIENTED_EDGE( '', *, *, #3401, .F. );
#1936 = ORIENTED_EDGE( '', *, *, #3402, .F. );
#1937 = CARTESIAN_POINT( '', ( 2.00000000000000, 2.50000000000000, 4.60000000000000 ) );
#1938 = DIRECTION( '', ( -1.08420217248550E-016, -1.00000000000000, 0.000000000000000 ) );
#1939 = DIRECTION( '', ( 1.00000000000000, -1.08420217248550E-016, 0.000000000000000 ) );
#1940 = SURFACE_STYLE_FILL_AREA( #3403 );
#1941 = ORIENTED_EDGE( '', *, *, #3404, .F. );
#1942 = ORIENTED_EDGE( '', *, *, #3405, .F. );
#1943 = ORIENTED_EDGE( '', *, *, #3312, .T. );
#1944 = ORIENTED_EDGE( '', *, *, #3406, .T. );
#1945 = CARTESIAN_POINT( '', ( 3.80000000000000, -2.50000000000000, 1.80000000000000 ) );
#1946 = DIRECTION( '', ( 1.00000000000000, 0.000000000000000, 0.000000000000000 ) );
#1947 = DIRECTION( '', ( 0.000000000000000, 0.000000000000000, -1.00000000000000 ) );
#1948 = SURFACE_STYLE_FILL_AREA( #3407 );
#1949 = ORIENTED_EDGE( '', *, *, #3337, .F. );
#1950 = ORIENTED_EDGE( '', *, *, #3408, .F. );
#1951 = ORIENTED_EDGE( '', *, *, #3409, .T. );
#1952 = ORIENTED_EDGE( '', *, *, #3410, .T. );
#1953 = ORIENTED_EDGE( '', *, *, #3340, .T. );
#1954 = CARTESIAN_POINT( '', ( 2.00000000000000, 2.37500000000000, 2.50000000000000 ) );
#1955 = DIRECTION( '', ( 0.000000000000000, 1.00000000000000, 0.000000000000000 ) );
#1956 = DIRECTION( '', ( 0.000000000000000, 0.000000000000000, 1.00000000000000 ) );
#1957 = SURFACE_STYLE_FILL_AREA( #3411 );
#1958 = ORIENTED_EDGE( '', *, *, #3412, .F. );
#1959 = ORIENTED_EDGE( '', *, *, #3413, .F. );
#1960 = ORIENTED_EDGE( '', *, *, #3414, .F. );
#1961 = ORIENTED_EDGE( '', *, *, #3415, .F. );
#1962 = ORIENTED_EDGE( '', *, *, #3416, .F. );
#1963 = ORIENTED_EDGE( '', *, *, #3417, .T. );
#1964 = CARTESIAN_POINT( '', ( -3.50000000000000, 4.15000000000000, -3.00000000000000 ) );
#1965 = DIRECTION( '', ( 0.957826285221151, -0.287347885566346, 0.000000000000000 ) );
#1966 = DIRECTION( '', ( 0.000000000000000, 0.000000000000000, 1.00000000000000 ) );
#1967 = SURFACE_STYLE_FILL_AREA( #3418 );
#1968 = ORIENTED_EDGE( '', *, *, #3359, .T. );
#1969 = ORIENTED_EDGE( '', *, *, #3356, .F. );
#1970 = ORIENTED_EDGE( '', *, *, #3419, .F. );
#1971 = ORIENTED_EDGE( '', *, *, #3420, .F. );
#1972 = CARTESIAN_POINT( '', ( 0.000000000000000, 0.000000000000000, -0.800000000000000 ) );
#1973 = DIRECTION( '', ( 0.000000000000000, 0.000000000000000, -1.00000000000000 ) );
#1974 = DIRECTION( '', ( -1.00000000000000, 0.000000000000000, 0.000000000000000 ) );
#1975 = SURFACE_STYLE_FILL_AREA( #3421 );
#1976 = ORIENTED_EDGE( '', *, *, #3422, .F. );
#1977 = ORIENTED_EDGE( '', *, *, #3423, .T. );
#1978 = ORIENTED_EDGE( '', *, *, #3424, .F. );
#1979 = ORIENTED_EDGE( '', *, *, #3425, .F. );
#1980 = CARTESIAN_POINT( '', ( -1.50000000000000, -3.70000000000000, 16.8466621878844 ) );
#1981 = DIRECTION( '', ( 0.000000000000000, 1.00000000000000, 0.000000000000000 ) );
#1982 = DIRECTION( '', ( 0.000000000000000, 0.000000000000000, 1.00000000000000 ) );
#1983 = SURFACE_STYLE_FILL_AREA( #3426 );
#1984 = ORIENTED_EDGE( '', *, *, #3427, .T. );
#1985 = ORIENTED_EDGE( '', *, *, #3428, .T. );
#1986 = ORIENTED_EDGE( '', *, *, #3429, .F. );
#1987 = ORIENTED_EDGE( '', *, *, #3430, .T. );
#1988 = CARTESIAN_POINT( '', ( -6.20000000000000, -15.6966621878844, -1.30000000000000 ) );
#1989 = DIRECTION( '', ( 9.03501810404587E-017, 0.000000000000000, 1.00000000000000 ) );
#1990 = DIRECTION( '', ( 1.00000000000000, 0.000000000000000, -9.03501810404587E-017 ) );
#1991 = SURFACE_STYLE_FILL_AREA( #3431 );
#1992 = ORIENTED_EDGE( '', *, *, #3432, .T. );
#1993 = ORIENTED_EDGE( '', *, *, #3433, .T. );
#1994 = ORIENTED_EDGE( '', *, *, #3434, .F. );
#1995 = ORIENTED_EDGE( '', *, *, #3435, .F. );
#1996 = CARTESIAN_POINT( '', ( -1.50000000000000, -1.88500000000000, 1.66500000000000 ) );
#1997 = DIRECTION( '', ( -1.00000000000000, -0.000000000000000, -0.000000000000000 ) );
#1998 = DIRECTION( '', ( 0.000000000000000, 0.000000000000000, -1.00000000000000 ) );
#1999 = SURFACE_STYLE_FILL_AREA( #3436 );
#2000 = ORIENTED_EDGE( '', *, *, #3437, .F. );
#2001 = ORIENTED_EDGE( '', *, *, #3438, .F. );
#2002 = ORIENTED_EDGE( '', *, *, #3439, .T. );
#2003 = ORIENTED_EDGE( '', *, *, #3440, .T. );
#2004 = CARTESIAN_POINT( '', ( -6.90000000000000, -3.52500000000000, 1.00000000000000 ) );
#2005 = DIRECTION( '', ( -1.00000000000000, 0.000000000000000, 0.000000000000000 ) );
#2006 = DIRECTION( '', ( 0.000000000000000, 0.000000000000000, 1.00000000000000 ) );
#2007 = SURFACE_STYLE_FILL_AREA( #3441 );
#2008 = ORIENTED_EDGE( '', *, *, #3442, .T. );
#2009 = ORIENTED_EDGE( '', *, *, #3443, .T. );
#2010 = ORIENTED_EDGE( '', *, *, #3444, .T. );
#2011 = ORIENTED_EDGE( '', *, *, #3445, .F. );
#2012 = ORIENTED_EDGE( '', *, *, #3446, .T. );
#2013 = ORIENTED_EDGE( '', *, *, #3447, .T. );
#2014 = CARTESIAN_POINT( '', ( 6.20000000000000, -15.6966621878844, 0.700000000000000 ) );
#2015 = DIRECTION( '', ( 0.000000000000000, 0.000000000000000, -1.00000000000000 ) );
#2016 = DIRECTION( '', ( -1.00000000000000, 0.000000000000000, 0.000000000000000 ) );
#2017 = SURFACE_STYLE_FILL_AREA( #3448 );
#2018 = ORIENTED_EDGE( '', *, *, #3449, .F. );
#2019 = ORIENTED_EDGE( '', *, *, #3450, .T. );
#2020 = ORIENTED_EDGE( '', *, *, #3451, .F. );
#2021 = ORIENTED_EDGE( '', *, *, #3452, .T. );
#2022 = ORIENTED_EDGE( '', *, *, #3333, .T. );
#2023 = ORIENTED_EDGE( '', *, *, #3453, .F. );
#2024 = CARTESIAN_POINT( '', ( -1.15000000000000, 1.87500000000000, -6.46399902678650 ) );
#2025 = DIRECTION( '', ( -1.00000000000000, 0.000000000000000, 0.000000000000000 ) );
#2026 = DIRECTION( '', ( 0.000000000000000, 0.000000000000000, 1.00000000000000 ) );
#2027 = SURFACE_STYLE_FILL_AREA( #3454 );
#2028 = ORIENTED_EDGE( '', *, *, #3430, .F. );
#2029 = ORIENTED_EDGE( '', *, *, #3455, .T. );
#2030 = ORIENTED_EDGE( '', *, *, #3456, .T. );
#2031 = ORIENTED_EDGE( '', *, *, #3457, .F. );
#2032 = CARTESIAN_POINT( '', ( -6.20000000000000, 2.95000000000000, 1.30000000000000 ) );
#2033 = DIRECTION( '', ( 1.80700362080917E-016, 1.00000000000000, 0.000000000000000 ) );
#2034 = DIRECTION( '', ( -1.00000000000000, 1.80700362080917E-016, 0.000000000000000 ) );
#2035 = SURFACE_STYLE_FILL_AREA( #3458 );
#2036 = ORIENTED_EDGE( '', *, *, #3459, .T. );
#2037 = ORIENTED_EDGE( '', *, *, #3460, .F. );
#2038 = ORIENTED_EDGE( '', *, *, #3381, .F. );
#2039 = ORIENTED_EDGE( '', *, *, #3461, .T. );
#2040 = CARTESIAN_POINT( '', ( 7.50000000000000, 2.50000000000000, 7.00000000000000 ) );
#2041 = DIRECTION( '', ( 0.000000000000000, -0.978158850917857, -0.207858755820045 ) );
#2042 = DIRECTION( '', ( 0.000000000000000, 0.207858755820045, -0.978158850917857 ) );
#2043 = SURFACE_STYLE_FILL_AREA( #3462 );
#2044 = ORIENTED_EDGE( '', *, *, #3463, .F. );
#2045 = ORIENTED_EDGE( '', *, *, #3464, .F. );
#2046 = ORIENTED_EDGE( '', *, *, #3465, .T. );
#2047 = ORIENTED_EDGE( '', *, *, #3466, .T. );
#2048 = CARTESIAN_POINT( '', ( -7.00000000000000, 2.50000000000000, 4.60000000000000 ) );
#2049 = DIRECTION( '', ( 1.00000000000000, -1.73472347597680E-016, 0.000000000000000 ) );
#2050 = DIRECTION( '', ( 1.73472347597680E-016, 1.00000000000000, 0.000000000000000 ) );
#2051 = SURFACE_STYLE_FILL_AREA( #3467 );
#2052 = ORIENTED_EDGE( '', *, *, #3468, .F. );
#2053 = ORIENTED_EDGE( '', *, *, #3469, .T. );
#2054 = ORIENTED_EDGE( '', *, *, #3470, .T. );
#2055 = ORIENTED_EDGE( '', *, *, #3471, .T. );
#2056 = CARTESIAN_POINT( '', ( 1.20000000000000, 3.55000000000000, 2.00000000000000 ) );
#2057 = DIRECTION( '', ( 0.000000000000000, 0.000000000000000, -1.00000000000000 ) );
#2058 = DIRECTION( '', ( -1.00000000000000, 0.000000000000000, 0.000000000000000 ) );
#2059 = SURFACE_STYLE_FILL_AREA( #3472 );
#2060 = ORIENTED_EDGE( '', *, *, #3285, .T. );
#2061 = ORIENTED_EDGE( '', *, *, #3473, .T. );
#2062 = CARTESIAN_POINT( '', ( 0.000000000000000, 0.000000000000000, -0.750000000000000 ) );
#2063 = DIRECTION( '', ( 0.000000000000000, 0.000000000000000, -1.00000000000000 ) );
#2064 = DIRECTION( '', ( -1.00000000000000, 0.000000000000000, 0.000000000000000 ) );
#2065 = SURFACE_STYLE_FILL_AREA( #3474 );
#2066 = ORIENTED_EDGE( '', *, *, #3475, .F. );
#2067 = ORIENTED_EDGE( '', *, *, #3476, .T. );
#2068 = ORIENTED_EDGE( '', *, *, #3477, .T. );
#2069 = ORIENTED_EDGE( '', *, *, #3478, .T. );
#2070 = CARTESIAN_POINT( '', ( -1.50000000000000, -6.57500000000000, 1.67500000000000 ) );
#2071 = DIRECTION( '', ( 0.000000000000000, -1.00000000000000, 0.000000000000000 ) );
#2072 = DIRECTION( '', ( 1.00000000000000, 0.000000000000000, 0.000000000000000 ) );
#2073 = SURFACE_STYLE_FILL_AREA( #3479 );
#2074 = ORIENTED_EDGE( '', *, *, #3480, .F. );
#2075 = ORIENTED_EDGE( '', *, *, #3481, .T. );
#2076 = ORIENTED_EDGE( '', *, *, #3482, .T. );
#2077 = ORIENTED_EDGE( '', *, *, #3483, .T. );
#2078 = CARTESIAN_POINT( '', ( -1.50000000000000, 1.87500000000000, 4.32500000000000 ) );
#2079 = DIRECTION( '', ( 0.000000000000000, 0.000000000000000, -1.00000000000000 ) );
#2080 = DIRECTION( '', ( 1.00000000000000, 0.000000000000000, 0.000000000000000 ) );
#2081 = SURFACE_STYLE_FILL_AREA( #3484 );
#2082 = ORIENTED_EDGE( '', *, *, #3485, .F. );
#2083 = ORIENTED_EDGE( '', *, *, #3470, .F. );
#2084 = ORIENTED_EDGE( '', *, *, #3486, .F. );
#2085 = ORIENTED_EDGE( '', *, *, #3487, .F. );
#2086 = CARTESIAN_POINT( '', ( 1.20000000000000, 3.25000000000000, 0.700000000000000 ) );
#2087 = DIRECTION( '', ( 0.000000000000000, 0.974391195694620, -0.224859506698759 ) );
#2088 = DIRECTION( '', ( -1.00000000000000, 0.000000000000000, 0.000000000000000 ) );
#2089 = SURFACE_STYLE_FILL_AREA( #3488 );
#2090 = ORIENTED_EDGE( '', *, *, #3281, .T. );
#2091 = ORIENTED_EDGE( '', *, *, #3367, .T. );
#2092 = CARTESIAN_POINT( '', ( 0.000000000000000, 0.000000000000000, -0.750000000000000 ) );
#2093 = DIRECTION( '', ( 0.000000000000000, 0.000000000000000, -1.00000000000000 ) );
#2094 = DIRECTION( '', ( -1.00000000000000, 0.000000000000000, 0.000000000000000 ) );
#2095 = SURFACE_STYLE_FILL_AREA( #3489 );
#2096 = ORIENTED_EDGE( '', *, *, #3490, .T. );
#2097 = ORIENTED_EDGE( '', *, *, #3491, .F. );
#2098 = ORIENTED_EDGE( '', *, *, #3317, .F. );
#2099 = ORIENTED_EDGE( '', *, *, #3492, .T. );
#2100 = CARTESIAN_POINT( '', ( 8.10000000000000, 2.87500000000000, 2.50000000000000 ) );
#2101 = DIRECTION( '', ( -1.00000000000000, 0.000000000000000, 0.000000000000000 ) );
#2102 = DIRECTION( '', ( 0.000000000000000, 0.000000000000000, 1.00000000000000 ) );
#2103 = SURFACE_STYLE_FILL_AREA( #3493 );
#2104 = ORIENTED_EDGE( '', *, *, #3494, .T. );
#2105 = ORIENTED_EDGE( '', *, *, #3495, .T. );
#2106 = ORIENTED_EDGE( '', *, *, #3416, .T. );
#2107 = ORIENTED_EDGE( '', *, *, #3496, .F. );
#2108 = ORIENTED_EDGE( '', *, *, #3497, .T. );
#2109 = ORIENTED_EDGE( '', *, *, #3498, .T. );
#2110 = CARTESIAN_POINT( '', ( -3.80000000000000, -15.6966621878844, 0.700000000000000 ) );
#2111 = DIRECTION( '', ( 0.000000000000000, 0.000000000000000, -1.00000000000000 ) );
#2112 = DIRECTION( '', ( -1.00000000000000, 0.000000000000000, 0.000000000000000 ) );
#2113 = SURFACE_STYLE_FILL_AREA( #3499 );
#2114 = ORIENTED_EDGE( '', *, *, #3500, .F. );
#2115 = ORIENTED_EDGE( '', *, *, #3501, .F. );
#2116 = ORIENTED_EDGE( '', *, *, #3502, .T. );
#2117 = ORIENTED_EDGE( '', *, *, #3503, .F. );
#2118 = ORIENTED_EDGE( '', *, *, #3504, .T. );
#2119 = ORIENTED_EDGE( '', *, *, #3505, .T. );
#2120 = CARTESIAN_POINT( '', ( 3.50000000000000, -3.20000000000000, 16.8466621878844 ) );
#2121 = DIRECTION( '', ( 1.00000000000000, 0.000000000000000, 0.000000000000000 ) );
#2122 = DIRECTION( '', ( 0.000000000000000, 0.000000000000000, -1.00000000000000 ) );
#2123 = SURFACE_STYLE_FILL_AREA( #3506 );
#2124 = ORIENTED_EDGE( '', *, *, #3507, .F. );
#2125 = ORIENTED_EDGE( '', *, *, #3508, .F. );
#2126 = ORIENTED_EDGE( '', *, *, #3294, .T. );
#2127 = ORIENTED_EDGE( '', *, *, #3509, .T. );
#2128 = CARTESIAN_POINT( '', ( -7.50000000000000, 3.00000000000000, 2.50000000000000 ) );
#2129 = DIRECTION( '', ( 0.203954254112000, 0.978980419737605, 0.000000000000000 ) );
#2130 = DIRECTION( '', ( -0.978980419737605, 0.203954254112000, 0.000000000000000 ) );
#2131 = SURFACE_STYLE_FILL_AREA( #3510 );
#2132 = ORIENTED_EDGE( '', *, *, #3511, .T. );
#2133 = ORIENTED_EDGE( '', *, *, #3512, .F. );
#2134 = ORIENTED_EDGE( '', *, *, #3513, .F. );
#2135 = ORIENTED_EDGE( '', *, *, #3514, .T. );
#2136 = CARTESIAN_POINT( '', ( 8.10000000000000, -3.52500000000000, 1.00000000000000 ) );
#2137 = DIRECTION( '', ( -1.00000000000000, 0.000000000000000, 0.000000000000000 ) );
#2138 = DIRECTION( '', ( 0.000000000000000, 0.000000000000000, 1.00000000000000 ) );
#2139 = SURFACE_STYLE_FILL_AREA( #3515 );
#2140 = ORIENTED_EDGE( '', *, *, #3442, .F. );
#2141 = ORIENTED_EDGE( '', *, *, #3516, .F. );
#2142 = ORIENTED_EDGE( '', *, *, #3517, .F. );
#2143 = ORIENTED_EDGE( '', *, *, #3518, .F. );
#2144 = ORIENTED_EDGE( '', *, *, #3519, .F. );
#2145 = ORIENTED_EDGE( '', *, *, #3520, .T. );
#2146 = CARTESIAN_POINT( '', ( 3.50000000000000, 4.15000000000000, -3.00000000000000 ) );
#2147 = DIRECTION( '', ( -0.957826285221152, -0.287347885566345, -0.000000000000000 ) );
#2148 = DIRECTION( '', ( 0.000000000000000, 0.000000000000000, -1.00000000000000 ) );
#2149 = SURFACE_STYLE_FILL_AREA( #3521 );
#2150 = ORIENTED_EDGE( '', *, *, #3522, .F. );
#2151 = ORIENTED_EDGE( '', *, *, #3523, .T. );
#2152 = ORIENTED_EDGE( '', *, *, #3524, .T. );
#2153 = ORIENTED_EDGE( '', *, *, #3525, .T. );
#2154 = ORIENTED_EDGE( '', *, *, #3526, .T. );
#2155 = ORIENTED_EDGE( '', *, *, #3527, .F. );
#2156 = CARTESIAN_POINT( '', ( 6.50000000000000, -3.70000000000000, 16.8466621878844 ) );
#2157 = DIRECTION( '', ( -1.00000000000000, 0.000000000000000, 0.000000000000000 ) );
#2158 = DIRECTION( '', ( 0.000000000000000, 0.000000000000000, 1.00000000000000 ) );
#2159 = SURFACE_STYLE_FILL_AREA( #3528 );
#2160 = ORIENTED_EDGE( '', *, *, #3529, .T. );
#2161 = ORIENTED_EDGE( '', *, *, #3530, .F. );
#2162 = CARTESIAN_POINT( '', ( -5.00000000000000, 0.000000000000000, 5.00000000000000 ) );
#2163 = DIRECTION( '', ( -0.000000000000000, -0.000000000000000, -1.00000000000000 ) );
#2164 = DIRECTION( '', ( 1.00000000000000, 0.000000000000000, 0.000000000000000 ) );
#2165 = SURFACE_STYLE_FILL_AREA( #3531 );
#2166 = ORIENTED_EDGE( '', *, *, #3532, .T. );
#2167 = ORIENTED_EDGE( '', *, *, #3278, .F. );
#2168 = CARTESIAN_POINT( '', ( 0.000000000000000, 0.000000000000000, 0.750000000000000 ) );
#2169 = DIRECTION( '', ( 0.000000000000000, 0.000000000000000, -1.00000000000000 ) );
#2170 = DIRECTION( '', ( -1.00000000000000, 0.000000000000000, 0.000000000000000 ) );
#2171 = SURFACE_STYLE_FILL_AREA( #3533 );
#2172 = ORIENTED_EDGE( '', *, *, #3534, .T. );
#2173 = ORIENTED_EDGE( '', *, *, #3428, .F. );
#2174 = ORIENTED_EDGE( '', *, *, #3414, .T. );
#2175 = ORIENTED_EDGE( '', *, *, #3535, .F. );
#2176 = CARTESIAN_POINT( '', ( 7.50000000000000, 4.15000000000000, -1.60000000000000 ) );
#2177 = DIRECTION( '', ( 8.65397782750411E-017, 0.287347885566346, 0.957826285221151 ) );
#2178 = DIRECTION( '', ( -1.00000000000000, -7.08367228503785E-033, 9.03501810404588E-017 ) );
#2179 = SURFACE_STYLE_FILL_AREA( #3536 );
#2180 = ORIENTED_EDGE( '', *, *, #3451, .T. );
#2181 = ORIENTED_EDGE( '', *, *, #3537, .T. );
#2182 = ORIENTED_EDGE( '', *, *, #3480, .T. );
#2183 = ORIENTED_EDGE( '', *, *, #3538, .T. );
#2184 = ORIENTED_EDGE( '', *, *, #3539, .F. );
#2185 = ORIENTED_EDGE( '', *, *, #3540, .F. );
#2186 = CARTESIAN_POINT( '', ( -1.50000000000000, 1.87500000000000, 4.32500000000000 ) );
#2187 = DIRECTION( '', ( 0.000000000000000, -1.00000000000000, 0.000000000000000 ) );
#2188 = DIRECTION( '', ( 0.000000000000000, 0.000000000000000, -1.00000000000000 ) );
#2189 = SURFACE_STYLE_FILL_AREA( #3541 );
#2190 = ORIENTED_EDGE( '', *, *, #3542, .F. );
#2191 = ORIENTED_EDGE( '', *, *, #3543, .F. );
#2192 = ORIENTED_EDGE( '', *, *, #3544, .F. );
#2193 = ORIENTED_EDGE( '', *, *, #3364, .T. );
#2194 = ORIENTED_EDGE( '', *, *, #3545, .T. );
#2195 = CARTESIAN_POINT( '', ( -1.40000000000000, -1.67500000000000, -5.47260935955099 ) );
#2196 = DIRECTION( '', ( 1.00000000000000, 0.000000000000000, 0.000000000000000 ) );
#2197 = DIRECTION( '', ( 0.000000000000000, 0.000000000000000, -1.00000000000000 ) );
#2198 = SURFACE_STYLE_FILL_AREA( #3546 );
#2199 = ORIENTED_EDGE( '', *, *, #3547, .T. );
#2200 = ORIENTED_EDGE( '', *, *, #3492, .F. );
#2201 = ORIENTED_EDGE( '', *, *, #3316, .F. );
#2202 = ORIENTED_EDGE( '', *, *, #3375, .T. );
#2203 = CARTESIAN_POINT( '', ( 7.50000000000000, 3.00000000000000, 2.50000000000000 ) );
#2204 = DIRECTION( '', ( 0.203954254112002, 0.978980419737605, 0.000000000000000 ) );
#2205 = DIRECTION( '', ( -0.978980419737605, 0.203954254112001, 0.000000000000000 ) );
#2206 = SURFACE_STYLE_FILL_AREA( #3548 );
#2207 = ORIENTED_EDGE( '', *, *, #3549, .F. );
#2208 = ORIENTED_EDGE( '', *, *, #3550, .F. );
#2209 = ORIENTED_EDGE( '', *, *, #3439, .F. );
#2210 = ORIENTED_EDGE( '', *, *, #3551, .F. );
#2211 = CARTESIAN_POINT( '', ( 0.000000000000000, 0.000000000000000, 1.00000000000000 ) );
#2212 = DIRECTION( '', ( 0.000000000000000, 0.000000000000000, 1.00000000000000 ) );
#2213 = DIRECTION( '', ( 1.00000000000000, 0.000000000000000, 0.000000000000000 ) );
#2214 = SURFACE_STYLE_FILL_AREA( #3552 );
#2215 = ORIENTED_EDGE( '', *, *, #3553, .T. );
#2216 = ORIENTED_EDGE( '', *, *, #3516, .T. );
#2217 = ORIENTED_EDGE( '', *, *, #3447, .F. );
#2218 = ORIENTED_EDGE( '', *, *, #3554, .F. );
#2219 = ORIENTED_EDGE( '', *, *, #3555, .F. );
#2220 = ORIENTED_EDGE( '', *, *, #3556, .T. );
#2221 = ORIENTED_EDGE( '', *, *, #3557, .T. );
#2222 = ORIENTED_EDGE( '', *, *, #3558, .F. );
#2223 = CARTESIAN_POINT( '', ( 3.80000000000000, 2.50000000000000, 1.30000000000000 ) );
#2224 = DIRECTION( '', ( -1.00000000000000, 1.92747052886313E-015, 0.000000000000000 ) );
#2225 = DIRECTION( '', ( -1.92747052886313E-015, -1.00000000000000, 0.000000000000000 ) );
#2226 = SURFACE_STYLE_FILL_AREA( #3559 );
#2227 = ORIENTED_EDGE( '', *, *, #3560, .F. );
#2228 = ORIENTED_EDGE( '', *, *, #3561, .F. );
#2229 = ORIENTED_EDGE( '', *, *, #3562, .F. );
#2230 = ORIENTED_EDGE( '', *, *, #3563, .F. );
#2231 = ORIENTED_EDGE( '', *, *, #3471, .F. );
#2232 = ORIENTED_EDGE( '', *, *, #3485, .T. );
#2233 = CARTESIAN_POINT( '', ( -1.50000000000000, 4.15000000000000, -3.00000000000000 ) );
#2234 = DIRECTION( '', ( -0.957826285221152, -0.287347885566345, -0.000000000000000 ) );
#2235 = DIRECTION( '', ( 0.000000000000000, 0.000000000000000, -1.00000000000000 ) );
#2236 = SURFACE_STYLE_FILL_AREA( #3564 );
#2237 = ORIENTED_EDGE( '', *, *, #3565, .F. );
#2238 = ORIENTED_EDGE( '', *, *, #3566, .F. );
#2239 = ORIENTED_EDGE( '', *, *, #3567, .T. );
#2240 = ORIENTED_EDGE( '', *, *, #3568, .T. );
#2241 = ORIENTED_EDGE( '', *, *, #3569, .F. );
#2242 = ORIENTED_EDGE( '', *, *, #3570, .F. );
#2243 = ORIENTED_EDGE( '', *, *, #3571, .T. );
#2244 = ORIENTED_EDGE( '', *, *, #3572, .T. );
#2245 = CARTESIAN_POINT( '', ( 1.50000000000000, -3.20000000000000, 16.8466621878844 ) );
#2246 = DIRECTION( '', ( 0.000000000000000, -1.00000000000000, 0.000000000000000 ) );
#2247 = DIRECTION( '', ( 0.000000000000000, 0.000000000000000, -1.00000000000000 ) );
#2248 = SURFACE_STYLE_FILL_AREA( #3573 );
#2249 = ORIENTED_EDGE( '', *, *, #3574, .T. );
#2250 = ORIENTED_EDGE( '', *, *, #3514, .F. );
#2251 = ORIENTED_EDGE( '', *, *, #3575, .F. );
#2252 = ORIENTED_EDGE( '', *, *, #3386, .T. );
#2253 = CARTESIAN_POINT( '', ( 7.50000000000000, -3.40000000000000, 1.00000000000000 ) );
#2254 = DIRECTION( '', ( 0.203954254112002, 0.978980419737605, 0.000000000000000 ) );
#2255 = DIRECTION( '', ( -0.978980419737605, 0.203954254112001, 0.000000000000000 ) );
#2256 = SURFACE_STYLE_FILL_AREA( #3576 );
#2257 = ORIENTED_EDGE( '', *, *, #3380, .F. );
#2258 = ORIENTED_EDGE( '', *, *, #3577, .T. );
#2259 = ORIENTED_EDGE( '', *, *, #3578, .T. );
#2260 = ORIENTED_EDGE( '', *, *, #3461, .F. );
#2261 = CARTESIAN_POINT( '', ( 7.50000000000000, 3.35000000000000, 3.00000000000000 ) );
#2262 = DIRECTION( '', ( 0.000000000000000, 0.000000000000000, -1.00000000000000 ) );
#2263 = DIRECTION( '', ( -1.00000000000000, 0.000000000000000, 0.000000000000000 ) );
#2264 = SURFACE_STYLE_FILL_AREA( #3579 );
#2265 = ORIENTED_EDGE( '', *, *, #3540, .T. );
#2266 = ORIENTED_EDGE( '', *, *, #3580, .T. );
#2267 = ORIENTED_EDGE( '', *, *, #3581, .F. );
#2268 = ORIENTED_EDGE( '', *, *, #3452, .F. );
#2269 = CARTESIAN_POINT( '', ( -1.50000000000000, 1.36500000000000, -1.16500000000000 ) );
#2270 = DIRECTION( '', ( -1.00000000000000, -0.000000000000000, -0.000000000000000 ) );
#2271 = DIRECTION( '', ( 0.000000000000000, 0.000000000000000, -1.00000000000000 ) );
#2272 = SURFACE_STYLE_FILL_AREA( #3582 );
#2273 = ORIENTED_EDGE( '', *, *, #3583, .F. );
#2274 = ORIENTED_EDGE( '', *, *, #3440, .F. );
#2275 = ORIENTED_EDGE( '', *, *, #3550, .T. );
#2276 = ORIENTED_EDGE( '', *, *, #3584, .T. );
#2277 = CARTESIAN_POINT( '', ( -6.90000000000000, -2.87500000000000, 1.00000000000000 ) );
#2278 = DIRECTION( '', ( 0.203954254112001, -0.978980419737605, 0.000000000000000 ) );
#2279 = DIRECTION( '', ( 0.978980419737605, 0.203954254112001, 0.000000000000000 ) );
#2280 = SURFACE_STYLE_FILL_AREA( #3585 );
#2281 = ORIENTED_EDGE( '', *, *, #3335, .F. );
#2282 = ORIENTED_EDGE( '', *, *, #3586, .F. );
#2283 = ORIENTED_EDGE( '', *, *, #3587, .T. );
#2284 = ORIENTED_EDGE( '', *, *, #3588, .T. );
#2285 = CARTESIAN_POINT( '', ( 2.00000000000000, -2.37500000000000, -2.50000000000000 ) );
#2286 = DIRECTION( '', ( 0.000000000000000, -1.00000000000000, 0.000000000000000 ) );
#2287 = DIRECTION( '', ( 0.000000000000000, 0.000000000000000, -1.00000000000000 ) );
#2288 = SURFACE_STYLE_FILL_AREA( #3589 );
#2289 = ORIENTED_EDGE( '', *, *, #3590, .T. );
#2290 = ORIENTED_EDGE( '', *, *, #3591, .F. );
#2291 = ORIENTED_EDGE( '', *, *, #3393, .F. );
#2292 = ORIENTED_EDGE( '', *, *, #3592, .T. );
#2293 = ORIENTED_EDGE( '', *, *, #3464, .T. );
#2294 = ORIENTED_EDGE( '', *, *, #3593, .F. );
#2295 = ORIENTED_EDGE( '', *, *, #3594, .F. );
#2296 = ORIENTED_EDGE( '', *, *, #3595, .F. );
#2297 = CARTESIAN_POINT( '', ( -3.00000000000000, 2.50000000000000, 4.60000000000000 ) );
#2298 = DIRECTION( '', ( -1.08420217248550E-016, -1.00000000000000, 0.000000000000000 ) );
#2299 = DIRECTION( '', ( 1.00000000000000, -1.08420217248550E-016, 0.000000000000000 ) );
#2300 = SURFACE_STYLE_FILL_AREA( #3596 );
#2301 = ORIENTED_EDGE( '', *, *, #3597, .F. );
#2302 = ORIENTED_EDGE( '', *, *, #3372, .F. );
#2303 = ORIENTED_EDGE( '', *, *, #3313, .T. );
#2304 = ORIENTED_EDGE( '', *, *, #3405, .T. );
#2305 = ORIENTED_EDGE( '', *, *, #3598, .F. );
#2306 = ORIENTED_EDGE( '', *, *, #3599, .F. );
#2307 = ORIENTED_EDGE( '', *, *, #3600, .T. );
#2308 = ORIENTED_EDGE( '', *, *, #3601, .T. );
#2309 = CARTESIAN_POINT( '', ( 3.00000000000000, -2.50000000000000, 4.60000000000000 ) );
#2310 = DIRECTION( '', ( 1.08420217248550E-016, 1.00000000000000, 0.000000000000000 ) );
#2311 = DIRECTION( '', ( -1.00000000000000, 1.08420217248550E-016, 0.000000000000000 ) );
#2312 = SURFACE_STYLE_FILL_AREA( #3602 );
#2313 = ORIENTED_EDGE( '', *, *, #3477, .F. );
#2314 = ORIENTED_EDGE( '', *, *, #3603, .T. );
#2315 = ORIENTED_EDGE( '', *, *, #3604, .T. );
#2316 = ORIENTED_EDGE( '', *, *, #3605, .T. );
#2317 = ORIENTED_EDGE( '', *, *, #3606, .F. );
#2318 = ORIENTED_EDGE( '', *, *, #3607, .T. );
#2319 = CARTESIAN_POINT( '', ( -1.50000000000000, -1.87500000000000, 1.67500000000000 ) );
#2320 = DIRECTION( '', ( 0.000000000000000, 0.000000000000000, 1.00000000000000 ) );
#2321 = DIRECTION( '', ( 1.00000000000000, 0.000000000000000, 0.000000000000000 ) );
#2322 = SURFACE_STYLE_FILL_AREA( #3608 );
#2323 = ORIENTED_EDGE( '', *, *, #3609, .T. );
#2324 = ORIENTED_EDGE( '', *, *, #3610, .F. );
#2325 = CARTESIAN_POINT( '', ( -8.67361737988404E-016, 0.000000000000000, 5.00000000000000 ) );
#2326 = DIRECTION( '', ( -0.000000000000000, -0.000000000000000, -1.00000000000000 ) );
#2327 = DIRECTION( '', ( 1.00000000000000, 0.000000000000000, 0.000000000000000 ) );
#2328 = SURFACE_STYLE_FILL_AREA( #3611 );
#2329 = ORIENTED_EDGE( '', *, *, #3612, .T. );
#2330 = ORIENTED_EDGE( '', *, *, #3561, .T. );
#2331 = ORIENTED_EDGE( '', *, *, #3613, .F. );
#2332 = ORIENTED_EDGE( '', *, *, #3614, .F. );
#2333 = ORIENTED_EDGE( '', *, *, #3615, .F. );
#2334 = ORIENTED_EDGE( '', *, *, #3401, .T. );
#2335 = ORIENTED_EDGE( '', *, *, #3616, .T. );
#2336 = ORIENTED_EDGE( '', *, *, #3326, .F. );
#2337 = CARTESIAN_POINT( '', ( -1.20000000000000, 2.50000000000000, 1.30000000000000 ) );
#2338 = DIRECTION( '', ( -1.00000000000000, 1.92747052886313E-015, 0.000000000000000 ) );
#2339 = DIRECTION( '', ( -1.92747052886313E-015, -1.00000000000000, 0.000000000000000 ) );
#2340 = SURFACE_STYLE_FILL_AREA( #3617 );
#2341 = ORIENTED_EDGE( '', *, *, #3618, .F. );
#2342 = ORIENTED_EDGE( '', *, *, #3619, .T. );
#2343 = ORIENTED_EDGE( '', *, *, #3475, .T. );
#2344 = ORIENTED_EDGE( '', *, *, #3620, .T. );
#2345 = ORIENTED_EDGE( '', *, *, #3621, .T. );
#2346 = ORIENTED_EDGE( '', *, *, #3432, .F. );
#2347 = CARTESIAN_POINT( '', ( -1.50000000000000, -1.87500000000000, 2.17500000000000 ) );
#2348 = DIRECTION( '', ( 0.000000000000000, 0.000000000000000, 1.00000000000000 ) );
#2349 = DIRECTION( '', ( 1.00000000000000, 0.000000000000000, 0.000000000000000 ) );
#2350 = SURFACE_STYLE_FILL_AREA( #3622 );
#2351 = ORIENTED_EDGE( '', *, *, #3368, .F. );
#2352 = ORIENTED_EDGE( '', *, *, #3279, .T. );
#2353 = ORIENTED_EDGE( '', *, *, #3623, .F. );
#2354 = ORIENTED_EDGE( '', *, *, #3283, .T. );
#2355 = CARTESIAN_POINT( '', ( 0.000000000000000, 0.000000000000000, -0.0500000000000000 ) );
#2356 = DIRECTION( '', ( 0.000000000000000, 0.000000000000000, 1.00000000000000 ) );
#2357 = DIRECTION( '', ( 1.00000000000000, 0.000000000000000, 0.000000000000000 ) );
#2358 = SURFACE_STYLE_FILL_AREA( #3624 );
#2359 = ORIENTED_EDGE( '', *, *, #3625, .T. );
#2360 = ORIENTED_EDGE( '', *, *, #3626, .F. );
#2361 = ORIENTED_EDGE( '', *, *, #3627, .F. );
#2362 = ORIENTED_EDGE( '', *, *, #3363, .F. );
#2363 = ORIENTED_EDGE( '', *, *, #3628, .F. );
#2364 = CARTESIAN_POINT( '', ( 1.40000000000000, 0.725000000000000, -5.47260935955099 ) );
#2365 = DIRECTION( '', ( -1.00000000000000, -9.03501810404587E-017, 0.000000000000000 ) );
#2366 = DIRECTION( '', ( 9.03501810404587E-017, -1.00000000000000, 0.000000000000000 ) );
#2367 = SURFACE_STYLE_FILL_AREA( #3629 );
#2368 = ORIENTED_EDGE( '', *, *, #3508, .T. );
#2369 = ORIENTED_EDGE( '', *, *, #3630, .F. );
#2370 = ORIENTED_EDGE( '', *, *, #3584, .F. );
#2371 = ORIENTED_EDGE( '', *, *, #3549, .T. );
#2372 = ORIENTED_EDGE( '', *, *, #3631, .T. );
#2373 = ORIENTED_EDGE( '', *, *, #3632, .F. );
#2374 = ORIENTED_EDGE( '', *, *, #3633, .F. );
#2375 = ORIENTED_EDGE( '', *, *, #3634, .F. );
#2376 = ORIENTED_EDGE( '', *, *, #3635, .F. );
#2377 = ORIENTED_EDGE( '', *, *, #3459, .F. );
#2378 = ORIENTED_EDGE( '', *, *, #3578, .F. );
#2379 = ORIENTED_EDGE( '', *, *, #3636, .T. );
#2380 = ORIENTED_EDGE( '', *, *, #3637, .F. );
#2381 = ORIENTED_EDGE( '', *, *, #3638, .F. );
#2382 = ORIENTED_EDGE( '', *, *, #3639, .F. );
#2383 = ORIENTED_EDGE( '', *, *, #3291, .T. );
#2384 = CARTESIAN_POINT( '', ( -7.50000000000000, 0.000000000000000, 0.000000000000000 ) );
#2385 = DIRECTION( '', ( 1.00000000000000, 0.000000000000000, 0.000000000000000 ) );
#2386 = DIRECTION( '', ( 0.000000000000000, 0.000000000000000, -1.00000000000000 ) );
#2387 = SURFACE_STYLE_FILL_AREA( #3640 );
#2388 = ORIENTED_EDGE( '', *, *, #3641, .T. );
#2389 = ORIENTED_EDGE( '', *, *, #3595, .T. );
#2390 = ORIENTED_EDGE( '', *, *, #3642, .T. );
#2391 = ORIENTED_EDGE( '', *, *, #3643, .T. );
#2392 = CARTESIAN_POINT( '', ( 0.000000000000000, 0.000000000000000, 1.30000000000000 ) );
#2393 = DIRECTION( '', ( 0.000000000000000, 0.000000000000000, -1.00000000000000 ) );
#2394 = DIRECTION( '', ( -1.00000000000000, 0.000000000000000, 0.000000000000000 ) );
#2395 = SURFACE_STYLE_FILL_AREA( #3644 );
#2396 = ORIENTED_EDGE( '', *, *, #3645, .T. );
#2397 = ORIENTED_EDGE( '', *, *, #3646, .T. );
#2398 = ORIENTED_EDGE( '', *, *, #3647, .F. );
#2399 = ORIENTED_EDGE( '', *, *, #3328, .T. );
#2400 = ORIENTED_EDGE( '', *, *, #3648, .T. );
#2401 = ORIENTED_EDGE( '', *, *, #3395, .F. );
#2402 = ORIENTED_EDGE( '', *, *, #3649, .F. );
#2403 = ORIENTED_EDGE( '', *, *, #3650, .T. );
#2404 = CARTESIAN_POINT( '', ( 1.20000000000000, 2.95000000000000, 1.30000000000000 ) );
#2405 = DIRECTION( '', ( 1.00000000000000, 1.92747052886313E-015, 0.000000000000000 ) );
#2406 = DIRECTION( '', ( -1.92747052886313E-015, 1.00000000000000, 0.000000000000000 ) );
#2407 = SURFACE_STYLE_FILL_AREA( #3651 );
#2408 = ORIENTED_EDGE( '', *, *, #3321, .T. );
#2409 = ORIENTED_EDGE( '', *, *, #3349, .F. );
#2410 = ORIENTED_EDGE( '', *, *, #3331, .F. );
#2411 = ORIENTED_EDGE( '', *, *, #3652, .T. );
#2412 = CARTESIAN_POINT( '', ( -1.50000000000000, -1.87500000000000, 1.67500000000000 ) );
#2413 = DIRECTION( '', ( -1.00000000000000, 0.000000000000000, 0.000000000000000 ) );
#2414 = DIRECTION( '', ( 0.000000000000000, -1.00000000000000, 0.000000000000000 ) );
#2415 = SURFACE_STYLE_FILL_AREA( #3653 );
#2416 = ORIENTED_EDGE( '', *, *, #3496, .T. );
#2417 = ORIENTED_EDGE( '', *, *, #3415, .T. );
#2418 = ORIENTED_EDGE( '', *, *, #3427, .F. );
#2419 = ORIENTED_EDGE( '', *, *, #3457, .T. );
#2420 = ORIENTED_EDGE( '', *, *, #3654, .T. );
#2421 = ORIENTED_EDGE( '', *, *, #3590, .F. );
#2422 = ORIENTED_EDGE( '', *, *, #3641, .F. );
#2423 = ORIENTED_EDGE( '', *, *, #3655, .T. );
#2424 = CARTESIAN_POINT( '', ( -3.80000000000000, 2.95000000000000, 1.30000000000000 ) );
#2425 = DIRECTION( '', ( 1.00000000000000, 1.92747052886313E-015, 0.000000000000000 ) );
#2426 = DIRECTION( '', ( -1.92747052886313E-015, 1.00000000000000, 0.000000000000000 ) );
#2427 = SURFACE_STYLE_FILL_AREA( #3656 );
#2428 = ORIENTED_EDGE( '', *, *, #3657, .F. );
#2429 = ORIENTED_EDGE( '', *, *, #3558, .T. );
#2430 = ORIENTED_EDGE( '', *, *, #3658, .T. );
#2431 = ORIENTED_EDGE( '', *, *, #3659, .F. );
#2432 = CARTESIAN_POINT( '', ( 3.80000000000000, 2.95000000000000, 1.30000000000000 ) );
#2433 = DIRECTION( '', ( 1.80700362080917E-016, 1.00000000000000, 0.000000000000000 ) );
#2434 = DIRECTION( '', ( -1.00000000000000, 1.80700362080917E-016, 0.000000000000000 ) );
#2435 = SURFACE_STYLE_FILL_AREA( #3660 );
#2436 = ORIENTED_EDGE( '', *, *, #3661, .F. );
#2437 = ORIENTED_EDGE( '', *, *, #3399, .F. );
#2438 = ORIENTED_EDGE( '', *, *, #3662, .T. );
#2439 = ORIENTED_EDGE( '', *, *, #3306, .T. );
#2440 = CARTESIAN_POINT( '', ( -2.00000000000000, 2.50000000000000, 4.60000000000000 ) );
#2441 = DIRECTION( '', ( 1.00000000000000, -1.73472347597680E-016, 0.000000000000000 ) );
#2442 = DIRECTION( '', ( 1.73472347597680E-016, 1.00000000000000, 0.000000000000000 ) );
#2443 = SURFACE_STYLE_FILL_AREA( #3663 );
#2444 = ORIENTED_EDGE( '', *, *, #3664, .T. );
#2445 = ORIENTED_EDGE( '', *, *, #3504, .F. );
#2446 = ORIENTED_EDGE( '', *, *, #3665, .F. );
#2447 = ORIENTED_EDGE( '', *, *, #3523, .F. );
#2448 = CARTESIAN_POINT( '', ( 0.000000000000000, 0.000000000000000, -0.800000000000000 ) );
#2449 = DIRECTION( '', ( 0.000000000000000, 0.000000000000000, -1.00000000000000 ) );
#2450 = DIRECTION( '', ( -1.00000000000000, 0.000000000000000, 0.000000000000000 ) );
#2451 = SURFACE_STYLE_FILL_AREA( #3666 );
#2452 = ORIENTED_EDGE( '', *, *, #3565, .T. );
#2453 = ORIENTED_EDGE( '', *, *, #3667, .T. );
#2454 = ORIENTED_EDGE( '', *, *, #3301, .T. );
#2455 = ORIENTED_EDGE( '', *, *, #3668, .T. );
#2456 = ORIENTED_EDGE( '', *, *, #3396, .T. );
#2457 = ORIENTED_EDGE( '', *, *, #3648, .F. );
#2458 = ORIENTED_EDGE( '', *, *, #3327, .F. );
#2459 = ORIENTED_EDGE( '', *, *, #3616, .F. );
#2460 = ORIENTED_EDGE( '', *, *, #3400, .T. );
#2461 = ORIENTED_EDGE( '', *, *, #3661, .T. );
#2462 = ORIENTED_EDGE( '', *, *, #3305, .T. );
#2463 = ORIENTED_EDGE( '', *, *, #3669, .T. );
#2464 = ORIENTED_EDGE( '', *, *, #3569, .T. );
#2465 = ORIENTED_EDGE( '', *, *, #3670, .T. );
#2466 = ORIENTED_EDGE( '', *, *, #3424, .T. );
#2467 = ORIENTED_EDGE( '', *, *, #3671, .T. );
#2468 = ORIENTED_EDGE( '', *, *, #3672, .T. );
#2469 = ORIENTED_EDGE( '', *, *, #3370, .T. );
#2470 = ORIENTED_EDGE( '', *, *, #3597, .T. );
#2471 = ORIENTED_EDGE( '', *, *, #3673, .T. );
#2472 = ORIENTED_EDGE( '', *, *, #3674, .T. );
#2473 = ORIENTED_EDGE( '', *, *, #3675, .F. );
#2474 = ORIENTED_EDGE( '', *, *, #3658, .F. );
#2475 = ORIENTED_EDGE( '', *, *, #3557, .F. );
#2476 = ORIENTED_EDGE( '', *, *, #3676, .T. );
#2477 = ORIENTED_EDGE( '', *, *, #3677, .T. );
#2478 = ORIENTED_EDGE( '', *, *, #3598, .T. );
#2479 = ORIENTED_EDGE( '', *, *, #3404, .T. );
#2480 = ORIENTED_EDGE( '', *, *, #3678, .T. );
#2481 = ORIENTED_EDGE( '', *, *, #3500, .T. );
#2482 = ORIENTED_EDGE( '', *, *, #3679, .T. );
#2483 = ORIENTED_EDGE( '', *, *, #3527, .T. );
#2484 = ORIENTED_EDGE( '', *, *, #3680, .T. );
#2485 = ORIENTED_EDGE( '', *, *, #3681, .T. );
#2486 = ORIENTED_EDGE( '', *, *, #3682, .T. );
#2487 = ORIENTED_EDGE( '', *, *, #3390, .T. );
#2488 = ORIENTED_EDGE( '', *, *, #3591, .T. );
#2489 = ORIENTED_EDGE( '', *, *, #3654, .F. );
#2490 = ORIENTED_EDGE( '', *, *, #3456, .F. );
#2491 = ORIENTED_EDGE( '', *, *, #3683, .F. );
#2492 = ORIENTED_EDGE( '', *, *, #3593, .T. );
#2493 = ORIENTED_EDGE( '', *, *, #3463, .T. );
#2494 = ORIENTED_EDGE( '', *, *, #3684, .T. );
#2495 = ORIENTED_EDGE( '', *, *, #3685, .T. );
#2496 = ORIENTED_EDGE( '', *, *, #3686, .T. );
#2497 = ORIENTED_EDGE( '', *, *, #3352, .T. );
#2498 = ORIENTED_EDGE( '', *, *, #3361, .T. );
#2499 = ORIENTED_EDGE( '', *, *, #3687, .T. );
#2500 = ORIENTED_EDGE( '', *, *, #3507, .T. );
#2501 = ORIENTED_EDGE( '', *, *, #3688, .T. );
#2502 = ORIENTED_EDGE( '', *, *, #3689, .T. );
#2503 = ORIENTED_EDGE( '', *, *, #3638, .T. );
#2504 = ORIENTED_EDGE( '', *, *, #3690, .F. );
#2505 = ORIENTED_EDGE( '', *, *, #3377, .F. );
#2506 = ORIENTED_EDGE( '', *, *, #3691, .F. );
#2507 = ORIENTED_EDGE( '', *, *, #3490, .F. );
#2508 = ORIENTED_EDGE( '', *, *, #3547, .F. );
#2509 = ORIENTED_EDGE( '', *, *, #3374, .F. );
#2510 = ORIENTED_EDGE( '', *, *, #3692, .F. );
#2511 = ORIENTED_EDGE( '', *, *, #3511, .F. );
#2512 = ORIENTED_EDGE( '', *, *, #3574, .F. );
#2513 = ORIENTED_EDGE( '', *, *, #3385, .F. );
#2514 = ORIENTED_EDGE( '', *, *, #3693, .T. );
#2515 = ORIENTED_EDGE( '', *, *, #3632, .T. );
#2516 = ORIENTED_EDGE( '', *, *, #3694, .T. );
#2517 = ORIENTED_EDGE( '', *, *, #3437, .T. );
#2518 = ORIENTED_EDGE( '', *, *, #3583, .T. );
#2519 = ORIENTED_EDGE( '', *, *, #3630, .T. );
#2520 = CARTESIAN_POINT( '', ( 7.50000000000000, -4.15000000000000, -3.00000000000000 ) );
#2521 = DIRECTION( '', ( 0.000000000000000, 0.000000000000000, 1.00000000000000 ) );
#2522 = DIRECTION( '', ( 1.00000000000000, 0.000000000000000, 0.000000000000000 ) );
#2523 = SURFACE_STYLE_FILL_AREA( #3695 );
#2524 = ORIENTED_EDGE( '', *, *, #3677, .F. );
#2525 = ORIENTED_EDGE( '', *, *, #3696, .F. );
#2526 = ORIENTED_EDGE( '', *, *, #3697, .T. );
#2527 = ORIENTED_EDGE( '', *, *, #3599, .T. );
#2528 = CARTESIAN_POINT( '', ( 3.00000000000000, 2.50000000000000, 4.60000000000000 ) );
#2529 = DIRECTION( '', ( 1.00000000000000, -1.73472347597680E-016, 0.000000000000000 ) );
#2530 = DIRECTION( '', ( 1.73472347597680E-016, 1.00000000000000, 0.000000000000000 ) );
#2531 = SURFACE_STYLE_FILL_AREA( #3698 );
#2532 = ORIENTED_EDGE( '', *, *, #3637, .T. );
#2533 = ORIENTED_EDGE( '', *, *, #3699, .T. );
#2534 = ORIENTED_EDGE( '', *, *, #3378, .F. );
#2535 = ORIENTED_EDGE( '', *, *, #3690, .T. );
#2536 = ORIENTED_EDGE( '', *, *, #3700, .T. );
#2537 = ORIENTED_EDGE( '', *, *, #3518, .T. );
#2538 = ORIENTED_EDGE( '', *, *, #3701, .T. );
#2539 = ORIENTED_EDGE( '', *, *, #3702, .T. );
#2540 = ORIENTED_EDGE( '', *, *, #3468, .T. );
#2541 = ORIENTED_EDGE( '', *, *, #3563, .T. );
#2542 = ORIENTED_EDGE( '', *, *, #3703, .T. );
#2543 = ORIENTED_EDGE( '', *, *, #3704, .T. );
#2544 = ORIENTED_EDGE( '', *, *, #3705, .T. );
#2545 = ORIENTED_EDGE( '', *, *, #3706, .T. );
#2546 = ORIENTED_EDGE( '', *, *, #3535, .T. );
#2547 = ORIENTED_EDGE( '', *, *, #3413, .T. );
#2548 = CARTESIAN_POINT( '', ( 7.50000000000000, 4.15000000000000, -3.00000000000000 ) );
#2549 = DIRECTION( '', ( 0.000000000000000, -1.00000000000000, 0.000000000000000 ) );
#2550 = DIRECTION( '', ( 0.000000000000000, 0.000000000000000, -1.00000000000000 ) );
#2551 = SURFACE_STYLE_FILL_AREA( #3707 );
#2552 = ORIENTED_EDGE( '', *, *, #3649, .T. );
#2553 = ORIENTED_EDGE( '', *, *, #3402, .T. );
#2554 = ORIENTED_EDGE( '', *, *, #3615, .T. );
#2555 = ORIENTED_EDGE( '', *, *, #3708, .T. );
#2556 = CARTESIAN_POINT( '', ( 0.000000000000000, 0.000000000000000, 1.30000000000000 ) );
#2557 = DIRECTION( '', ( 0.000000000000000, 0.000000000000000, -1.00000000000000 ) );
#2558 = DIRECTION( '', ( -1.00000000000000, 0.000000000000000, 0.000000000000000 ) );
#2559 = SURFACE_STYLE_FILL_AREA( #3709 );
#2560 = ORIENTED_EDGE( '', *, *, #3422, .T. );
#2561 = ORIENTED_EDGE( '', *, *, #3710, .F. );
#2562 = ORIENTED_EDGE( '', *, *, #3711, .F. );
#2563 = ORIENTED_EDGE( '', *, *, #3712, .F. );
#2564 = CARTESIAN_POINT( '', ( 0.000000000000000, 0.000000000000000, -0.800000000000000 ) );
#2565 = DIRECTION( '', ( 0.000000000000000, 0.000000000000000, -1.00000000000000 ) );
#2566 = DIRECTION( '', ( -1.00000000000000, 0.000000000000000, 0.000000000000000 ) );
#2567 = SURFACE_STYLE_FILL_AREA( #3713 );
#2568 = ORIENTED_EDGE( '', *, *, #3667, .F. );
#2569 = ORIENTED_EDGE( '', *, *, #3572, .F. );
#2570 = ORIENTED_EDGE( '', *, *, #3714, .T. );
#2571 = ORIENTED_EDGE( '', *, *, #3302, .T. );
#2572 = CARTESIAN_POINT( '', ( 1.20000000000000, -3.20000000000000, 1.80000000000000 ) );
#2573 = DIRECTION( '', ( -1.00000000000000, 0.000000000000000, 0.000000000000000 ) );
#2574 = DIRECTION( '', ( 0.000000000000000, 0.000000000000000, 1.00000000000000 ) );
#2575 = SURFACE_STYLE_FILL_AREA( #3715 );
#2576 = ORIENTED_EDGE( '', *, *, #3539, .T. );
#2577 = ORIENTED_EDGE( '', *, *, #3716, .T. );
#2578 = ORIENTED_EDGE( '', *, *, #3717, .T. );
#2579 = ORIENTED_EDGE( '', *, *, #3718, .T. );
#2580 = ORIENTED_EDGE( '', *, *, #3719, .F. );
#2581 = ORIENTED_EDGE( '', *, *, #3580, .F. );
#2582 = CARTESIAN_POINT( '', ( 1.15000000000000, 1.87500000000000, -6.46399902678650 ) );
#2583 = DIRECTION( '', ( -1.00000000000000, 0.000000000000000, 0.000000000000000 ) );
#2584 = DIRECTION( '', ( 0.000000000000000, 0.000000000000000, 1.00000000000000 ) );
#2585 = SURFACE_STYLE_FILL_AREA( #3720 );
#2586 = ORIENTED_EDGE( '', *, *, #3721, .F. );
#2587 = ORIENTED_EDGE( '', *, *, #3722, .T. );
#2588 = CARTESIAN_POINT( '', ( 5.00000000000000, 0.000000000000000, 5.00000000000000 ) );
#2589 = DIRECTION( '', ( 0.000000000000000, 0.000000000000000, -1.00000000000000 ) );
#2590 = DIRECTION( '', ( -1.00000000000000, 0.000000000000000, 0.000000000000000 ) );
#2591 = SURFACE_STYLE_FILL_AREA( #3723 );
#2592 = ORIENTED_EDGE( '', *, *, #3721, .T. );
#2593 = ORIENTED_EDGE( '', *, *, #3724, .F. );
#2594 = CARTESIAN_POINT( '', ( 5.00000000000000, 0.000000000000000, 5.00000000000000 ) );
#2595 = DIRECTION( '', ( -0.000000000000000, -0.000000000000000, -1.00000000000000 ) );
#2596 = DIRECTION( '', ( 1.00000000000000, 0.000000000000000, 0.000000000000000 ) );
#2597 = SURFACE_STYLE_FILL_AREA( #3725 );
#2598 = ORIENTED_EDGE( '', *, *, #3669, .F. );
#2599 = ORIENTED_EDGE( '', *, *, #3304, .F. );
#2600 = ORIENTED_EDGE( '', *, *, #3726, .T. );
#2601 = ORIENTED_EDGE( '', *, *, #3570, .T. );
#2602 = CARTESIAN_POINT( '', ( -1.20000000000000, -2.50000000000000, 1.80000000000000 ) );
#2603 = DIRECTION( '', ( 1.00000000000000, 0.000000000000000, 0.000000000000000 ) );
#2604 = DIRECTION( '', ( 0.000000000000000, 0.000000000000000, -1.00000000000000 ) );
#2605 = SURFACE_STYLE_FILL_AREA( #3727 );
#2606 = ORIENTED_EDGE( '', *, *, #3446, .F. );
#2607 = ORIENTED_EDGE( '', *, *, #3728, .F. );
#2608 = ORIENTED_EDGE( '', *, *, #3729, .F. );
#2609 = ORIENTED_EDGE( '', *, *, #3554, .T. );
#2610 = CARTESIAN_POINT( '', ( 3.80000000000000, 2.95000000000000, 1.30000000000000 ) );
#2611 = DIRECTION( '', ( 1.80700362080917E-016, 1.00000000000000, 0.000000000000000 ) );
#2612 = DIRECTION( '', ( -1.00000000000000, 1.80700362080917E-016, 0.000000000000000 ) );
#2613 = SURFACE_STYLE_FILL_AREA( #3730 );
#2614 = ORIENTED_EDGE( '', *, *, #3434, .T. );
#2615 = ORIENTED_EDGE( '', *, *, #3731, .T. );
#2616 = ORIENTED_EDGE( '', *, *, #3732, .F. );
#2617 = ORIENTED_EDGE( '', *, *, #3733, .F. );
#2618 = CARTESIAN_POINT( '', ( -1.50000000000000, -1.37500000000000, -1.67500000000000 ) );
#2619 = DIRECTION( '', ( 0.000000000000000, 1.00000000000000, 0.000000000000000 ) );
#2620 = DIRECTION( '', ( 0.000000000000000, 0.000000000000000, 1.00000000000000 ) );
#2621 = SURFACE_STYLE_FILL_AREA( #3734 );
#2622 = ORIENTED_EDGE( '', *, *, #3735, .F. );
#2623 = ORIENTED_EDGE( '', *, *, #3600, .F. );
#2624 = ORIENTED_EDGE( '', *, *, #3697, .F. );
#2625 = ORIENTED_EDGE( '', *, *, #3736, .F. );
#2626 = ORIENTED_EDGE( '', *, *, #3737, .F. );
#2627 = CARTESIAN_POINT( '', ( 0.000000000000000, 0.000000000000000, 4.60000000000000 ) );
#2628 = DIRECTION( '', ( 0.000000000000000, 0.000000000000000, 1.00000000000000 ) );
#2629 = DIRECTION( '', ( 1.00000000000000, 0.000000000000000, 0.000000000000000 ) );
#2630 = SURFACE_STYLE_FILL_AREA( #3738 );
#2631 = ORIENTED_EDGE( '', *, *, #3739, .F. );
#2632 = ORIENTED_EDGE( '', *, *, #3605, .F. );
#2633 = ORIENTED_EDGE( '', *, *, #3740, .T. );
#2634 = ORIENTED_EDGE( '', *, *, #3741, .T. );
#2635 = CARTESIAN_POINT( '', ( -1.50000000000000, -1.88500000000000, 1.66500000000000 ) );
#2636 = DIRECTION( '', ( -1.00000000000000, -0.000000000000000, -0.000000000000000 ) );
#2637 = DIRECTION( '', ( 0.000000000000000, 0.000000000000000, -1.00000000000000 ) );
#2638 = SURFACE_STYLE_FILL_AREA( #3742 );
#2639 = ORIENTED_EDGE( '', *, *, #3688, .F. );
#2640 = ORIENTED_EDGE( '', *, *, #3509, .F. );
#2641 = ORIENTED_EDGE( '', *, *, #3293, .T. );
#2642 = ORIENTED_EDGE( '', *, *, #3743, .T. );
#2643 = CARTESIAN_POINT( '', ( -6.90000000000000, 2.87500000000000, 2.50000000000000 ) );
#2644 = DIRECTION( '', ( -1.00000000000000, 0.000000000000000, 0.000000000000000 ) );
#2645 = DIRECTION( '', ( 0.000000000000000, 0.000000000000000, 1.00000000000000 ) );
#2646 = SURFACE_STYLE_FILL_AREA( #3744 );
#2647 = ORIENTED_EDGE( '', *, *, #3560, .T. );
#2648 = ORIENTED_EDGE( '', *, *, #3487, .T. );
#2649 = ORIENTED_EDGE( '', *, *, #3745, .T. );
#2650 = ORIENTED_EDGE( '', *, *, #3645, .F. );
#2651 = ORIENTED_EDGE( '', *, *, #3746, .T. );
#2652 = ORIENTED_EDGE( '', *, *, #3613, .T. );
#2653 = CARTESIAN_POINT( '', ( 1.20000000000000, -15.6966621878844, 0.700000000000000 ) );
#2654 = DIRECTION( '', ( 0.000000000000000, 0.000000000000000, -1.00000000000000 ) );
#2655 = DIRECTION( '', ( -1.00000000000000, 0.000000000000000, 0.000000000000000 ) );
#2656 = SURFACE_STYLE_FILL_AREA( #3747 );
#2657 = ORIENTED_EDGE( '', *, *, #3746, .F. );
#2658 = ORIENTED_EDGE( '', *, *, #3650, .F. );
#2659 = ORIENTED_EDGE( '', *, *, #3708, .F. );
#2660 = ORIENTED_EDGE( '', *, *, #3614, .T. );
#2661 = CARTESIAN_POINT( '', ( -1.20000000000000, 2.95000000000000, 1.30000000000000 ) );
#2662 = DIRECTION( '', ( 1.80700362080917E-016, 1.00000000000000, 0.000000000000000 ) );
#2663 = DIRECTION( '', ( -1.00000000000000, 1.80700362080917E-016, 0.000000000000000 ) );
#2664 = SURFACE_STYLE_FILL_AREA( #3748 );
#2665 = ORIENTED_EDGE( '', *, *, #3749, .F. );
#2666 = ORIENTED_EDGE( '', *, *, #3750, .F. );
#2667 = ORIENTED_EDGE( '', *, *, #3751, .F. );
#2668 = ORIENTED_EDGE( '', *, *, #3752, .F. );
#2669 = CARTESIAN_POINT( '', ( 0.000000000000000, 0.000000000000000, 1.80000000000000 ) );
#2670 = DIRECTION( '', ( 0.000000000000000, 0.000000000000000, 1.00000000000000 ) );
#2671 = DIRECTION( '', ( 1.00000000000000, 0.000000000000000, 0.000000000000000 ) );
#2672 = SURFACE_STYLE_FILL_AREA( #3753 );
#2673 = ORIENTED_EDGE( '', *, *, #3520, .F. );
#2674 = ORIENTED_EDGE( '', *, *, #3754, .F. );
#2675 = ORIENTED_EDGE( '', *, *, #3755, .F. );
#2676 = ORIENTED_EDGE( '', *, *, #3443, .F. );
#2677 = CARTESIAN_POINT( '', ( 6.20000000000000, 3.25000000000000, 0.700000000000000 ) );
#2678 = DIRECTION( '', ( 0.000000000000000, 0.974391195694620, -0.224859506698759 ) );
#2679 = DIRECTION( '', ( -1.00000000000000, 0.000000000000000, 0.000000000000000 ) );
#2680 = SURFACE_STYLE_FILL_AREA( #3756 );
#2681 = ORIENTED_EDGE( '', *, *, #3621, .F. );
#2682 = ORIENTED_EDGE( '', *, *, #3757, .T. );
#2683 = ORIENTED_EDGE( '', *, *, #3606, .T. );
#2684 = ORIENTED_EDGE( '', *, *, #3739, .T. );
#2685 = ORIENTED_EDGE( '', *, *, #3758, .T. );
#2686 = ORIENTED_EDGE( '', *, *, #3759, .T. );
#2687 = ORIENTED_EDGE( '', *, *, #3760, .T. );
#2688 = ORIENTED_EDGE( '', *, *, #3296, .T. );
#2689 = ORIENTED_EDGE( '', *, *, #3345, .F. );
#2690 = ORIENTED_EDGE( '', *, *, #3761, .F. );
#2691 = ORIENTED_EDGE( '', *, *, #3731, .F. );
#2692 = ORIENTED_EDGE( '', *, *, #3433, .F. );
#2693 = CARTESIAN_POINT( '', ( 0.450000000000000, -6.57500000000000, -8.61399902678650 ) );
#2694 = DIRECTION( '', ( 1.00000000000000, 3.70435742265881E-016, 0.000000000000000 ) );
#2695 = DIRECTION( '', ( -3.70435742265881E-016, 1.00000000000000, 0.000000000000000 ) );
#2696 = SURFACE_STYLE_FILL_AREA( #3762 );
#2697 = ORIENTED_EDGE( '', *, *, #3387, .T. );
#2698 = ORIENTED_EDGE( '', *, *, #3575, .T. );
#2699 = ORIENTED_EDGE( '', *, *, #3513, .T. );
#2700 = ORIENTED_EDGE( '', *, *, #3763, .T. );
#2701 = CARTESIAN_POINT( '', ( 0.000000000000000, 0.000000000000000, 1.00000000000000 ) );
#2702 = DIRECTION( '', ( 0.000000000000000, 0.000000000000000, 1.00000000000000 ) );
#2703 = DIRECTION( '', ( 1.00000000000000, 0.000000000000000, 0.000000000000000 ) );
#2704 = SURFACE_STYLE_FILL_AREA( #3764 );
#2705 = ORIENTED_EDGE( '', *, *, #3473, .F. );
#2706 = ORIENTED_EDGE( '', *, *, #3284, .F. );
#2707 = ORIENTED_EDGE( '', *, *, #3623, .T. );
#2708 = ORIENTED_EDGE( '', *, *, #3286, .F. );
#2709 = CARTESIAN_POINT( '', ( -0.500000000000000, 1.85000000000000, -0.0500000000000000 ) );
#2710 = DIRECTION( '', ( 1.00000000000000, 0.000000000000000, 0.000000000000000 ) );
#2711 = DIRECTION( '', ( 0.000000000000000, 0.000000000000000, -1.00000000000000 ) );
#2712 = SURFACE_STYLE_FILL_AREA( #3765 );
#2713 = ORIENTED_EDGE( '', *, *, #3604, .F. );
#2714 = ORIENTED_EDGE( '', *, *, #3766, .T. );
#2715 = ORIENTED_EDGE( '', *, *, #3618, .T. );
#2716 = ORIENTED_EDGE( '', *, *, #3435, .T. );
#2717 = ORIENTED_EDGE( '', *, *, #3733, .T. );
#2718 = ORIENTED_EDGE( '', *, *, #3767, .T. );
#2719 = ORIENTED_EDGE( '', *, *, #3350, .T. );
#2720 = ORIENTED_EDGE( '', *, *, #3323, .F. );
#2721 = ORIENTED_EDGE( '', *, *, #3768, .F. );
#2722 = ORIENTED_EDGE( '', *, *, #3769, .F. );
#2723 = ORIENTED_EDGE( '', *, *, #3770, .F. );
#2724 = ORIENTED_EDGE( '', *, *, #3740, .F. );
#2725 = CARTESIAN_POINT( '', ( -0.450000000000000, -6.57500000000000, -8.61399902678650 ) );
#2726 = DIRECTION( '', ( 1.00000000000000, -3.70435742265881E-016, 0.000000000000000 ) );
#2727 = DIRECTION( '', ( 3.70435742265881E-016, 1.00000000000000, 0.000000000000000 ) );
#2728 = SURFACE_STYLE_FILL_AREA( #3771 );
#2729 = ORIENTED_EDGE( '', *, *, #3482, .F. );
#2730 = ORIENTED_EDGE( '', *, *, #3772, .T. );
#2731 = ORIENTED_EDGE( '', *, *, #3449, .T. );
#2732 = ORIENTED_EDGE( '', *, *, #3773, .T. );
#2733 = ORIENTED_EDGE( '', *, *, #3717, .F. );
#2734 = ORIENTED_EDGE( '', *, *, #3774, .T. );
#2735 = CARTESIAN_POINT( '', ( -1.50000000000000, 1.37500000000000, 4.32500000000000 ) );
#2736 = DIRECTION( '', ( 0.000000000000000, -1.00000000000000, 0.000000000000000 ) );
#2737 = DIRECTION( '', ( 0.000000000000000, 0.000000000000000, -1.00000000000000 ) );
#2738 = SURFACE_STYLE_FILL_AREA( #3775 );
#2739 = ORIENTED_EDGE( '', *, *, #3429, .T. );
#2740 = ORIENTED_EDGE( '', *, *, #3776, .T. );
#2741 = ORIENTED_EDGE( '', *, *, #3498, .F. );
#2742 = ORIENTED_EDGE( '', *, *, #3777, .F. );
#2743 = ORIENTED_EDGE( '', *, *, #3642, .F. );
#2744 = ORIENTED_EDGE( '', *, *, #3594, .T. );
#2745 = ORIENTED_EDGE( '', *, *, #3683, .T. );
#2746 = ORIENTED_EDGE( '', *, *, #3455, .F. );
#2747 = CARTESIAN_POINT( '', ( -6.20000000000000, 2.50000000000000, 1.30000000000000 ) );
#2748 = DIRECTION( '', ( -1.00000000000000, 1.92747052886313E-015, 0.000000000000000 ) );
#2749 = DIRECTION( '', ( -1.92747052886313E-015, -1.00000000000000, 0.000000000000000 ) );
#2750 = SURFACE_STYLE_FILL_AREA( #3778 );
#2751 = ORIENTED_EDGE( '', *, *, #3779, .F. );
#2752 = ORIENTED_EDGE( '', *, *, #3702, .F. );
#2753 = ORIENTED_EDGE( '', *, *, #3780, .F. );
#2754 = ORIENTED_EDGE( '', *, *, #3781, .F. );
#2755 = ORIENTED_EDGE( '', *, *, #3444, .F. );
#2756 = ORIENTED_EDGE( '', *, *, #3755, .T. );
#2757 = CARTESIAN_POINT( '', ( 6.50000000000000, 4.15000000000000, -3.00000000000000 ) );
#2758 = DIRECTION( '', ( 0.957826285221152, -0.287347885566345, 0.000000000000000 ) );
#2759 = DIRECTION( '', ( 0.000000000000000, 0.000000000000000, 1.00000000000000 ) );
#2760 = SURFACE_STYLE_FILL_AREA( #3782 );
#2761 = ORIENTED_EDGE( '', *, *, #3737, .T. );
#2762 = ORIENTED_EDGE( '', *, *, #3722, .F. );
#2763 = CARTESIAN_POINT( '', ( 5.00000000000000, 0.000000000000000, -14.8466621878844 ) );
#2764 = DIRECTION( '', ( -0.000000000000000, -0.000000000000000, -1.00000000000000 ) );
#2765 = DIRECTION( '', ( 1.00000000000000, 0.000000000000000, 0.000000000000000 ) );
#2766 = SURFACE_STYLE_FILL_AREA( #3783 );
#2767 = ORIENTED_EDGE( '', *, *, #3718, .F. );
#2768 = ORIENTED_EDGE( '', *, *, #3773, .F. );
#2769 = ORIENTED_EDGE( '', *, *, #3453, .T. );
#2770 = ORIENTED_EDGE( '', *, *, #3348, .T. );
#2771 = CARTESIAN_POINT( '', ( -1.50000000000000, 1.36500000000000, -1.16500000000000 ) );
#2772 = DIRECTION( '', ( -1.00000000000000, -0.000000000000000, -0.000000000000000 ) );
#2773 = DIRECTION( '', ( 0.000000000000000, 0.000000000000000, -1.00000000000000 ) );
#2774 = SURFACE_STYLE_FILL_AREA( #3784 );
#2775 = ORIENTED_EDGE( '', *, *, #3758, .F. );
#2776 = ORIENTED_EDGE( '', *, *, #3741, .F. );
#2777 = ORIENTED_EDGE( '', *, *, #3770, .T. );
#2778 = ORIENTED_EDGE( '', *, *, #3785, .T. );
#2779 = CARTESIAN_POINT( '', ( -1.50000000000000, -1.87500000000000, -1.67500000000000 ) );
#2780 = DIRECTION( '', ( 0.000000000000000, 1.00000000000000, 0.000000000000000 ) );
#2781 = DIRECTION( '', ( 0.000000000000000, 0.000000000000000, 1.00000000000000 ) );
#2782 = SURFACE_STYLE_FILL_AREA( #3786 );
#2783 = ORIENTED_EDGE( '', *, *, #3670, .F. );
#2784 = ORIENTED_EDGE( '', *, *, #3568, .F. );
#2785 = ORIENTED_EDGE( '', *, *, #3787, .T. );
#2786 = ORIENTED_EDGE( '', *, *, #3788, .F. );
#2787 = ORIENTED_EDGE( '', *, *, #3710, .T. );
#2788 = ORIENTED_EDGE( '', *, *, #3425, .T. );
#2789 = CARTESIAN_POINT( '', ( -1.50000000000000, -3.20000000000000, 16.8466621878844 ) );
#2790 = DIRECTION( '', ( 1.00000000000000, 0.000000000000000, 0.000000000000000 ) );
#2791 = DIRECTION( '', ( 0.000000000000000, 0.000000000000000, -1.00000000000000 ) );
#2792 = SURFACE_STYLE_FILL_AREA( #3789 );
#2793 = ORIENTED_EDGE( '', *, *, #3668, .F. );
#2794 = ORIENTED_EDGE( '', *, *, #3308, .F. );
#2795 = ORIENTED_EDGE( '', *, *, #3790, .T. );
#2796 = ORIENTED_EDGE( '', *, *, #3397, .T. );
#2797 = CARTESIAN_POINT( '', ( 2.00000000000000, -2.50000000000000, 4.60000000000000 ) );
#2798 = DIRECTION( '', ( -1.00000000000000, 0.000000000000000, 0.000000000000000 ) );
#2799 = DIRECTION( '', ( 0.000000000000000, 0.000000000000000, 1.00000000000000 ) );
#2800 = SURFACE_STYLE_FILL_AREA( #3791 );
#2801 = ORIENTED_EDGE( '', *, *, #3692, .T. );
#2802 = ORIENTED_EDGE( '', *, *, #3388, .F. );
#2803 = ORIENTED_EDGE( '', *, *, #3763, .F. );
#2804 = ORIENTED_EDGE( '', *, *, #3512, .T. );
#2805 = CARTESIAN_POINT( '', ( 8.10000000000000, -2.87500000000000, 1.00000000000000 ) );
#2806 = DIRECTION( '', ( 0.203954254112002, -0.978980419737605, 0.000000000000000 ) );
#2807 = DIRECTION( '', ( 0.978980419737605, 0.203954254112002, 0.000000000000000 ) );
#2808 = SURFACE_STYLE_FILL_AREA( #3792 );
#2809 = ORIENTED_EDGE( '', *, *, #3672, .F. );
#2810 = ORIENTED_EDGE( '', *, *, #3526, .F. );
#2811 = ORIENTED_EDGE( '', *, *, #3793, .T. );
#2812 = ORIENTED_EDGE( '', *, *, #3501, .T. );
#2813 = ORIENTED_EDGE( '', *, *, #3678, .F. );
#2814 = ORIENTED_EDGE( '', *, *, #3406, .F. );
#2815 = ORIENTED_EDGE( '', *, *, #3311, .T. );
#2816 = ORIENTED_EDGE( '', *, *, #3371, .T. );
#2817 = CARTESIAN_POINT( '', ( 6.50000000000000, -3.20000000000000, 16.8466621878844 ) );
#2818 = DIRECTION( '', ( 0.000000000000000, -1.00000000000000, 0.000000000000000 ) );
#2819 = DIRECTION( '', ( 0.000000000000000, 0.000000000000000, -1.00000000000000 ) );
#2820 = SURFACE_STYLE_FILL_AREA( #3794 );
#2821 = ORIENTED_EDGE( '', *, *, #3694, .F. );
#2822 = ORIENTED_EDGE( '', *, *, #3631, .F. );
#2823 = ORIENTED_EDGE( '', *, *, #3551, .T. );
#2824 = ORIENTED_EDGE( '', *, *, #3438, .T. );
#2825 = CARTESIAN_POINT( '', ( -7.50000000000000, -3.40000000000000, 1.00000000000000 ) );
#2826 = DIRECTION( '', ( 0.203954254112001, 0.978980419737605, 0.000000000000000 ) );
#2827 = DIRECTION( '', ( -0.978980419737605, 0.203954254112001, 0.000000000000000 ) );
#2828 = SURFACE_STYLE_FILL_AREA( #3795 );
#2829 = ORIENTED_EDGE( '', *, *, #3587, .F. );
#2830 = ORIENTED_EDGE( '', *, *, #3796, .F. );
#2831 = ORIENTED_EDGE( '', *, *, #3409, .F. );
#2832 = ORIENTED_EDGE( '', *, *, #3797, .F. );
#2833 = CARTESIAN_POINT( '', ( 2.00000000000000, 0.000000000000000, 0.000000000000000 ) );
#2834 = DIRECTION( '', ( -1.00000000000000, 0.000000000000000, 0.000000000000000 ) );
#2835 = DIRECTION( '', ( 0.000000000000000, 0.000000000000000, 1.00000000000000 ) );
#2836 = SURFACE_STYLE_FILL_AREA( #3798 );
#2837 = ORIENTED_EDGE( '', *, *, #3685, .F. );
#2838 = ORIENTED_EDGE( '', *, *, #3799, .F. );
#2839 = ORIENTED_EDGE( '', *, *, #3751, .T. );
#2840 = ORIENTED_EDGE( '', *, *, #3800, .T. );
#2841 = CARTESIAN_POINT( '', ( -6.20000000000000, -2.50000000000000, 1.80000000000000 ) );
#2842 = DIRECTION( '', ( 1.00000000000000, 0.000000000000000, 0.000000000000000 ) );
#2843 = DIRECTION( '', ( 0.000000000000000, 0.000000000000000, -1.00000000000000 ) );
#2844 = SURFACE_STYLE_FILL_AREA( #3801 );
#2845 = ORIENTED_EDGE( '', *, *, #3673, .F. );
#2846 = ORIENTED_EDGE( '', *, *, #3601, .F. );
#2847 = ORIENTED_EDGE( '', *, *, #3735, .T. );
#2848 = ORIENTED_EDGE( '', *, *, #3802, .T. );
#2849 = CARTESIAN_POINT( '', ( 7.00000000000000, -2.50000000000000, 4.60000000000000 ) );
#2850 = DIRECTION( '', ( -1.00000000000000, 0.000000000000000, 0.000000000000000 ) );
#2851 = DIRECTION( '', ( 0.000000000000000, 0.000000000000000, 1.00000000000000 ) );
#2852 = SURFACE_STYLE_FILL_AREA( #3803 );
#2853 = ORIENTED_EDGE( '', *, *, #3804, .F. );
#2854 = CARTESIAN_POINT( '', ( 0.000000000000000, 0.000000000000000, 4.50000000000000 ) );
#2855 = DIRECTION( '', ( 0.000000000000000, 0.000000000000000, -1.00000000000000 ) );
#2856 = DIRECTION( '', ( -1.00000000000000, 0.000000000000000, 0.000000000000000 ) );
#2857 = SURFACE_STYLE_FILL_AREA( #3805 );
#2858 = ORIENTED_EDGE( '', *, *, #3682, .F. );
#2859 = ORIENTED_EDGE( '', *, *, #3806, .F. );
#2860 = ORIENTED_EDGE( '', *, *, #3752, .T. );
#2861 = ORIENTED_EDGE( '', *, *, #3799, .T. );
#2862 = ORIENTED_EDGE( '', *, *, #3684, .F. );
#2863 = ORIENTED_EDGE( '', *, *, #3466, .F. );
#2864 = ORIENTED_EDGE( '', *, *, #3807, .T. );
#2865 = ORIENTED_EDGE( '', *, *, #3391, .T. );
#2866 = CARTESIAN_POINT( '', ( -7.00000000000000, -2.50000000000000, 4.60000000000000 ) );
#2867 = DIRECTION( '', ( 1.08420217248550E-016, 1.00000000000000, 0.000000000000000 ) );
#2868 = DIRECTION( '', ( -1.00000000000000, 1.08420217248550E-016, 0.000000000000000 ) );
#2869 = SURFACE_STYLE_FILL_AREA( #3808 );
#2870 = ORIENTED_EDGE( '', *, *, #3336, .F. );
#2871 = ORIENTED_EDGE( '', *, *, #3588, .F. );
#2872 = ORIENTED_EDGE( '', *, *, #3797, .T. );
#2873 = ORIENTED_EDGE( '', *, *, #3408, .T. );
#2874 = ORIENTED_EDGE( '', *, *, #3626, .T. );
#2875 = ORIENTED_EDGE( '', *, *, #3809, .T. );
#2876 = ORIENTED_EDGE( '', *, *, #3542, .T. );
#2877 = ORIENTED_EDGE( '', *, *, #3810, .T. );
#2878 = CARTESIAN_POINT( '', ( 2.00000000000000, -2.37500000000000, 2.50000000000000 ) );
#2879 = DIRECTION( '', ( 0.000000000000000, 0.000000000000000, 1.00000000000000 ) );
#2880 = DIRECTION( '', ( 1.00000000000000, 0.000000000000000, 0.000000000000000 ) );
#2881 = SURFACE_STYLE_FILL_AREA( #3811 );
#2882 = ORIENTED_EDGE( '', *, *, #3732, .T. );
#2883 = ORIENTED_EDGE( '', *, *, #3761, .T. );
#2884 = ORIENTED_EDGE( '', *, *, #3344, .F. );
#2885 = ORIENTED_EDGE( '', *, *, #3767, .F. );
#2886 = CARTESIAN_POINT( '', ( -1.50000000000000, -1.36500000000000, -1.16500000000000 ) );
#2887 = DIRECTION( '', ( -1.00000000000000, -0.000000000000000, -0.000000000000000 ) );
#2888 = DIRECTION( '', ( 0.000000000000000, 0.000000000000000, -1.00000000000000 ) );
#2889 = SURFACE_STYLE_FILL_AREA( #3812 );
#2890 = ORIENTED_EDGE( '', *, *, #3346, .T. );
#2891 = ORIENTED_EDGE( '', *, *, #3298, .F. );
#2892 = ORIENTED_EDGE( '', *, *, #3813, .F. );
#2893 = ORIENTED_EDGE( '', *, *, #3814, .T. );
#2894 = CARTESIAN_POINT( '', ( 1.50000000000000, 1.87500000000000, 4.32500000000000 ) );
#2895 = DIRECTION( '', ( -1.00000000000000, 0.000000000000000, 0.000000000000000 ) );
#2896 = DIRECTION( '', ( 0.000000000000000, 0.000000000000000, -1.00000000000000 ) );
#2897 = SURFACE_STYLE_FILL_AREA( #3815 );
#2898 = ORIENTED_EDGE( '', *, *, #3610, .T. );
#2899 = ORIENTED_EDGE( '', *, *, #3635, .T. );
#2900 = ORIENTED_EDGE( '', *, *, #3816, .F. );
#2901 = ORIENTED_EDGE( '', *, *, #3382, .F. );
#2902 = ORIENTED_EDGE( '', *, *, #3460, .T. );
#2903 = ORIENTED_EDGE( '', *, *, #3724, .T. );
#2904 = ORIENTED_EDGE( '', *, *, #3530, .T. );
#2905 = CARTESIAN_POINT( '', ( 7.50000000000000, 2.50000000000000, 7.00000000000000 ) );
#2906 = DIRECTION( '', ( 0.000000000000000, 0.000000000000000, -1.00000000000000 ) );
#2907 = DIRECTION( '', ( -1.00000000000000, 0.000000000000000, 0.000000000000000 ) );
#2908 = SURFACE_STYLE_FILL_AREA( #3817 );
#2909 = ORIENTED_EDGE( '', *, *, #3392, .F. );
#2910 = ORIENTED_EDGE( '', *, *, #3807, .F. );
#2911 = ORIENTED_EDGE( '', *, *, #3465, .F. );
#2912 = ORIENTED_EDGE( '', *, *, #3592, .F. );
#2913 = ORIENTED_EDGE( '', *, *, #3818, .F. );
#2914 = CARTESIAN_POINT( '', ( 0.000000000000000, 0.000000000000000, 4.60000000000000 ) );
#2915 = DIRECTION( '', ( 0.000000000000000, 0.000000000000000, 1.00000000000000 ) );
#2916 = DIRECTION( '', ( 1.00000000000000, 0.000000000000000, 0.000000000000000 ) );
#2917 = SURFACE_STYLE_FILL_AREA( #3819 );
#2918 = ORIENTED_EDGE( '', *, *, #3603, .F. );
#2919 = ORIENTED_EDGE( '', *, *, #3476, .F. );
#2920 = ORIENTED_EDGE( '', *, *, #3619, .F. );
#2921 = ORIENTED_EDGE( '', *, *, #3766, .F. );
#2922 = CARTESIAN_POINT( '', ( -0.450000000000000, -6.37500000000000, -8.61399902678650 ) );
#2923 = DIRECTION( '', ( -0.554700196225229, -0.832050294337844, -0.000000000000000 ) );
#2924 = DIRECTION( '', ( 0.000000000000000, 0.000000000000000, -1.00000000000000 ) );
#2925 = SURFACE_STYLE_FILL_AREA( #3820 );
#2926 = ORIENTED_EDGE( '', *, *, #3494, .F. );
#2927 = ORIENTED_EDGE( '', *, *, #3776, .F. );
#2928 = ORIENTED_EDGE( '', *, *, #3534, .F. );
#2929 = ORIENTED_EDGE( '', *, *, #3706, .F. );
#2930 = ORIENTED_EDGE( '', *, *, #3821, .F. );
#2931 = ORIENTED_EDGE( '', *, *, #3822, .T. );
#2932 = CARTESIAN_POINT( '', ( -6.50000000000000, 4.15000000000000, -3.00000000000000 ) );
#2933 = DIRECTION( '', ( -0.957826285221152, -0.287347885566345, -0.000000000000000 ) );
#2934 = DIRECTION( '', ( 0.000000000000000, 0.000000000000000, -1.00000000000000 ) );
#2935 = SURFACE_STYLE_FILL_AREA( #3823 );
#2936 = ORIENTED_EDGE( '', *, *, #3647, .T. );
#2937 = ORIENTED_EDGE( '', *, *, #3824, .T. );
#2938 = ORIENTED_EDGE( '', *, *, #3612, .F. );
#2939 = ORIENTED_EDGE( '', *, *, #3325, .T. );
#2940 = CARTESIAN_POINT( '', ( -1.20000000000000, -15.6966621878844, -1.30000000000000 ) );
#2941 = DIRECTION( '', ( 9.03501810404587E-017, 0.000000000000000, 1.00000000000000 ) );
#2942 = DIRECTION( '', ( 1.00000000000000, 0.000000000000000, -9.03501810404587E-017 ) );
#2943 = SURFACE_STYLE_FILL_AREA( #3825 );
#2944 = ORIENTED_EDGE( '', *, *, #3759, .F. );
#2945 = ORIENTED_EDGE( '', *, *, #3785, .F. );
#2946 = ORIENTED_EDGE( '', *, *, #3769, .T. );
#2947 = ORIENTED_EDGE( '', *, *, #3826, .T. );
#2948 = CARTESIAN_POINT( '', ( -1.50000000000000, -1.36500000000000, -1.16500000000000 ) );
#2949 = DIRECTION( '', ( -1.00000000000000, -0.000000000000000, -0.000000000000000 ) );
#2950 = DIRECTION( '', ( 0.000000000000000, 0.000000000000000, -1.00000000000000 ) );
#2951 = SURFACE_STYLE_FILL_AREA( #3827 );
#2952 = ORIENTED_EDGE( '', *, *, #3497, .F. );
#2953 = ORIENTED_EDGE( '', *, *, #3655, .F. );
#2954 = ORIENTED_EDGE( '', *, *, #3643, .F. );
#2955 = ORIENTED_EDGE( '', *, *, #3777, .T. );
#2956 = CARTESIAN_POINT( '', ( -6.20000000000000, 2.95000000000000, 1.30000000000000 ) );
#2957 = DIRECTION( '', ( 1.80700362080917E-016, 1.00000000000000, 0.000000000000000 ) );
#2958 = DIRECTION( '', ( -1.00000000000000, 1.80700362080917E-016, 0.000000000000000 ) );
#2959 = SURFACE_STYLE_FILL_AREA( #3828 );
#2960 = ORIENTED_EDGE( '', *, *, #3719, .T. );
#2961 = ORIENTED_EDGE( '', *, *, #3347, .T. );
#2962 = ORIENTED_EDGE( '', *, *, #3814, .F. );
#2963 = ORIENTED_EDGE( '', *, *, #3829, .F. );
#2964 = CARTESIAN_POINT( '', ( 1.15000000000000, 1.36500000000000, -11.9639990267865 ) );
#2965 = DIRECTION( '', ( -0.707106781186548, -0.707106781186548, 0.000000000000000 ) );
#2966 = DIRECTION( '', ( 0.707106781186548, -0.707106781186548, 0.000000000000000 ) );
#2967 = SURFACE_STYLE_FILL_AREA( #3830 );
#2968 = ORIENTED_EDGE( '', *, *, #3664, .F. );
#2969 = ORIENTED_EDGE( '', *, *, #3522, .T. );
#2970 = ORIENTED_EDGE( '', *, *, #3679, .F. );
#2971 = ORIENTED_EDGE( '', *, *, #3505, .F. );
#2972 = CARTESIAN_POINT( '', ( 3.50000000000000, -3.70000000000000, 16.8466621878844 ) );
#2973 = DIRECTION( '', ( 0.000000000000000, 1.00000000000000, 0.000000000000000 ) );
#2974 = DIRECTION( '', ( 0.000000000000000, 0.000000000000000, 1.00000000000000 ) );
#2975 = SURFACE_STYLE_FILL_AREA( #3831 );
#2976 = ORIENTED_EDGE( '', *, *, #3543, .T. );
#2977 = ORIENTED_EDGE( '', *, *, #3809, .F. );
#2978 = ORIENTED_EDGE( '', *, *, #3625, .F. );
#2979 = ORIENTED_EDGE( '', *, *, #3832, .F. );
#2980 = CARTESIAN_POINT( '', ( 1.40000000000000, -1.67500000000000, -5.47260935955099 ) );
#2981 = DIRECTION( '', ( 0.000000000000000, 1.00000000000000, 0.000000000000000 ) );
#2982 = DIRECTION( '', ( 0.000000000000000, 0.000000000000000, 1.00000000000000 ) );
#2983 = SURFACE_STYLE_FILL_AREA( #3833 );
#2984 = ORIENTED_EDGE( '', *, *, #3360, .F. );
#2985 = ORIENTED_EDGE( '', *, *, #3420, .T. );
#2986 = ORIENTED_EDGE( '', *, *, #3834, .T. );
#2987 = ORIENTED_EDGE( '', *, *, #3835, .T. );
#2988 = ORIENTED_EDGE( '', *, *, #3836, .T. );
#2989 = ORIENTED_EDGE( '', *, *, #3687, .F. );
#2990 = CARTESIAN_POINT( '', ( -3.50000000000000, -3.70000000000000, 16.8466621878844 ) );
#2991 = DIRECTION( '', ( -1.00000000000000, 0.000000000000000, 0.000000000000000 ) );
#2992 = DIRECTION( '', ( 0.000000000000000, 0.000000000000000, 1.00000000000000 ) );
#2993 = SURFACE_STYLE_FILL_AREA( #3837 );
#2994 = ORIENTED_EDGE( '', *, *, #3838, .T. );
#2995 = ORIENTED_EDGE( '', *, *, #3839, .T. );
#2996 = ORIENTED_EDGE( '', *, *, #3555, .T. );
#2997 = ORIENTED_EDGE( '', *, *, #3729, .T. );
#2998 = CARTESIAN_POINT( '', ( 0.000000000000000, 0.000000000000000, 1.30000000000000 ) );
#2999 = DIRECTION( '', ( 0.000000000000000, 0.000000000000000, -1.00000000000000 ) );
#3000 = DIRECTION( '', ( -1.00000000000000, 0.000000000000000, 0.000000000000000 ) );
#3001 = SURFACE_STYLE_FILL_AREA( #3840 );
#3002 = ORIENTED_EDGE( '', *, *, #3714, .F. );
#3003 = ORIENTED_EDGE( '', *, *, #3571, .F. );
#3004 = ORIENTED_EDGE( '', *, *, #3726, .F. );
#3005 = ORIENTED_EDGE( '', *, *, #3303, .F. );
#3006 = CARTESIAN_POINT( '', ( 0.000000000000000, 0.000000000000000, 1.80000000000000 ) );
#3007 = DIRECTION( '', ( 0.000000000000000, 0.000000000000000, 1.00000000000000 ) );
#3008 = DIRECTION( '', ( 1.00000000000000, 0.000000000000000, 0.000000000000000 ) );
#3009 = SURFACE_STYLE_FILL_AREA( #3841 );
#3010 = ORIENTED_EDGE( '', *, *, #3842, .F. );
#3011 = ORIENTED_EDGE( '', *, *, #3354, .F. );
#3012 = ORIENTED_EDGE( '', *, *, #3843, .F. );
#3013 = ORIENTED_EDGE( '', *, *, #3835, .F. );
#3014 = ORIENTED_EDGE( '', *, *, #3844, .F. );
#3015 = ORIENTED_EDGE( '', *, *, #3787, .F. );
#3016 = ORIENTED_EDGE( '', *, *, #3567, .F. );
#3017 = ORIENTED_EDGE( '', *, *, #3845, .F. );
#3018 = ORIENTED_EDGE( '', *, *, #3846, .F. );
#3019 = ORIENTED_EDGE( '', *, *, #3502, .F. );
#3020 = ORIENTED_EDGE( '', *, *, #3793, .F. );
#3021 = ORIENTED_EDGE( '', *, *, #3525, .F. );
#3022 = ORIENTED_EDGE( '', *, *, #3847, .F. );
#3023 = ORIENTED_EDGE( '', *, *, #3383, .F. );
#3024 = ORIENTED_EDGE( '', *, *, #3816, .T. );
#3025 = ORIENTED_EDGE( '', *, *, #3634, .T. );
#3026 = CARTESIAN_POINT( '', ( 7.50000000000000, -4.15000000000000, 1.00000000000000 ) );
#3027 = DIRECTION( '', ( 0.000000000000000, 0.964205392803790, -0.265156483021042 ) );
#3028 = DIRECTION( '', ( 0.000000000000000, 0.265156483021042, 0.964205392803790 ) );
#3029 = SURFACE_STYLE_FILL_AREA( #3848 );
#3030 = ORIENTED_EDGE( '', *, *, #3529, .F. );
#3031 = ORIENTED_EDGE( '', *, *, #3849, .T. );
#3032 = CARTESIAN_POINT( '', ( -5.00000000000000, 0.000000000000000, 5.00000000000000 ) );
#3033 = DIRECTION( '', ( 0.000000000000000, 0.000000000000000, -1.00000000000000 ) );
#3034 = DIRECTION( '', ( -1.00000000000000, 0.000000000000000, 0.000000000000000 ) );
#3035 = SURFACE_STYLE_FILL_AREA( #3850 );
#3036 = ORIENTED_EDGE( '', *, *, #3609, .F. );
#3037 = ORIENTED_EDGE( '', *, *, #3289, .T. );
#3038 = CARTESIAN_POINT( '', ( -8.67361737988404E-016, 0.000000000000000, 5.00000000000000 ) );
#3039 = DIRECTION( '', ( 0.000000000000000, 0.000000000000000, -1.00000000000000 ) );
#3040 = DIRECTION( '', ( -1.00000000000000, 0.000000000000000, 0.000000000000000 ) );
#3041 = SURFACE_STYLE_FILL_AREA( #3851 );
#3042 = ORIENTED_EDGE( '', *, *, #3355, .T. );
#3043 = ORIENTED_EDGE( '', *, *, #3842, .T. );
#3044 = ORIENTED_EDGE( '', *, *, #3633, .T. );
#3045 = ORIENTED_EDGE( '', *, *, #3693, .F. );
#3046 = ORIENTED_EDGE( '', *, *, #3384, .F. );
#3047 = ORIENTED_EDGE( '', *, *, #3847, .T. );
#3048 = ORIENTED_EDGE( '', *, *, #3524, .F. );
#3049 = ORIENTED_EDGE( '', *, *, #3665, .T. );
#3050 = ORIENTED_EDGE( '', *, *, #3503, .T. );
#3051 = ORIENTED_EDGE( '', *, *, #3846, .T. );
#3052 = ORIENTED_EDGE( '', *, *, #3852, .F. );
#3053 = ORIENTED_EDGE( '', *, *, #3711, .T. );
#3054 = ORIENTED_EDGE( '', *, *, #3788, .T. );
#3055 = ORIENTED_EDGE( '', *, *, #3844, .T. );
#3056 = ORIENTED_EDGE( '', *, *, #3834, .F. );
#3057 = ORIENTED_EDGE( '', *, *, #3419, .T. );
#3058 = CARTESIAN_POINT( '', ( 7.50000000000000, -4.15000000000000, 1.00000000000000 ) );
#3059 = DIRECTION( '', ( 0.000000000000000, 1.00000000000000, 0.000000000000000 ) );
#3060 = DIRECTION( '', ( 0.000000000000000, 0.000000000000000, 1.00000000000000 ) );
#3061 = SURFACE_STYLE_FILL_AREA( #3853 );
#3062 = ORIENTED_EDGE( '', *, *, #3338, .F. );
#3063 = ORIENTED_EDGE( '', *, *, #3410, .F. );
#3064 = ORIENTED_EDGE( '', *, *, #3796, .T. );
#3065 = ORIENTED_EDGE( '', *, *, #3586, .T. );
#3066 = ORIENTED_EDGE( '', *, *, #3544, .T. );
#3067 = ORIENTED_EDGE( '', *, *, #3832, .T. );
#3068 = ORIENTED_EDGE( '', *, *, #3628, .T. );
#3069 = ORIENTED_EDGE( '', *, *, #3365, .T. );
#3070 = CARTESIAN_POINT( '', ( 2.00000000000000, 2.37500000000000, -2.50000000000000 ) );
#3071 = DIRECTION( '', ( 0.000000000000000, 0.000000000000000, -1.00000000000000 ) );
#3072 = DIRECTION( '', ( -1.00000000000000, 0.000000000000000, 0.000000000000000 ) );
#3073 = SURFACE_STYLE_FILL_AREA( #3854 );
#3074 = ORIENTED_EDGE( '', *, *, #3804, .T. );
#3075 = ORIENTED_EDGE( '', *, *, #3532, .F. );
#3076 = CARTESIAN_POINT( '', ( 0.000000000000000, 0.000000000000000, 4.50000000000000 ) );
#3077 = DIRECTION( '', ( -0.000000000000000, -0.000000000000000, 1.00000000000000 ) );
#3078 = DIRECTION( '', ( -1.00000000000000, 0.000000000000000, 0.000000000000000 ) );
#3079 = SURFACE_STYLE_FILL_AREA( #3855 );
#3080 = ORIENTED_EDGE( '', *, *, #3700, .F. );
#3081 = ORIENTED_EDGE( '', *, *, #3779, .T. );
#3082 = ORIENTED_EDGE( '', *, *, #3754, .T. );
#3083 = ORIENTED_EDGE( '', *, *, #3519, .T. );
#3084 = CARTESIAN_POINT( '', ( 6.20000000000000, 3.55000000000000, 2.00000000000000 ) );
#3085 = DIRECTION( '', ( 0.000000000000000, 0.000000000000000, -1.00000000000000 ) );
#3086 = DIRECTION( '', ( -1.00000000000000, 0.000000000000000, 0.000000000000000 ) );
#3087 = SURFACE_STYLE_FILL_AREA( #3856 );
#3088 = ORIENTED_EDGE( '', *, *, #3469, .F. );
#3089 = ORIENTED_EDGE( '', *, *, #3704, .F. );
#3090 = ORIENTED_EDGE( '', *, *, #3857, .F. );
#3091 = ORIENTED_EDGE( '', *, *, #3646, .F. );
#3092 = ORIENTED_EDGE( '', *, *, #3745, .F. );
#3093 = ORIENTED_EDGE( '', *, *, #3486, .T. );
#3094 = CARTESIAN_POINT( '', ( 1.50000000000000, 4.15000000000000, -3.00000000000000 ) );
#3095 = DIRECTION( '', ( 0.957826285221152, -0.287347885566345, 0.000000000000000 ) );
#3096 = DIRECTION( '', ( 0.000000000000000, 0.000000000000000, 1.00000000000000 ) );
#3097 = SURFACE_STYLE_FILL_AREA( #3858 );
#3098 = ORIENTED_EDGE( '', *, *, #3691, .T. );
#3099 = ORIENTED_EDGE( '', *, *, #3376, .F. );
#3100 = ORIENTED_EDGE( '', *, *, #3318, .F. );
#3101 = ORIENTED_EDGE( '', *, *, #3491, .T. );
#3102 = CARTESIAN_POINT( '', ( 8.10000000000000, 3.52500000000000, 2.50000000000000 ) );
#3103 = DIRECTION( '', ( 0.203954254112002, -0.978980419737605, 0.000000000000000 ) );
#3104 = DIRECTION( '', ( 0.978980419737605, 0.203954254112002, 0.000000000000000 ) );
#3105 = SURFACE_STYLE_FILL_AREA( #3859 );
#3106 = ORIENTED_EDGE( '', *, *, #3860, .T. );
#3107 = ORIENTED_EDGE( '', *, *, #3861, .T. );
#3108 = ORIENTED_EDGE( '', *, *, #3553, .F. );
#3109 = ORIENTED_EDGE( '', *, *, #3657, .T. );
#3110 = CARTESIAN_POINT( '', ( 3.80000000000000, -15.6966621878844, -1.30000000000000 ) );
#3111 = DIRECTION( '', ( 9.03501810404587E-017, 0.000000000000000, 1.00000000000000 ) );
#3112 = DIRECTION( '', ( 1.00000000000000, 0.000000000000000, -9.03501810404587E-017 ) );
#3113 = SURFACE_STYLE_FILL_AREA( #3862 );
#3114 = ORIENTED_EDGE( '', *, *, #3538, .F. );
#3115 = ORIENTED_EDGE( '', *, *, #3483, .F. );
#3116 = ORIENTED_EDGE( '', *, *, #3774, .F. );
#3117 = ORIENTED_EDGE( '', *, *, #3716, .F. );
#3118 = CARTESIAN_POINT( '', ( 1.15000000000000, 1.87500000000000, 4.12500000000000 ) );
#3119 = DIRECTION( '', ( -0.554700196225229, -0.000000000000000, -0.832050294337844 ) );
#3120 = DIRECTION( '', ( 0.000000000000000, -1.00000000000000, 0.000000000000000 ) );
#3121 = SURFACE_STYLE_FILL_AREA( #3863 );
#3122 = ORIENTED_EDGE( '', *, *, #3790, .F. );
#3123 = ORIENTED_EDGE( '', *, *, #3307, .F. );
#3124 = ORIENTED_EDGE( '', *, *, #3662, .F. );
#3125 = ORIENTED_EDGE( '', *, *, #3398, .F. );
#3126 = ORIENTED_EDGE( '', *, *, #3288, .F. );
#3127 = CARTESIAN_POINT( '', ( 0.000000000000000, 0.000000000000000, 4.60000000000000 ) );
#3128 = DIRECTION( '', ( 0.000000000000000, 0.000000000000000, 1.00000000000000 ) );
#3129 = DIRECTION( '', ( 1.00000000000000, 0.000000000000000, 0.000000000000000 ) );
#3130 = SURFACE_STYLE_FILL_AREA( #3864 );
#3131 = ORIENTED_EDGE( '', *, *, #3705, .F. );
#3132 = ORIENTED_EDGE( '', *, *, #3412, .T. );
#3133 = ORIENTED_EDGE( '', *, *, #3865, .T. );
#3134 = ORIENTED_EDGE( '', *, *, #3821, .T. );
#3135 = CARTESIAN_POINT( '', ( -3.80000000000000, 3.55000000000000, 2.00000000000000 ) );
#3136 = DIRECTION( '', ( 0.000000000000000, 0.000000000000000, -1.00000000000000 ) );
#3137 = DIRECTION( '', ( -1.00000000000000, 0.000000000000000, 0.000000000000000 ) );
#3138 = SURFACE_STYLE_FILL_AREA( #3866 );
#3139 = ORIENTED_EDGE( '', *, *, #3445, .T. );
#3140 = ORIENTED_EDGE( '', *, *, #3781, .T. );
#3141 = ORIENTED_EDGE( '', *, *, #3860, .F. );
#3142 = ORIENTED_EDGE( '', *, *, #3659, .T. );
#3143 = ORIENTED_EDGE( '', *, *, #3675, .T. );
#3144 = ORIENTED_EDGE( '', *, *, #3867, .F. );
#3145 = ORIENTED_EDGE( '', *, *, #3838, .F. );
#3146 = ORIENTED_EDGE( '', *, *, #3728, .T. );
#3147 = CARTESIAN_POINT( '', ( 6.20000000000000, 2.95000000000000, 1.30000000000000 ) );
#3148 = DIRECTION( '', ( 1.00000000000000, 1.92747052886313E-015, 0.000000000000000 ) );
#3149 = DIRECTION( '', ( -1.92747052886313E-015, 1.00000000000000, 0.000000000000000 ) );
#3150 = SURFACE_STYLE_FILL_AREA( #3868 );
#3151 = ORIENTED_EDGE( '', *, *, #3423, .F. );
#3152 = ORIENTED_EDGE( '', *, *, #3712, .T. );
#3153 = ORIENTED_EDGE( '', *, *, #3852, .T. );
#3154 = ORIENTED_EDGE( '', *, *, #3845, .T. );
#3155 = ORIENTED_EDGE( '', *, *, #3566, .T. );
#3156 = ORIENTED_EDGE( '', *, *, #3671, .F. );
#3157 = CARTESIAN_POINT( '', ( 1.50000000000000, -3.70000000000000, 16.8466621878844 ) );
#3158 = DIRECTION( '', ( -1.00000000000000, 0.000000000000000, 0.000000000000000 ) );
#3159 = DIRECTION( '', ( 0.000000000000000, 0.000000000000000, 1.00000000000000 ) );
#3160 = SURFACE_STYLE_FILL_AREA( #3869 );
#3161 = ORIENTED_EDGE( '', *, *, #3818, .T. );
#3162 = ORIENTED_EDGE( '', *, *, #3849, .F. );
#3163 = CARTESIAN_POINT( '', ( -5.00000000000000, 0.000000000000000, -14.8466621878844 ) );
#3164 = DIRECTION( '', ( -0.000000000000000, -0.000000000000000, -1.00000000000000 ) );
#3165 = DIRECTION( '', ( 1.00000000000000, 0.000000000000000, 0.000000000000000 ) );
#3166 = SURFACE_STYLE_FILL_AREA( #3870 );
#3167 = ORIENTED_EDGE( '', *, *, #3562, .T. );
#3168 = ORIENTED_EDGE( '', *, *, #3824, .F. );
#3169 = ORIENTED_EDGE( '', *, *, #3857, .T. );
#3170 = ORIENTED_EDGE( '', *, *, #3703, .F. );
#3171 = CARTESIAN_POINT( '', ( 7.50000000000000, 4.15000000000000, -1.60000000000000 ) );
#3172 = DIRECTION( '', ( 8.65397782750411E-017, 0.287347885566346, 0.957826285221151 ) );
#3173 = DIRECTION( '', ( -1.00000000000000, -7.08367228503785E-033, 9.03501810404588E-017 ) );
#3174 = SURFACE_STYLE_FILL_AREA( #3871 );
#3175 = ORIENTED_EDGE( '', *, *, #3537, .F. );
#3176 = ORIENTED_EDGE( '', *, *, #3450, .F. );
#3177 = ORIENTED_EDGE( '', *, *, #3772, .F. );
#3178 = ORIENTED_EDGE( '', *, *, #3481, .F. );
#3179 = CARTESIAN_POINT( '', ( -0.850000000000000, 1.87500000000000, 4.32500000000000 ) );
#3180 = DIRECTION( '', ( -0.554700196225229, 0.000000000000000, 0.832050294337844 ) );
#3181 = DIRECTION( '', ( 0.000000000000000, 1.00000000000000, 0.000000000000000 ) );
#3182 = SURFACE_STYLE_FILL_AREA( #3872 );
#3183 = ORIENTED_EDGE( '', *, *, #3680, .F. );
#3184 = ORIENTED_EDGE( '', *, *, #3836, .F. );
#3185 = ORIENTED_EDGE( '', *, *, #3843, .T. );
#3186 = ORIENTED_EDGE( '', *, *, #3353, .T. );
#3187 = ORIENTED_EDGE( '', *, *, #3686, .F. );
#3188 = ORIENTED_EDGE( '', *, *, #3800, .F. );
#3189 = ORIENTED_EDGE( '', *, *, #3750, .T. );
#3190 = ORIENTED_EDGE( '', *, *, #3873, .T. );
#3191 = CARTESIAN_POINT( '', ( -3.50000000000000, -3.20000000000000, 16.8466621878844 ) );
#3192 = DIRECTION( '', ( 0.000000000000000, -1.00000000000000, 0.000000000000000 ) );
#3193 = DIRECTION( '', ( 0.000000000000000, 0.000000000000000, -1.00000000000000 ) );
#3194 = SURFACE_STYLE_FILL_AREA( #3874 );
#3195 = ORIENTED_EDGE( '', *, *, #3517, .T. );
#3196 = ORIENTED_EDGE( '', *, *, #3861, .F. );
#3197 = ORIENTED_EDGE( '', *, *, #3780, .T. );
#3198 = ORIENTED_EDGE( '', *, *, #3701, .F. );
#3199 = CARTESIAN_POINT( '', ( 7.50000000000000, 4.15000000000000, -1.60000000000000 ) );
#3200 = DIRECTION( '', ( 8.65397782750411E-017, 0.287347885566346, 0.957826285221151 ) );
#3201 = DIRECTION( '', ( -1.00000000000000, -7.08367228503785E-033, 9.03501810404588E-017 ) );
#3202 = SURFACE_STYLE_FILL_AREA( #3875 );
#3203 = ORIENTED_EDGE( '', *, *, #3681, .F. );
#3204 = ORIENTED_EDGE( '', *, *, #3873, .F. );
#3205 = ORIENTED_EDGE( '', *, *, #3749, .T. );
#3206 = ORIENTED_EDGE( '', *, *, #3806, .T. );
#3207 = CARTESIAN_POINT( '', ( -3.80000000000000, -3.20000000000000, 1.80000000000000 ) );
#3208 = DIRECTION( '', ( -1.00000000000000, 0.000000000000000, 0.000000000000000 ) );
#3209 = DIRECTION( '', ( 0.000000000000000, 0.000000000000000, 1.00000000000000 ) );
#3210 = SURFACE_STYLE_FILL_AREA( #3876 );
#3211 = ORIENTED_EDGE( '', *, *, #3379, .F. );
#3212 = ORIENTED_EDGE( '', *, *, #3699, .F. );
#3213 = ORIENTED_EDGE( '', *, *, #3636, .F. );
#3214 = ORIENTED_EDGE( '', *, *, #3577, .F. );
#3215 = CARTESIAN_POINT( '', ( 7.50000000000000, 3.65000000000000, 2.50000000000000 ) );
#3216 = DIRECTION( '', ( 1.00000000000000, -0.000000000000000, -0.000000000000000 ) );
#3217 = DIRECTION( '', ( 0.000000000000000, 0.000000000000000, 1.00000000000000 ) );
#3218 = SURFACE_STYLE_FILL_AREA( #3877 );
#3219 = ORIENTED_EDGE( '', *, *, #3607, .F. );
#3220 = ORIENTED_EDGE( '', *, *, #3757, .F. );
#3221 = ORIENTED_EDGE( '', *, *, #3620, .F. );
#3222 = ORIENTED_EDGE( '', *, *, #3478, .F. );
#3223 = CARTESIAN_POINT( '', ( 0.150000000000000, -6.57500000000000, 1.67500000000000 ) );
#3224 = DIRECTION( '', ( -0.554700196225229, 0.832050294337844, 0.000000000000000 ) );
#3225 = DIRECTION( '', ( 0.000000000000000, 0.000000000000000, 1.00000000000000 ) );
#3226 = SURFACE_STYLE_FILL_AREA( #3878 );
#3227 = ORIENTED_EDGE( '', *, *, #3545, .F. );
#3228 = ORIENTED_EDGE( '', *, *, #3341, .T. );
#3229 = ORIENTED_EDGE( '', *, *, #3627, .T. );
#3230 = ORIENTED_EDGE( '', *, *, #3810, .F. );
#3231 = CARTESIAN_POINT( '', ( -1.40000000000000, 0.725000000000000, -5.47260935955099 ) );
#3232 = DIRECTION( '', ( 1.16164518480590E-016, -1.00000000000000, 0.000000000000000 ) );
#3233 = DIRECTION( '', ( 1.00000000000000, 1.16164518480590E-016, 0.000000000000000 ) );
#3234 = SURFACE_STYLE_FILL_AREA( #3879 );
#3235 = ORIENTED_EDGE( '', *, *, #3822, .F. );
#3236 = ORIENTED_EDGE( '', *, *, #3865, .F. );
#3237 = ORIENTED_EDGE( '', *, *, #3417, .F. );
#3238 = ORIENTED_EDGE( '', *, *, #3495, .F. );
#3239 = CARTESIAN_POINT( '', ( -3.80000000000000, 3.25000000000000, 0.700000000000000 ) );
#3240 = DIRECTION( '', ( 0.000000000000000, 0.974391195694620, -0.224859506698759 ) );
#3241 = DIRECTION( '', ( -1.00000000000000, 0.000000000000000, 0.000000000000000 ) );
#3242 = SURFACE_STYLE_FILL_AREA( #3880 );
#3243 = ORIENTED_EDGE( '', *, *, #3760, .F. );
#3244 = ORIENTED_EDGE( '', *, *, #3826, .F. );
#3245 = ORIENTED_EDGE( '', *, *, #3768, .T. );
#3246 = ORIENTED_EDGE( '', *, *, #3322, .T. );
#3247 = ORIENTED_EDGE( '', *, *, #3652, .F. );
#3248 = ORIENTED_EDGE( '', *, *, #3330, .F. );
#3249 = ORIENTED_EDGE( '', *, *, #3581, .T. );
#3250 = ORIENTED_EDGE( '', *, *, #3829, .T. );
#3251 = ORIENTED_EDGE( '', *, *, #3813, .T. );
#3252 = ORIENTED_EDGE( '', *, *, #3297, .F. );
#3253 = CARTESIAN_POINT( '', ( -1.50000000000000, 1.87500000000000, -1.67500000000000 ) );
#3254 = DIRECTION( '', ( 0.000000000000000, 0.000000000000000, 1.00000000000000 ) );
#3255 = DIRECTION( '', ( 1.00000000000000, 0.000000000000000, 0.000000000000000 ) );
#3256 = SURFACE_STYLE_FILL_AREA( #3881 );
#3257 = ORIENTED_EDGE( '', *, *, #3689, .F. );
#3258 = ORIENTED_EDGE( '', *, *, #3743, .F. );
#3259 = ORIENTED_EDGE( '', *, *, #3292, .T. );
#3260 = ORIENTED_EDGE( '', *, *, #3639, .T. );
#3261 = CARTESIAN_POINT( '', ( -6.90000000000000, 3.52500000000000, 2.50000000000000 ) );
#3262 = DIRECTION( '', ( 0.203954254112000, -0.978980419737605, 0.000000000000000 ) );
#3263 = DIRECTION( '', ( 0.978980419737605, 0.203954254112000, 0.000000000000000 ) );
#3264 = SURFACE_STYLE_FILL_AREA( #3882 );
#3265 = ORIENTED_EDGE( '', *, *, #3867, .T. );
#3266 = ORIENTED_EDGE( '', *, *, #3674, .F. );
#3267 = ORIENTED_EDGE( '', *, *, #3802, .F. );
#3268 = ORIENTED_EDGE( '', *, *, #3736, .T. );
#3269 = ORIENTED_EDGE( '', *, *, #3696, .T. );
#3270 = ORIENTED_EDGE( '', *, *, #3676, .F. );
#3271 = ORIENTED_EDGE( '', *, *, #3556, .F. );
#3272 = ORIENTED_EDGE( '', *, *, #3839, .F. );
#3273 = CARTESIAN_POINT( '', ( 7.00000000000000, 2.50000000000000, 4.60000000000000 ) );
#3274 = DIRECTION( '', ( -1.08420217248550E-016, -1.00000000000000, 0.000000000000000 ) );
#3275 = DIRECTION( '', ( 1.00000000000000, -1.08420217248550E-016, 0.000000000000000 ) );
#3277 = FILL_AREA_STYLE( '', ( #3883 ) );
#3278 = EDGE_CURVE( '', #3884, #3884, #3885, .T. );
#3279 = EDGE_CURVE( '', #3886, #3887, #3888, .F. );
#3280 = EDGE_CURVE( '', #3886, #3889, #3890, .T. );
#3281 = EDGE_CURVE( '', #3891, #3889, #3892, .T. );
#3282 = EDGE_CURVE( '', #3891, #3893, #3894, .F. );
#3283 = EDGE_CURVE( '', #3895, #3893, #3896, .F. );
#3284 = EDGE_CURVE( '', #3895, #3897, #3898, .T. );
#3285 = EDGE_CURVE( '', #3899, #3897, #3900, .T. );
#3286 = EDGE_CURVE( '', #3899, #3887, #3901, .F. );
#3287 = FILL_AREA_STYLE( '', ( #3902 ) );
#3288 = EDGE_CURVE( '', #3903, #3903, #3904, .F. );
#3289 = EDGE_CURVE( '', #3905, #3905, #3906, .T. );
#3290 = FILL_AREA_STYLE( '', ( #3907 ) );
#3291 = EDGE_CURVE( '', #3908, #3909, #3910, .T. );
#3292 = EDGE_CURVE( '', #3911, #3908, #3912, .T. );
#3293 = EDGE_CURVE( '', #3913, #3911, #3914, .T. );
#3294 = EDGE_CURVE( '', #3909, #3913, #3915, .T. );
#3295 = FILL_AREA_STYLE( '', ( #3916 ) );
#3296 = EDGE_CURVE( '', #3917, #3918, #3919, .T. );
#3297 = EDGE_CURVE( '', #3917, #3920, #3921, .T. );
#3298 = EDGE_CURVE( '', #3920, #3922, #3923, .T. );
#3299 = EDGE_CURVE( '', #3918, #3922, #3924, .T. );
#3300 = FILL_AREA_STYLE( '', ( #3925 ) );
#3301 = EDGE_CURVE( '', #3926, #3927, #3928, .T. );
#3302 = EDGE_CURVE( '', #3929, #3926, #3930, .T. );
#3303 = EDGE_CURVE( '', #3929, #3931, #3932, .T. );
#3304 = EDGE_CURVE( '', #3931, #3933, #3934, .T. );
#3305 = EDGE_CURVE( '', #3935, #3933, #3936, .T. );
#3306 = EDGE_CURVE( '', #3937, #3935, #3938, .T. );
#3307 = EDGE_CURVE( '', #3937, #3939, #3940, .T. );
#3308 = EDGE_CURVE( '', #3939, #3927, #3941, .T. );
#3309 = FILL_AREA_STYLE( '', ( #3942 ) );
#3310 = EDGE_CURVE( '', #3943, #3944, #3945, .T. );
#3311 = EDGE_CURVE( '', #3946, #3943, #3947, .T. );
#3312 = EDGE_CURVE( '', #3948, #3946, #3949, .T. );
#3313 = EDGE_CURVE( '', #3944, #3948, #3950, .T. );
#3314 = FILL_AREA_STYLE( '', ( #3951 ) );
#3315 = EDGE_CURVE( '', #3952, #3953, #3954, .T. );
#3316 = EDGE_CURVE( '', #3953, #3955, #3956, .T. );
#3317 = EDGE_CURVE( '', #3955, #3957, #3958, .T. );
#3318 = EDGE_CURVE( '', #3957, #3952, #3959, .T. );
#3319 = FILL_AREA_STYLE( '', ( #3960 ) );
#3320 = EDGE_CURVE( '', #3961, #3962, #3963, .T. );
#3321 = EDGE_CURVE( '', #3964, #3962, #3965, .T. );
#3322 = EDGE_CURVE( '', #3966, #3964, #3967, .T. );
#3323 = EDGE_CURVE( '', #3966, #3961, #3968, .T. );
#3324 = FILL_AREA_STYLE( '', ( #3969 ) );
#3325 = EDGE_CURVE( '', #3970, #3971, #3972, .T. );
#3326 = EDGE_CURVE( '', #3970, #3973, #3974, .T. );
#3327 = EDGE_CURVE( '', #3973, #3975, #3976, .T. );
#3328 = EDGE_CURVE( '', #3971, #3975, #3977, .T. );
#3329 = FILL_AREA_STYLE( '', ( #3978 ) );
#3330 = EDGE_CURVE( '', #3979, #3980, #3981, .T. );
#3331 = EDGE_CURVE( '', #3980, #3982, #3983, .T. );
#3332 = EDGE_CURVE( '', #3984, #3982, #3985, .T. );
#3333 = EDGE_CURVE( '', #3979, #3984, #3986, .T. );
#3334 = FILL_AREA_STYLE( '', ( #3987 ) );
#3335 = EDGE_CURVE( '', #3988, #3989, #3990, .T. );
#3336 = EDGE_CURVE( '', #3989, #3991, #3992, .T. );
#3337 = EDGE_CURVE( '', #3991, #3993, #3994, .T. );
#3338 = EDGE_CURVE( '', #3993, #3988, #3995, .T. );
#3339 = FILL_AREA_STYLE( '', ( #3996 ) );
#3340 = EDGE_CURVE( '', #3997, #3997, #3998, .T. );
#3341 = EDGE_CURVE( '', #3999, #4000, #4001, .F. );
#3342 = EDGE_CURVE( '', #4000, #3999, #4002, .F. );
#3343 = FILL_AREA_STYLE( '', ( #4003 ) );
#3344 = EDGE_CURVE( '', #4004, #4005, #4006, .T. );
#3345 = EDGE_CURVE( '', #4005, #3918, #4007, .T. );
#3346 = EDGE_CURVE( '', #4008, #3922, #4009, .F. );
#3347 = EDGE_CURVE( '', #4010, #4008, #4011, .T. );
#3348 = EDGE_CURVE( '', #3984, #4010, #4012, .T. );
#3349 = EDGE_CURVE( '', #3982, #3962, #4013, .F. );
#3350 = EDGE_CURVE( '', #4004, #3961, #4014, .T. );
#3351 = FILL_AREA_STYLE( '', ( #4015 ) );
#3352 = EDGE_CURVE( '', #4016, #4017, #4018, .T. );
#3353 = EDGE_CURVE( '', #4019, #4016, #4020, .T. );
#3354 = EDGE_CURVE( '', #4019, #4021, #4022, .T. );
#3355 = EDGE_CURVE( '', #4023, #4021, #4024, .T. );
#3356 = EDGE_CURVE( '', #4023, #4025, #4026, .T. );
#3357 = EDGE_CURVE( '', #4025, #4017, #4027, .T. );
#3358 = FILL_AREA_STYLE( '', ( #4028 ) );
#3359 = EDGE_CURVE( '', #4029, #4025, #4030, .T. );
#3360 = EDGE_CURVE( '', #4029, #4031, #4032, .T. );
#3361 = EDGE_CURVE( '', #4017, #4031, #4033, .T. );
#3362 = FILL_AREA_STYLE( '', ( #4034 ) );
#3363 = EDGE_CURVE( '', #4035, #4000, #4036, .T. );
#3364 = EDGE_CURVE( '', #4037, #3999, #4038, .T. );
#3365 = EDGE_CURVE( '', #4035, #4037, #4039, .T. );
#3366 = FILL_AREA_STYLE( '', ( #4040 ) );
#3367 = EDGE_CURVE( '', #3889, #3891, #4041, .T. );
#3368 = EDGE_CURVE( '', #3886, #3893, #4042, .T. );
#3369 = FILL_AREA_STYLE( '', ( #4043 ) );
#3370 = EDGE_CURVE( '', #4044, #4045, #4046, .T. );
#3371 = EDGE_CURVE( '', #3943, #4044, #4047, .T. );
#3372 = EDGE_CURVE( '', #3944, #4045, #4048, .T. );
#3373 = FILL_AREA_STYLE( '', ( #4049 ) );
#3374 = EDGE_CURVE( '', #4050, #4051, #4052, .T. );
#3375 = EDGE_CURVE( '', #3953, #4051, #4053, .T. );
#3376 = EDGE_CURVE( '', #3952, #4054, #4055, .T. );
#3377 = EDGE_CURVE( '', #4054, #4056, #4057, .T. );
#3378 = EDGE_CURVE( '', #4056, #4058, #4059, .T. );
#3379 = EDGE_CURVE( '', #4058, #4060, #4061, .T. );
#3380 = EDGE_CURVE( '', #4060, #4062, #4063, .T. );
#3381 = EDGE_CURVE( '', #4062, #4064, #4065, .T. );
#3382 = EDGE_CURVE( '', #4064, #4066, #4067, .T. );
#3383 = EDGE_CURVE( '', #4066, #4068, #4069, .T. );
#3384 = EDGE_CURVE( '', #4068, #4070, #4071, .T. );
#3385 = EDGE_CURVE( '', #4070, #4072, #4073, .T. );
#3386 = EDGE_CURVE( '', #4074, #4072, #4075, .T. );
#3387 = EDGE_CURVE( '', #4076, #4074, #4077, .T. );
#3388 = EDGE_CURVE( '', #4076, #4050, #4078, .T. );
#3389 = FILL_AREA_STYLE( '', ( #4079 ) );
#3390 = EDGE_CURVE( '', #4080, #4081, #4082, .T. );
#3391 = EDGE_CURVE( '', #4083, #4080, #4084, .T. );
#3392 = EDGE_CURVE( '', #4083, #4085, #4086, .T. );
#3393 = EDGE_CURVE( '', #4085, #4081, #4087, .T. );
#3394 = FILL_AREA_STYLE( '', ( #4088 ) );
#3395 = EDGE_CURVE( '', #4089, #4090, #4091, .T. );
#3396 = EDGE_CURVE( '', #4092, #4090, #4093, .T. );
#3397 = EDGE_CURVE( '', #4094, #4092, #4095, .T. );
#3398 = EDGE_CURVE( '', #4094, #4096, #4097, .T. );
#3399 = EDGE_CURVE( '', #4096, #4098, #4099, .T. );
#3400 = EDGE_CURVE( '', #4100, #4098, #4101, .T. );
#3401 = EDGE_CURVE( '', #4102, #4100, #4103, .T. );
#3402 = EDGE_CURVE( '', #4089, #4102, #4104, .T. );
#3403 = FILL_AREA_STYLE( '', ( #4105 ) );
#3404 = EDGE_CURVE( '', #4106, #4107, #4108, .T. );
#3405 = EDGE_CURVE( '', #3948, #4106, #4109, .T. );
#3406 = EDGE_CURVE( '', #3946, #4107, #4110, .T. );
#3407 = FILL_AREA_STYLE( '', ( #4111 ) );
#3408 = EDGE_CURVE( '', #4112, #3991, #4113, .T. );
#3409 = EDGE_CURVE( '', #4112, #4114, #4115, .T. );
#3410 = EDGE_CURVE( '', #4114, #3993, #4116, .T. );
#3411 = FILL_AREA_STYLE( '', ( #4117 ) );
#3412 = EDGE_CURVE( '', #4118, #4119, #4120, .F. );
#3413 = EDGE_CURVE( '', #4121, #4118, #4122, .T. );
#3414 = EDGE_CURVE( '', #4123, #4121, #4124, .T. );
#3415 = EDGE_CURVE( '', #4125, #4123, #4126, .T. );
#3416 = EDGE_CURVE( '', #4127, #4125, #4128, .F. );
#3417 = EDGE_CURVE( '', #4127, #4119, #4129, .F. );
#3418 = FILL_AREA_STYLE( '', ( #4130 ) );
#3419 = EDGE_CURVE( '', #4131, #4023, #4132, .T. );
#3420 = EDGE_CURVE( '', #4029, #4131, #4133, .T. );
#3421 = FILL_AREA_STYLE( '', ( #4134 ) );
#3422 = EDGE_CURVE( '', #4135, #4136, #4137, .T. );
#3423 = EDGE_CURVE( '', #4135, #4138, #4139, .T. );
#3424 = EDGE_CURVE( '', #4140, #4138, #4141, .T. );
#3425 = EDGE_CURVE( '', #4136, #4140, #4142, .T. );
#3426 = FILL_AREA_STYLE( '', ( #4143 ) );
#3427 = EDGE_CURVE( '', #4144, #4123, #4145, .T. );
#3428 = EDGE_CURVE( '', #4123, #4146, #4147, .T. );
#3429 = EDGE_CURVE( '', #4148, #4146, #4149, .T. );
#3430 = EDGE_CURVE( '', #4148, #4144, #4150, .T. );
#3431 = FILL_AREA_STYLE( '', ( #4151 ) );
#3432 = EDGE_CURVE( '', #4152, #4153, #4154, .T. );
#3433 = EDGE_CURVE( '', #4153, #4155, #4156, .F. );
#3434 = EDGE_CURVE( '', #4157, #4155, #4158, .T. );
#3435 = EDGE_CURVE( '', #4152, #4157, #4159, .F. );
#3436 = FILL_AREA_STYLE( '', ( #4160 ) );
#3437 = EDGE_CURVE( '', #4161, #4162, #4163, .T. );
#3438 = EDGE_CURVE( '', #4164, #4161, #4165, .T. );
#3439 = EDGE_CURVE( '', #4164, #4166, #4167, .T. );
#3440 = EDGE_CURVE( '', #4166, #4162, #4168, .T. );
#3441 = FILL_AREA_STYLE( '', ( #4169 ) );
#3442 = EDGE_CURVE( '', #4170, #4171, #4172, .F. );
#3443 = EDGE_CURVE( '', #4171, #4173, #4174, .T. );
#3444 = EDGE_CURVE( '', #4173, #4175, #4176, .F. );
#3445 = EDGE_CURVE( '', #4177, #4175, #4178, .T. );
#3446 = EDGE_CURVE( '', #4177, #4179, #4180, .T. );
#3447 = EDGE_CURVE( '', #4179, #4170, #4181, .T. );
#3448 = FILL_AREA_STYLE( '', ( #4182 ) );
#3449 = EDGE_CURVE( '', #4183, #4184, #4185, .T. );
#3450 = EDGE_CURVE( '', #4183, #4186, #4187, .T. );
#3451 = EDGE_CURVE( '', #4188, #4186, #4189, .T. );
#3452 = EDGE_CURVE( '', #4188, #3979, #4190, .T. );
#3453 = EDGE_CURVE( '', #4184, #3984, #4191, .T. );
#3454 = FILL_AREA_STYLE( '', ( #4192 ) );
#3455 = EDGE_CURVE( '', #4148, #4193, #4194, .T. );
#3456 = EDGE_CURVE( '', #4193, #4195, #4196, .T. );
#3457 = EDGE_CURVE( '', #4144, #4195, #4197, .T. );
#3458 = FILL_AREA_STYLE( '', ( #4198 ) );
#3459 = EDGE_CURVE( '', #4199, #4200, #4201, .T. );
#3460 = EDGE_CURVE( '', #4064, #4200, #4202, .T. );
#3461 = EDGE_CURVE( '', #4062, #4199, #4203, .T. );
#3462 = FILL_AREA_STYLE( '', ( #4204 ) );
#3463 = EDGE_CURVE( '', #4205, #4206, #4207, .T. );
#3464 = EDGE_CURVE( '', #4208, #4205, #4209, .T. );
#3465 = EDGE_CURVE( '', #4208, #4210, #4211, .T. );
#3466 = EDGE_CURVE( '', #4210, #4206, #4212, .T. );
#3467 = FILL_AREA_STYLE( '', ( #4213 ) );
#3468 = EDGE_CURVE( '', #4214, #4215, #4216, .T. );
#3469 = EDGE_CURVE( '', #4214, #4217, #4218, .F. );
#3470 = EDGE_CURVE( '', #4217, #4219, #4220, .T. );
#3471 = EDGE_CURVE( '', #4219, #4215, #4221, .F. );
#3472 = FILL_AREA_STYLE( '', ( #4222 ) );
#3473 = EDGE_CURVE( '', #3897, #3899, #4223, .T. );
#3474 = FILL_AREA_STYLE( '', ( #4224 ) );
#3475 = EDGE_CURVE( '', #4225, #4226, #4227, .T. );
#3476 = EDGE_CURVE( '', #4225, #4228, #4229, .T. );
#3477 = EDGE_CURVE( '', #4228, #4230, #4231, .T. );
#3478 = EDGE_CURVE( '', #4230, #4226, #4232, .T. );
#3479 = FILL_AREA_STYLE( '', ( #4233 ) );
#3480 = EDGE_CURVE( '', #4234, #4235, #4236, .T. );
#3481 = EDGE_CURVE( '', #4234, #4237, #4238, .F. );
#3482 = EDGE_CURVE( '', #4237, #4239, #4240, .T. );
#3483 = EDGE_CURVE( '', #4239, #4235, #4241, .F. );
#3484 = FILL_AREA_STYLE( '', ( #4242 ) );
#3485 = EDGE_CURVE( '', #4219, #4243, #4244, .F. );
#3486 = EDGE_CURVE( '', #4245, #4217, #4246, .F. );
#3487 = EDGE_CURVE( '', #4243, #4245, #4247, .T. );
#3488 = FILL_AREA_STYLE( '', ( #4248 ) );
#3489 = FILL_AREA_STYLE( '', ( #4249 ) );
#3490 = EDGE_CURVE( '', #4250, #4251, #4252, .T. );
#3491 = EDGE_CURVE( '', #3957, #4251, #4253, .T. );
#3492 = EDGE_CURVE( '', #3955, #4250, #4254, .T. );
#3493 = FILL_AREA_STYLE( '', ( #4255 ) );
#3494 = EDGE_CURVE( '', #4256, #4257, #4258, .F. );
#3495 = EDGE_CURVE( '', #4257, #4127, #4259, .T. );
#3496 = EDGE_CURVE( '', #4260, #4125, #4261, .T. );
#3497 = EDGE_CURVE( '', #4260, #4262, #4263, .T. );
#3498 = EDGE_CURVE( '', #4262, #4256, #4264, .T. );
#3499 = FILL_AREA_STYLE( '', ( #4265 ) );
#3500 = EDGE_CURVE( '', #4266, #4267, #4268, .T. );
#3501 = EDGE_CURVE( '', #4269, #4266, #4270, .T. );
#3502 = EDGE_CURVE( '', #4269, #4271, #4272, .T. );
#3503 = EDGE_CURVE( '', #4273, #4271, #4274, .T. );
#3504 = EDGE_CURVE( '', #4273, #4275, #4276, .T. );
#3505 = EDGE_CURVE( '', #4275, #4267, #4277, .T. );
#3506 = FILL_AREA_STYLE( '', ( #4278 ) );
#3507 = EDGE_CURVE( '', #4279, #4280, #4281, .T. );
#3508 = EDGE_CURVE( '', #3909, #4279, #4282, .T. );
#3509 = EDGE_CURVE( '', #3913, #4280, #4283, .T. );
#3510 = FILL_AREA_STYLE( '', ( #4284 ) );
#3511 = EDGE_CURVE( '', #4285, #4286, #4287, .T. );
#3512 = EDGE_CURVE( '', #4288, #4286, #4289, .T. );
#3513 = EDGE_CURVE( '', #4290, #4288, #4291, .T. );
#3514 = EDGE_CURVE( '', #4290, #4285, #4292, .T. );
#3515 = FILL_AREA_STYLE( '', ( #4293 ) );
#3516 = EDGE_CURVE( '', #4294, #4170, #4295, .T. );
#3517 = EDGE_CURVE( '', #4296, #4294, #4297, .T. );
#3518 = EDGE_CURVE( '', #4298, #4296, #4299, .T. );
#3519 = EDGE_CURVE( '', #4300, #4298, #4301, .F. );
#3520 = EDGE_CURVE( '', #4300, #4171, #4302, .F. );
#3521 = FILL_AREA_STYLE( '', ( #4303 ) );
#3522 = EDGE_CURVE( '', #4304, #4305, #4306, .T. );
#3523 = EDGE_CURVE( '', #4304, #4307, #4308, .T. );
#3524 = EDGE_CURVE( '', #4307, #4309, #4310, .T. );
#3525 = EDGE_CURVE( '', #4309, #4311, #4312, .T. );
#3526 = EDGE_CURVE( '', #4311, #4313, #4314, .T. );
#3527 = EDGE_CURVE( '', #4305, #4313, #4315, .T. );
#3528 = FILL_AREA_STYLE( '', ( #4316 ) );
#3529 = EDGE_CURVE( '', #4317, #4317, #4318, .T. );
#3530 = EDGE_CURVE( '', #4319, #4319, #4320, .T. );
#3531 = FILL_AREA_STYLE( '', ( #4321 ) );
#3532 = EDGE_CURVE( '', #4322, #4322, #4323, .T. );
#3533 = FILL_AREA_STYLE( '', ( #4324 ) );
#3534 = EDGE_CURVE( '', #4325, #4146, #4326, .T. );
#3535 = EDGE_CURVE( '', #4325, #4121, #4327, .T. );
#3536 = FILL_AREA_STYLE( '', ( #4328 ) );
#3537 = EDGE_CURVE( '', #4186, #4234, #4329, .T. );
#3538 = EDGE_CURVE( '', #4235, #4330, #4331, .F. );
#3539 = EDGE_CURVE( '', #4332, #4330, #4333, .T. );
#3540 = EDGE_CURVE( '', #4188, #4332, #4334, .T. );
#3541 = FILL_AREA_STYLE( '', ( #4335 ) );
#3542 = EDGE_CURVE( '', #4336, #4337, #4338, .T. );
#3543 = EDGE_CURVE( '', #4339, #4336, #4340, .T. );
#3544 = EDGE_CURVE( '', #4037, #4339, #4341, .T. );
#3545 = EDGE_CURVE( '', #3999, #4337, #4342, .T. );
#3546 = FILL_AREA_STYLE( '', ( #4343 ) );
#3547 = EDGE_CURVE( '', #4051, #4250, #4344, .T. );
#3548 = FILL_AREA_STYLE( '', ( #4345 ) );
#3549 = EDGE_CURVE( '', #4346, #4347, #4348, .T. );
#3550 = EDGE_CURVE( '', #4166, #4346, #4349, .T. );
#3551 = EDGE_CURVE( '', #4347, #4164, #4350, .T. );
#3552 = FILL_AREA_STYLE( '', ( #4351 ) );
#3553 = EDGE_CURVE( '', #4352, #4294, #4353, .T. );
#3554 = EDGE_CURVE( '', #4354, #4179, #4355, .T. );
#3555 = EDGE_CURVE( '', #4356, #4354, #4357, .T. );
#3556 = EDGE_CURVE( '', #4356, #4358, #4359, .T. );
#3557 = EDGE_CURVE( '', #4358, #4360, #4361, .T. );
#3558 = EDGE_CURVE( '', #4352, #4360, #4362, .T. );
#3559 = FILL_AREA_STYLE( '', ( #4363 ) );
#3560 = EDGE_CURVE( '', #4364, #4243, #4365, .F. );
#3561 = EDGE_CURVE( '', #4366, #4364, #4367, .T. );
#3562 = EDGE_CURVE( '', #4368, #4366, #4369, .T. );
#3563 = EDGE_CURVE( '', #4215, #4368, #4370, .T. );
#3564 = FILL_AREA_STYLE( '', ( #4371 ) );
#3565 = EDGE_CURVE( '', #4372, #4373, #4374, .T. );
#3566 = EDGE_CURVE( '', #4375, #4372, #4376, .T. );
#3567 = EDGE_CURVE( '', #4375, #4377, #4378, .T. );
#3568 = EDGE_CURVE( '', #4377, #4379, #4380, .T. );
#3569 = EDGE_CURVE( '', #4381, #4379, #4382, .T. );
#3570 = EDGE_CURVE( '', #4383, #4381, #4384, .T. );
#3571 = EDGE_CURVE( '', #4383, #4385, #4386, .T. );
#3572 = EDGE_CURVE( '', #4385, #4373, #4387, .T. );
#3573 = FILL_AREA_STYLE( '', ( #4388 ) );
#3574 = EDGE_CURVE( '', #4072, #4285, #4389, .T. );
#3575 = EDGE_CURVE( '', #4074, #4290, #4390, .T. );
#3576 = FILL_AREA_STYLE( '', ( #4391 ) );
#3577 = EDGE_CURVE( '', #4060, #4392, #4393, .T. );
#3578 = EDGE_CURVE( '', #4392, #4199, #4394, .T. );
#3579 = FILL_AREA_STYLE( '', ( #4395 ) );
#3580 = EDGE_CURVE( '', #4332, #4396, #4397, .T. );
#3581 = EDGE_CURVE( '', #3979, #4396, #4398, .T. );
#3582 = FILL_AREA_STYLE( '', ( #4399 ) );
#3583 = EDGE_CURVE( '', #4162, #4400, #4401, .T. );
#3584 = EDGE_CURVE( '', #4346, #4400, #4402, .T. );
#3585 = FILL_AREA_STYLE( '', ( #4403 ) );
#3586 = EDGE_CURVE( '', #4404, #3988, #4405, .T. );
#3587 = EDGE_CURVE( '', #4404, #4406, #4407, .T. );
#3588 = EDGE_CURVE( '', #4406, #3989, #4408, .T. );
#3589 = FILL_AREA_STYLE( '', ( #4409 ) );
#3590 = EDGE_CURVE( '', #4410, #4411, #4412, .T. );
#3591 = EDGE_CURVE( '', #4081, #4411, #4413, .T. );
#3592 = EDGE_CURVE( '', #4085, #4208, #4414, .T. );
#3593 = EDGE_CURVE( '', #4415, #4205, #4416, .T. );
#3594 = EDGE_CURVE( '', #4417, #4415, #4418, .T. );
#3595 = EDGE_CURVE( '', #4410, #4417, #4419, .T. );
#3596 = FILL_AREA_STYLE( '', ( #4420 ) );
#3597 = EDGE_CURVE( '', #4045, #4421, #4422, .T. );
#3598 = EDGE_CURVE( '', #4423, #4106, #4424, .T. );
#3599 = EDGE_CURVE( '', #4425, #4423, #4426, .T. );
#3600 = EDGE_CURVE( '', #4425, #4427, #4428, .T. );
#3601 = EDGE_CURVE( '', #4427, #4421, #4429, .T. );
#3602 = FILL_AREA_STYLE( '', ( #4430 ) );
#3603 = EDGE_CURVE( '', #4228, #4431, #4432, .T. );
#3604 = EDGE_CURVE( '', #4431, #4433, #4434, .T. );
#3605 = EDGE_CURVE( '', #4433, #4435, #4436, .T. );
#3606 = EDGE_CURVE( '', #4437, #4435, #4438, .T. );
#3607 = EDGE_CURVE( '', #4437, #4230, #4439, .F. );
#3608 = FILL_AREA_STYLE( '', ( #4440 ) );
#3609 = EDGE_CURVE( '', #4441, #4441, #4442, .T. );
#3610 = EDGE_CURVE( '', #4443, #4443, #4444, .T. );
#3611 = FILL_AREA_STYLE( '', ( #4445 ) );
#3612 = EDGE_CURVE( '', #3970, #4366, #4446, .T. );
#3613 = EDGE_CURVE( '', #4447, #4364, #4448, .T. );
#3614 = EDGE_CURVE( '', #4449, #4447, #4450, .T. );
#3615 = EDGE_CURVE( '', #4102, #4449, #4451, .T. );
#3616 = EDGE_CURVE( '', #4100, #3973, #4452, .T. );
#3617 = FILL_AREA_STYLE( '', ( #4453 ) );
#3618 = EDGE_CURVE( '', #4454, #4152, #4455, .T. );
#3619 = EDGE_CURVE( '', #4454, #4225, #4456, .T. );
#3620 = EDGE_CURVE( '', #4226, #4457, #4458, .F. );
#3621 = EDGE_CURVE( '', #4457, #4153, #4459, .T. );
#3622 = FILL_AREA_STYLE( '', ( #4460 ) );
#3623 = EDGE_CURVE( '', #3895, #3887, #4461, .T. );
#3624 = FILL_AREA_STYLE( '', ( #4462 ) );
#3625 = EDGE_CURVE( '', #4463, #4464, #4465, .T. );
#3626 = EDGE_CURVE( '', #4466, #4464, #4467, .T. );
#3627 = EDGE_CURVE( '', #4000, #4466, #4468, .T. );
#3628 = EDGE_CURVE( '', #4463, #4035, #4469, .T. );
#3629 = FILL_AREA_STYLE( '', ( #4470 ) );
#3630 = EDGE_CURVE( '', #4400, #4279, #4471, .T. );
#3631 = EDGE_CURVE( '', #4347, #4472, #4473, .T. );
#3632 = EDGE_CURVE( '', #4474, #4472, #4475, .T. );
#3633 = EDGE_CURVE( '', #4476, #4474, #4477, .T. );
#3634 = EDGE_CURVE( '', #4478, #4476, #4479, .T. );
#3635 = EDGE_CURVE( '', #4200, #4478, #4480, .T. );
#3636 = EDGE_CURVE( '', #4392, #4481, #4482, .F. );
#3637 = EDGE_CURVE( '', #4483, #4481, #4484, .T. );
#3638 = EDGE_CURVE( '', #4485, #4483, #4486, .T. );
#3639 = EDGE_CURVE( '', #3908, #4485, #4487, .T. );
#3640 = FILL_AREA_STYLE( '', ( #4488 ) );
#3641 = EDGE_CURVE( '', #4489, #4410, #4490, .T. );
#3642 = EDGE_CURVE( '', #4417, #4491, #4492, .T. );
#3643 = EDGE_CURVE( '', #4491, #4489, #4493, .T. );
#3644 = FILL_AREA_STYLE( '', ( #4494 ) );
#3645 = EDGE_CURVE( '', #4495, #4496, #4497, .T. );
#3646 = EDGE_CURVE( '', #4496, #4498, #4499, .T. );
#3647 = EDGE_CURVE( '', #3971, #4498, #4500, .T. );
#3648 = EDGE_CURVE( '', #3975, #4090, #4501, .T. );
#3649 = EDGE_CURVE( '', #4502, #4089, #4503, .T. );
#3650 = EDGE_CURVE( '', #4502, #4495, #4504, .T. );
#3651 = FILL_AREA_STYLE( '', ( #4505 ) );
#3652 = EDGE_CURVE( '', #3980, #3964, #4506, .T. );
#3653 = FILL_AREA_STYLE( '', ( #4507 ) );
#3654 = EDGE_CURVE( '', #4195, #4411, #4508, .T. );
#3655 = EDGE_CURVE( '', #4489, #4260, #4509, .T. );
#3656 = FILL_AREA_STYLE( '', ( #4510 ) );
#3657 = EDGE_CURVE( '', #4352, #4511, #4512, .T. );
#3658 = EDGE_CURVE( '', #4360, #4513, #4514, .T. );
#3659 = EDGE_CURVE( '', #4511, #4513, #4515, .T. );
#3660 = FILL_AREA_STYLE( '', ( #4516 ) );
#3661 = EDGE_CURVE( '', #4098, #3935, #4517, .T. );
#3662 = EDGE_CURVE( '', #4096, #3937, #4518, .T. );
#3663 = FILL_AREA_STYLE( '', ( #4519 ) );
#3664 = EDGE_CURVE( '', #4304, #4275, #4520, .T. );
#3665 = EDGE_CURVE( '', #4307, #4273, #4521, .T. );
#3666 = FILL_AREA_STYLE( '', ( #4522 ) );
#3667 = EDGE_CURVE( '', #4373, #3926, #4523, .T. );
#3668 = EDGE_CURVE( '', #3927, #4092, #4524, .T. );
#3669 = EDGE_CURVE( '', #3933, #4381, #4525, .T. );
#3670 = EDGE_CURVE( '', #4379, #4140, #4526, .T. );
#3671 = EDGE_CURVE( '', #4138, #4372, #4527, .T. );
#3672 = EDGE_CURVE( '', #4313, #4044, #4528, .T. );
#3673 = EDGE_CURVE( '', #4421, #4529, #4530, .T. );
#3674 = EDGE_CURVE( '', #4529, #4531, #4532, .T. );
#3675 = EDGE_CURVE( '', #4513, #4531, #4533, .T. );
#3676 = EDGE_CURVE( '', #4358, #4534, #4535, .T. );
#3677 = EDGE_CURVE( '', #4534, #4423, #4536, .T. );
#3678 = EDGE_CURVE( '', #4107, #4266, #4537, .T. );
#3679 = EDGE_CURVE( '', #4267, #4305, #4538, .T. );
#3680 = EDGE_CURVE( '', #4539, #4540, #4541, .T. );
#3681 = EDGE_CURVE( '', #4540, #4542, #4543, .T. );
#3682 = EDGE_CURVE( '', #4542, #4080, #4544, .T. );
#3683 = EDGE_CURVE( '', #4415, #4193, #4545, .T. );
#3684 = EDGE_CURVE( '', #4206, #4546, #4547, .T. );
#3685 = EDGE_CURVE( '', #4546, #4548, #4549, .T. );
#3686 = EDGE_CURVE( '', #4548, #4016, #4550, .T. );
#3687 = EDGE_CURVE( '', #4031, #4539, #4551, .T. );
#3688 = EDGE_CURVE( '', #4280, #4552, #4553, .T. );
#3689 = EDGE_CURVE( '', #4552, #4485, #4554, .T. );
#3690 = EDGE_CURVE( '', #4056, #4483, #4555, .T. );
#3691 = EDGE_CURVE( '', #4251, #4054, #4556, .T. );
#3692 = EDGE_CURVE( '', #4286, #4050, #4557, .T. );
#3693 = EDGE_CURVE( '', #4070, #4474, #4558, .T. );
#3694 = EDGE_CURVE( '', #4472, #4161, #4559, .T. );
#3695 = FILL_AREA_STYLE( '', ( #4560 ) );
#3696 = EDGE_CURVE( '', #4561, #4534, #4562, .T. );
#3697 = EDGE_CURVE( '', #4561, #4425, #4563, .T. );
#3698 = FILL_AREA_STYLE( '', ( #4564 ) );
#3699 = EDGE_CURVE( '', #4481, #4058, #4565, .F. );
#3700 = EDGE_CURVE( '', #4566, #4298, #4567, .T. );
#3701 = EDGE_CURVE( '', #4296, #4568, #4569, .T. );
#3702 = EDGE_CURVE( '', #4568, #4566, #4570, .T. );
#3703 = EDGE_CURVE( '', #4368, #4571, #4572, .T. );
#3704 = EDGE_CURVE( '', #4571, #4214, #4573, .T. );
#3705 = EDGE_CURVE( '', #4118, #4574, #4575, .T. );
#3706 = EDGE_CURVE( '', #4574, #4325, #4576, .T. );
#3707 = FILL_AREA_STYLE( '', ( #4577 ) );
#3708 = EDGE_CURVE( '', #4449, #4502, #4578, .T. );
#3709 = FILL_AREA_STYLE( '', ( #4579 ) );
#3710 = EDGE_CURVE( '', #4580, #4136, #4581, .T. );
#3711 = EDGE_CURVE( '', #4582, #4580, #4583, .T. );
#3712 = EDGE_CURVE( '', #4135, #4582, #4584, .T. );
#3713 = FILL_AREA_STYLE( '', ( #4585 ) );
#3714 = EDGE_CURVE( '', #4385, #3929, #4586, .T. );
#3715 = FILL_AREA_STYLE( '', ( #4587 ) );
#3716 = EDGE_CURVE( '', #4330, #4588, #4589, .T. );
#3717 = EDGE_CURVE( '', #4588, #4590, #4591, .T. );
#3718 = EDGE_CURVE( '', #4590, #4010, #4592, .T. );
#3719 = EDGE_CURVE( '', #4396, #4010, #4593, .T. );
#3720 = FILL_AREA_STYLE( '', ( #4594 ) );
#3721 = EDGE_CURVE( '', #4595, #4595, #4596, .T. );
#3722 = EDGE_CURVE( '', #4597, #4597, #4598, .T. );
#3723 = FILL_AREA_STYLE( '', ( #4599 ) );
#3724 = EDGE_CURVE( '', #4600, #4600, #4601, .T. );
#3725 = FILL_AREA_STYLE( '', ( #4602 ) );
#3726 = EDGE_CURVE( '', #3931, #4383, #4603, .T. );
#3727 = FILL_AREA_STYLE( '', ( #4604 ) );
#3728 = EDGE_CURVE( '', #4605, #4177, #4606, .T. );
#3729 = EDGE_CURVE( '', #4354, #4605, #4607, .T. );
#3730 = FILL_AREA_STYLE( '', ( #4608 ) );
#3731 = EDGE_CURVE( '', #4155, #4609, #4610, .T. );
#3732 = EDGE_CURVE( '', #4611, #4609, #4612, .T. );
#3733 = EDGE_CURVE( '', #4157, #4611, #4613, .T. );
#3734 = FILL_AREA_STYLE( '', ( #4614 ) );
#3735 = EDGE_CURVE( '', #4427, #4615, #4616, .T. );
#3736 = EDGE_CURVE( '', #4615, #4561, #4617, .T. );
#3737 = EDGE_CURVE( '', #4618, #4618, #4619, .F. );
#3738 = FILL_AREA_STYLE( '', ( #4620 ) );
#3739 = EDGE_CURVE( '', #4435, #4621, #4622, .F. );
#3740 = EDGE_CURVE( '', #4433, #4623, #4624, .F. );
#3741 = EDGE_CURVE( '', #4623, #4621, #4625, .T. );
#3742 = FILL_AREA_STYLE( '', ( #4626 ) );
#3743 = EDGE_CURVE( '', #3911, #4552, #4627, .T. );
#3744 = FILL_AREA_STYLE( '', ( #4628 ) );
#3745 = EDGE_CURVE( '', #4245, #4496, #4629, .F. );
#3746 = EDGE_CURVE( '', #4495, #4447, #4630, .T. );
#3747 = FILL_AREA_STYLE( '', ( #4631 ) );
#3748 = FILL_AREA_STYLE( '', ( #4632 ) );
#3749 = EDGE_CURVE( '', #4633, #4634, #4635, .T. );
#3750 = EDGE_CURVE( '', #4636, #4633, #4637, .T. );
#3751 = EDGE_CURVE( '', #4638, #4636, #4639, .T. );
#3752 = EDGE_CURVE( '', #4634, #4638, #4640, .T. );
#3753 = FILL_AREA_STYLE( '', ( #4641 ) );
#3754 = EDGE_CURVE( '', #4642, #4300, #4643, .T. );
#3755 = EDGE_CURVE( '', #4173, #4642, #4644, .F. );
#3756 = FILL_AREA_STYLE( '', ( #4645 ) );
#3757 = EDGE_CURVE( '', #4457, #4437, #4646, .T. );
#3758 = EDGE_CURVE( '', #4621, #4647, #4648, .T. );
#3759 = EDGE_CURVE( '', #4647, #4649, #4650, .T. );
#3760 = EDGE_CURVE( '', #4649, #3917, #4651, .T. );
#3761 = EDGE_CURVE( '', #4609, #4005, #4652, .T. );
#3762 = FILL_AREA_STYLE( '', ( #4653 ) );
#3763 = EDGE_CURVE( '', #4288, #4076, #4654, .T. );
#3764 = FILL_AREA_STYLE( '', ( #4655 ) );
#3765 = FILL_AREA_STYLE( '', ( #4656 ) );
#3766 = EDGE_CURVE( '', #4431, #4454, #4657, .T. );
#3767 = EDGE_CURVE( '', #4611, #4004, #4658, .T. );
#3768 = EDGE_CURVE( '', #4659, #3966, #4660, .T. );
#3769 = EDGE_CURVE( '', #4661, #4659, #4662, .T. );
#3770 = EDGE_CURVE( '', #4623, #4661, #4663, .T. );
#3771 = FILL_AREA_STYLE( '', ( #4664 ) );
#3772 = EDGE_CURVE( '', #4237, #4183, #4665, .T. );
#3773 = EDGE_CURVE( '', #4184, #4590, #4666, .T. );
#3774 = EDGE_CURVE( '', #4588, #4239, #4667, .F. );
#3775 = FILL_AREA_STYLE( '', ( #4668 ) );
#3776 = EDGE_CURVE( '', #4146, #4256, #4669, .T. );
#3777 = EDGE_CURVE( '', #4491, #4262, #4670, .T. );
#3778 = FILL_AREA_STYLE( '', ( #4671 ) );
#3779 = EDGE_CURVE( '', #4566, #4642, #4672, .F. );
#3780 = EDGE_CURVE( '', #4673, #4568, #4674, .T. );
#3781 = EDGE_CURVE( '', #4175, #4673, #4675, .T. );
#3782 = FILL_AREA_STYLE( '', ( #4676 ) );
#3783 = FILL_AREA_STYLE( '', ( #4677 ) );
#3784 = FILL_AREA_STYLE( '', ( #4678 ) );
#3785 = EDGE_CURVE( '', #4661, #4647, #4679, .T. );
#3786 = FILL_AREA_STYLE( '', ( #4680 ) );
#3787 = EDGE_CURVE( '', #4377, #4681, #4682, .T. );
#3788 = EDGE_CURVE( '', #4580, #4681, #4683, .T. );
#3789 = FILL_AREA_STYLE( '', ( #4684 ) );
#3790 = EDGE_CURVE( '', #3939, #4094, #4685, .T. );
#3791 = FILL_AREA_STYLE( '', ( #4686 ) );
#3792 = FILL_AREA_STYLE( '', ( #4687 ) );
#3793 = EDGE_CURVE( '', #4311, #4269, #4688, .T. );
#3794 = FILL_AREA_STYLE( '', ( #4689 ) );
#3795 = FILL_AREA_STYLE( '', ( #4690 ) );
#3796 = EDGE_CURVE( '', #4114, #4404, #4691, .T. );
#3797 = EDGE_CURVE( '', #4406, #4112, #4692, .T. );
#3798 = FILL_AREA_STYLE( '', ( #4693 ) );
#3799 = EDGE_CURVE( '', #4638, #4546, #4694, .T. );
#3800 = EDGE_CURVE( '', #4636, #4548, #4695, .T. );
#3801 = FILL_AREA_STYLE( '', ( #4696 ) );
#3802 = EDGE_CURVE( '', #4615, #4529, #4697, .T. );
#3803 = FILL_AREA_STYLE( '', ( #4698 ) );
#3804 = EDGE_CURVE( '', #4699, #4699, #4700, .T. );
#3805 = FILL_AREA_STYLE( '', ( #4701 ) );
#3806 = EDGE_CURVE( '', #4634, #4542, #4702, .T. );
#3807 = EDGE_CURVE( '', #4210, #4083, #4703, .T. );
#3808 = FILL_AREA_STYLE( '', ( #4704 ) );
#3809 = EDGE_CURVE( '', #4464, #4336, #4705, .T. );
#3810 = EDGE_CURVE( '', #4337, #4466, #4706, .T. );
#3811 = FILL_AREA_STYLE( '', ( #4707 ) );
#3812 = FILL_AREA_STYLE( '', ( #4708 ) );
#3813 = EDGE_CURVE( '', #4709, #3920, #4710, .T. );
#3814 = EDGE_CURVE( '', #4709, #4008, #4711, .T. );
#3815 = FILL_AREA_STYLE( '', ( #4712 ) );
#3816 = EDGE_CURVE( '', #4066, #4478, #4713, .T. );
#3817 = FILL_AREA_STYLE( '', ( #4714 ) );
#3818 = EDGE_CURVE( '', #4715, #4715, #4716, .F. );
#3819 = FILL_AREA_STYLE( '', ( #4717 ) );
#3820 = FILL_AREA_STYLE( '', ( #4718 ) );
#3821 = EDGE_CURVE( '', #4719, #4574, #4720, .F. );
#3822 = EDGE_CURVE( '', #4719, #4257, #4721, .F. );
#3823 = FILL_AREA_STYLE( '', ( #4722 ) );
#3824 = EDGE_CURVE( '', #4498, #4366, #4723, .T. );
#3825 = FILL_AREA_STYLE( '', ( #4724 ) );
#3826 = EDGE_CURVE( '', #4659, #4649, #4725, .T. );
#3827 = FILL_AREA_STYLE( '', ( #4726 ) );
#3828 = FILL_AREA_STYLE( '', ( #4727 ) );
#3829 = EDGE_CURVE( '', #4396, #4709, #4728, .T. );
#3830 = FILL_AREA_STYLE( '', ( #4729 ) );
#3831 = FILL_AREA_STYLE( '', ( #4730 ) );
#3832 = EDGE_CURVE( '', #4339, #4463, #4731, .T. );
#3833 = FILL_AREA_STYLE( '', ( #4732 ) );
#3834 = EDGE_CURVE( '', #4131, #4733, #4734, .T. );
#3835 = EDGE_CURVE( '', #4733, #4735, #4736, .T. );
#3836 = EDGE_CURVE( '', #4735, #4539, #4737, .T. );
#3837 = FILL_AREA_STYLE( '', ( #4738 ) );
#3838 = EDGE_CURVE( '', #4605, #4739, #4740, .T. );
#3839 = EDGE_CURVE( '', #4739, #4356, #4741, .T. );
#3840 = FILL_AREA_STYLE( '', ( #4742 ) );
#3841 = FILL_AREA_STYLE( '', ( #4743 ) );
#3842 = EDGE_CURVE( '', #4021, #4476, #4744, .T. );
#3843 = EDGE_CURVE( '', #4735, #4019, #4745, .T. );
#3844 = EDGE_CURVE( '', #4681, #4733, #4746, .T. );
#3845 = EDGE_CURVE( '', #4747, #4375, #4748, .T. );
#3846 = EDGE_CURVE( '', #4271, #4747, #4749, .T. );
#3847 = EDGE_CURVE( '', #4068, #4309, #4750, .T. );
#3848 = FILL_AREA_STYLE( '', ( #4751 ) );
#3849 = EDGE_CURVE( '', #4752, #4752, #4753, .T. );
#3850 = FILL_AREA_STYLE( '', ( #4754 ) );
#3851 = FILL_AREA_STYLE( '', ( #4755 ) );
#3852 = EDGE_CURVE( '', #4582, #4747, #4756, .T. );
#3853 = FILL_AREA_STYLE( '', ( #4757 ) );
#3854 = FILL_AREA_STYLE( '', ( #4758 ) );
#3855 = FILL_AREA_STYLE( '', ( #4759 ) );
#3856 = FILL_AREA_STYLE( '', ( #4760 ) );
#3857 = EDGE_CURVE( '', #4498, #4571, #4761, .T. );
#3858 = FILL_AREA_STYLE( '', ( #4762 ) );
#3859 = FILL_AREA_STYLE( '', ( #4763 ) );
#3860 = EDGE_CURVE( '', #4511, #4673, #4764, .T. );
#3861 = EDGE_CURVE( '', #4673, #4294, #4765, .T. );
#3862 = FILL_AREA_STYLE( '', ( #4766 ) );
#3863 = FILL_AREA_STYLE( '', ( #4767 ) );
#3864 = FILL_AREA_STYLE( '', ( #4768 ) );
#3865 = EDGE_CURVE( '', #4119, #4719, #4769, .T. );
#3866 = FILL_AREA_STYLE( '', ( #4770 ) );
#3867 = EDGE_CURVE( '', #4739, #4531, #4771, .T. );
#3868 = FILL_AREA_STYLE( '', ( #4772 ) );
#3869 = FILL_AREA_STYLE( '', ( #4773 ) );
#3870 = FILL_AREA_STYLE( '', ( #4774 ) );
#3871 = FILL_AREA_STYLE( '', ( #4775 ) );
#3872 = FILL_AREA_STYLE( '', ( #4776 ) );
#3873 = EDGE_CURVE( '', #4633, #4540, #4777, .T. );
#3874 = FILL_AREA_STYLE( '', ( #4778 ) );
#3875 = FILL_AREA_STYLE( '', ( #4779 ) );
#3876 = FILL_AREA_STYLE( '', ( #4780 ) );
#3877 = FILL_AREA_STYLE( '', ( #4781 ) );
#3878 = FILL_AREA_STYLE( '', ( #4782 ) );
#3879 = FILL_AREA_STYLE( '', ( #4783 ) );
#3880 = FILL_AREA_STYLE( '', ( #4784 ) );
#3881 = FILL_AREA_STYLE( '', ( #4785 ) );
#3882 = FILL_AREA_STYLE( '', ( #4786 ) );
#3883 = FILL_AREA_STYLE_COLOUR( '', #4787 );
#3884 = VERTEX_POINT( '', #4788 );
#3885 = CIRCLE( '', #4789, 1.85000000000000 );
#3886 = VERTEX_POINT( '', #4790 );
#3887 = VERTEX_POINT( '', #4791 );
#3888 = CIRCLE( '', #4792, 1.85000000000000 );
#3889 = VERTEX_POINT( '', #4793 );
#3890 = LINE( '', #4794, #4795 );
#3891 = VERTEX_POINT( '', #4796 );
#3892 = CIRCLE( '', #4797, 1.85000000000000 );
#3893 = VERTEX_POINT( '', #4798 );
#3894 = LINE( '', #4799, #4800 );
#3895 = VERTEX_POINT( '', #4801 );
#3896 = CIRCLE( '', #4802, 1.85000000000000 );
#3897 = VERTEX_POINT( '', #4803 );
#3898 = LINE( '', #4804, #4805 );
#3899 = VERTEX_POINT( '', #4806 );
#3900 = CIRCLE( '', #4807, 1.85000000000000 );
#3901 = LINE( '', #4808, #4809 );
#3902 = FILL_AREA_STYLE_COLOUR( '', #4810 );
#3903 = VERTEX_POINT( '', #4811 );
#3904 = CIRCLE( '', #4812, 1.50000000000000 );
#3905 = VERTEX_POINT( '', #4813 );
#3906 = CIRCLE( '', #4814, 1.50000000000000 );
#3907 = FILL_AREA_STYLE_COLOUR( '', #4815 );
#3908 = VERTEX_POINT( '', #4816 );
#3909 = VERTEX_POINT( '', #4817 );
#3910 = LINE( '', #4818, #4819 );
#3911 = VERTEX_POINT( '', #4820 );
#3912 = LINE( '', #4821, #4822 );
#3913 = VERTEX_POINT( '', #4823 );
#3914 = LINE( '', #4824, #4825 );
#3915 = LINE( '', #4826, #4827 );
#3916 = FILL_AREA_STYLE_COLOUR( '', #4828 );
#3917 = VERTEX_POINT( '', #4829 );
#3918 = VERTEX_POINT( '', #4830 );
#3919 = LINE( '', #4831, #4832 );
#3920 = VERTEX_POINT( '', #4833 );
#3921 = LINE( '', #4834, #4835 );
#3922 = VERTEX_POINT( '', #4836 );
#3923 = LINE( '', #4837, #4838 );
#3924 = LINE( '', #4839, #4840 );
#3925 = FILL_AREA_STYLE_COLOUR( '', #4841 );
#3926 = VERTEX_POINT( '', #4842 );
#3927 = VERTEX_POINT( '', #4843 );
#3928 = LINE( '', #4844, #4845 );
#3929 = VERTEX_POINT( '', #4846 );
#3930 = LINE( '', #4847, #4848 );
#3931 = VERTEX_POINT( '', #4849 );
#3932 = LINE( '', #4850, #4851 );
#3933 = VERTEX_POINT( '', #4852 );
#3934 = LINE( '', #4853, #4854 );
#3935 = VERTEX_POINT( '', #4855 );
#3936 = LINE( '', #4856, #4857 );
#3937 = VERTEX_POINT( '', #4858 );
#3938 = LINE( '', #4859, #4860 );
#3939 = VERTEX_POINT( '', #4861 );
#3940 = LINE( '', #4862, #4863 );
#3941 = LINE( '', #4864, #4865 );
#3942 = FILL_AREA_STYLE_COLOUR( '', #4866 );
#3943 = VERTEX_POINT( '', #4867 );
#3944 = VERTEX_POINT( '', #4868 );
#3945 = LINE( '', #4869, #4870 );
#3946 = VERTEX_POINT( '', #4871 );
#3947 = LINE( '', #4872, #4873 );
#3948 = VERTEX_POINT( '', #4874 );
#3949 = LINE( '', #4875, #4876 );
#3950 = LINE( '', #4877, #4878 );
#3951 = FILL_AREA_STYLE_COLOUR( '', #4879 );
#3952 = VERTEX_POINT( '', #4880 );
#3953 = VERTEX_POINT( '', #4881 );
#3954 = LINE( '', #4882, #4883 );
#3955 = VERTEX_POINT( '', #4884 );
#3956 = LINE( '', #4885, #4886 );
#3957 = VERTEX_POINT( '', #4887 );
#3958 = LINE( '', #4888, #4889 );
#3959 = LINE( '', #4890, #4891 );
#3960 = FILL_AREA_STYLE_COLOUR( '', #4892 );
#3961 = VERTEX_POINT( '', #4893 );
#3962 = VERTEX_POINT( '', #4894 );
#3963 = LINE( '', #4895, #4896 );
#3964 = VERTEX_POINT( '', #4897 );
#3965 = LINE( '', #4898, #4899 );
#3966 = VERTEX_POINT( '', #4900 );
#3967 = LINE( '', #4901, #4902 );
#3968 = LINE( '', #4903, #4904 );
#3969 = FILL_AREA_STYLE_COLOUR( '', #4905 );
#3970 = VERTEX_POINT( '', #4906 );
#3971 = VERTEX_POINT( '', #4907 );
#3972 = LINE( '', #4908, #4909 );
#3973 = VERTEX_POINT( '', #4910 );
#3974 = LINE( '', #4911, #4912 );
#3975 = VERTEX_POINT( '', #4913 );
#3976 = LINE( '', #4914, #4915 );
#3977 = LINE( '', #4916, #4917 );
#3978 = FILL_AREA_STYLE_COLOUR( '', #4918 );
#3979 = VERTEX_POINT( '', #4919 );
#3980 = VERTEX_POINT( '', #4920 );
#3981 = LINE( '', #4921, #4922 );
#3982 = VERTEX_POINT( '', #4923 );
#3983 = LINE( '', #4924, #4925 );
#3984 = VERTEX_POINT( '', #4926 );
#3985 = LINE( '', #4927, #4928 );
#3986 = LINE( '', #4929, #4930 );
#3987 = FILL_AREA_STYLE_COLOUR( '', #4931 );
#3988 = VERTEX_POINT( '', #4932 );
#3989 = VERTEX_POINT( '', #4933 );
#3990 = LINE( '', #4934, #4935 );
#3991 = VERTEX_POINT( '', #4936 );
#3992 = LINE( '', #4937, #4938 );
#3993 = VERTEX_POINT( '', #4939 );
#3994 = LINE( '', #4940, #4941 );
#3995 = LINE( '', #4942, #4943 );
#3996 = FILL_AREA_STYLE_COLOUR( '', #4944 );
#3997 = VERTEX_POINT( '', #4945 );
#3998 = CIRCLE( '', #4946, 1.40000000000000 );
#3999 = VERTEX_POINT( '', #4947 );
#4000 = VERTEX_POINT( '', #4948 );
#4001 = CIRCLE( '', #4949, 1.40000000000000 );
#4002 = CIRCLE( '', #4950, 1.40000000000000 );
#4003 = FILL_AREA_STYLE_COLOUR( '', #4951 );
#4004 = VERTEX_POINT( '', #4952 );
#4005 = VERTEX_POINT( '', #4953 );
#4006 = LINE( '', #4954, #4955 );
#4007 = LINE( '', #4956, #4957 );
#4008 = VERTEX_POINT( '', #4958 );
#4009 = LINE( '', #4959, #4960 );
#4010 = VERTEX_POINT( '', #4961 );
#4011 = LINE( '', #4962, #4963 );
#4012 = LINE( '', #4964, #4965 );
#4013 = LINE( '', #4966, #4967 );
#4014 = LINE( '', #4968, #4969 );
#4015 = FILL_AREA_STYLE_COLOUR( '', #4970 );
#4016 = VERTEX_POINT( '', #4971 );
#4017 = VERTEX_POINT( '', #4972 );
#4018 = LINE( '', #4973, #4974 );
#4019 = VERTEX_POINT( '', #4975 );
#4020 = LINE( '', #4976, #4977 );
#4021 = VERTEX_POINT( '', #4978 );
#4022 = LINE( '', #4979, #4980 );
#4023 = VERTEX_POINT( '', #4981 );
#4024 = LINE( '', #4982, #4983 );
#4025 = VERTEX_POINT( '', #4984 );
#4026 = LINE( '', #4985, #4986 );
#4027 = LINE( '', #4987, #4988 );
#4028 = FILL_AREA_STYLE_COLOUR( '', #4989 );
#4029 = VERTEX_POINT( '', #4990 );
#4030 = LINE( '', #4991, #4992 );
#4031 = VERTEX_POINT( '', #4993 );
#4032 = LINE( '', #4994, #4995 );
#4033 = LINE( '', #4996, #4997 );
#4034 = FILL_AREA_STYLE_COLOUR( '', #4998 );
#4035 = VERTEX_POINT( '', #4999 );
#4036 = LINE( '', #5000, #5001 );
#4037 = VERTEX_POINT( '', #5002 );
#4038 = LINE( '', #5003, #5004 );
#4039 = LINE( '', #5005, #5006 );
#4040 = FILL_AREA_STYLE_COLOUR( '', #5007 );
#4041 = LINE( '', #5008, #5009 );
#4042 = LINE( '', #5010, #5011 );
#4043 = FILL_AREA_STYLE_COLOUR( '', #5012 );
#4044 = VERTEX_POINT( '', #5013 );
#4045 = VERTEX_POINT( '', #5014 );
#4046 = LINE( '', #5015, #5016 );
#4047 = LINE( '', #5017, #5018 );
#4048 = LINE( '', #5019, #5020 );
#4049 = FILL_AREA_STYLE_COLOUR( '', #5021 );
#4050 = VERTEX_POINT( '', #5022 );
#4051 = VERTEX_POINT( '', #5023 );
#4052 = LINE( '', #5024, #5025 );
#4053 = LINE( '', #5026, #5027 );
#4054 = VERTEX_POINT( '', #5028 );
#4055 = LINE( '', #5029, #5030 );
#4056 = VERTEX_POINT( '', #5031 );
#4057 = LINE( '', #5032, #5033 );
#4058 = VERTEX_POINT( '', #5034 );
#4059 = LINE( '', #5035, #5036 );
#4060 = VERTEX_POINT( '', #5037 );
#4061 = CIRCLE( '', #5038, 0.500000000000000 );
#4062 = VERTEX_POINT( '', #5039 );
#4063 = LINE( '', #5040, #5041 );
#4064 = VERTEX_POINT( '', #5042 );
#4065 = LINE( '', #5043, #5044 );
#4066 = VERTEX_POINT( '', #5045 );
#4067 = LINE( '', #5046, #5047 );
#4068 = VERTEX_POINT( '', #5048 );
#4069 = LINE( '', #5049, #5050 );
#4070 = VERTEX_POINT( '', #5051 );
#4071 = LINE( '', #5052, #5053 );
#4072 = VERTEX_POINT( '', #5054 );
#4073 = LINE( '', #5055, #5056 );
#4074 = VERTEX_POINT( '', #5057 );
#4075 = LINE( '', #5058, #5059 );
#4076 = VERTEX_POINT( '', #5060 );
#4077 = LINE( '', #5061, #5062 );
#4078 = LINE( '', #5063, #5064 );
#4079 = FILL_AREA_STYLE_COLOUR( '', #5065 );
#4080 = VERTEX_POINT( '', #5066 );
#4081 = VERTEX_POINT( '', #5067 );
#4082 = LINE( '', #5068, #5069 );
#4083 = VERTEX_POINT( '', #5070 );
#4084 = LINE( '', #5071, #5072 );
#4085 = VERTEX_POINT( '', #5073 );
#4086 = LINE( '', #5074, #5075 );
#4087 = LINE( '', #5076, #5077 );
#4088 = FILL_AREA_STYLE_COLOUR( '', #5078 );
#4089 = VERTEX_POINT( '', #5079 );
#4090 = VERTEX_POINT( '', #5080 );
#4091 = LINE( '', #5081, #5082 );
#4092 = VERTEX_POINT( '', #5083 );
#4093 = LINE( '', #5084, #5085 );
#4094 = VERTEX_POINT( '', #5086 );
#4095 = LINE( '', #5087, #5088 );
#4096 = VERTEX_POINT( '', #5089 );
#4097 = LINE( '', #5090, #5091 );
#4098 = VERTEX_POINT( '', #5092 );
#4099 = LINE( '', #5093, #5094 );
#4100 = VERTEX_POINT( '', #5095 );
#4101 = LINE( '', #5096, #5097 );
#4102 = VERTEX_POINT( '', #5098 );
#4103 = LINE( '', #5099, #5100 );
#4104 = LINE( '', #5101, #5102 );
#4105 = FILL_AREA_STYLE_COLOUR( '', #5103 );
#4106 = VERTEX_POINT( '', #5104 );
#4107 = VERTEX_POINT( '', #5105 );
#4108 = LINE( '', #5106, #5107 );
#4109 = LINE( '', #5108, #5109 );
#4110 = LINE( '', #5110, #5111 );
#4111 = FILL_AREA_STYLE_COLOUR( '', #5112 );
#4112 = VERTEX_POINT( '', #5113 );
#4113 = LINE( '', #5114, #5115 );
#4114 = VERTEX_POINT( '', #5116 );
#4115 = LINE( '', #5117, #5118 );
#4116 = LINE( '', #5119, #5120 );
#4117 = FILL_AREA_STYLE_COLOUR( '', #5121 );
#4118 = VERTEX_POINT( '', #5122 );
#4119 = VERTEX_POINT( '', #5123 );
#4120 = LINE( '', #5124, #5125 );
#4121 = VERTEX_POINT( '', #5126 );
#4122 = LINE( '', #5127, #5128 );
#4123 = VERTEX_POINT( '', #5129 );
#4124 = LINE( '', #5130, #5131 );
#4125 = VERTEX_POINT( '', #5132 );
#4126 = LINE( '', #5133, #5134 );
#4127 = VERTEX_POINT( '', #5135 );
#4128 = LINE( '', #5136, #5137 );
#4129 = LINE( '', #5138, #5139 );
#4130 = FILL_AREA_STYLE_COLOUR( '', #5140 );
#4131 = VERTEX_POINT( '', #5141 );
#4132 = LINE( '', #5142, #5143 );
#4133 = LINE( '', #5144, #5145 );
#4134 = FILL_AREA_STYLE_COLOUR( '', #5146 );
#4135 = VERTEX_POINT( '', #5147 );
#4136 = VERTEX_POINT( '', #5148 );
#4137 = LINE( '', #5149, #5150 );
#4138 = VERTEX_POINT( '', #5151 );
#4139 = LINE( '', #5152, #5153 );
#4140 = VERTEX_POINT( '', #5154 );
#4141 = LINE( '', #5155, #5156 );
#4142 = LINE( '', #5157, #5158 );
#4143 = FILL_AREA_STYLE_COLOUR( '', #5159 );
#4144 = VERTEX_POINT( '', #5160 );
#4145 = LINE( '', #5161, #5162 );
#4146 = VERTEX_POINT( '', #5163 );
#4147 = LINE( '', #5164, #5165 );
#4148 = VERTEX_POINT( '', #5166 );
#4149 = LINE( '', #5167, #5168 );
#4150 = LINE( '', #5169, #5170 );
#4151 = FILL_AREA_STYLE_COLOUR( '', #5171 );
#4152 = VERTEX_POINT( '', #5172 );
#4153 = VERTEX_POINT( '', #5173 );
#4154 = LINE( '', #5174, #5175 );
#4155 = VERTEX_POINT( '', #5176 );
#4156 = CIRCLE( '', #5177, 0.510000000000000 );
#4157 = VERTEX_POINT( '', #5178 );
#4158 = LINE( '', #5179, #5180 );
#4159 = CIRCLE( '', #5181, 0.510000000000000 );
#4160 = FILL_AREA_STYLE_COLOUR( '', #5182 );
#4161 = VERTEX_POINT( '', #5183 );
#4162 = VERTEX_POINT( '', #5184 );
#4163 = LINE( '', #5185, #5186 );
#4164 = VERTEX_POINT( '', #5187 );
#4165 = LINE( '', #5188, #5189 );
#4166 = VERTEX_POINT( '', #5190 );
#4167 = LINE( '', #5191, #5192 );
#4168 = LINE( '', #5193, #5194 );
#4169 = FILL_AREA_STYLE_COLOUR( '', #5195 );
#4170 = VERTEX_POINT( '', #5196 );
#4171 = VERTEX_POINT( '', #5197 );
#4172 = LINE( '', #5198, #5199 );
#4173 = VERTEX_POINT( '', #5200 );
#4174 = LINE( '', #5201, #5202 );
#4175 = VERTEX_POINT( '', #5203 );
#4176 = LINE( '', #5204, #5205 );
#4177 = VERTEX_POINT( '', #5206 );
#4178 = LINE( '', #5207, #5208 );
#4179 = VERTEX_POINT( '', #5209 );
#4180 = LINE( '', #5210, #5211 );
#4181 = LINE( '', #5212, #5213 );
#4182 = FILL_AREA_STYLE_COLOUR( '', #5214 );
#4183 = VERTEX_POINT( '', #5215 );
#4184 = VERTEX_POINT( '', #5216 );
#4185 = LINE( '', #5217, #5218 );
#4186 = VERTEX_POINT( '', #5219 );
#4187 = LINE( '', #5220, #5221 );
#4188 = VERTEX_POINT( '', #5222 );
#4189 = LINE( '', #5223, #5224 );
#4190 = CIRCLE( '', #5225, 0.510000000000000 );
#4191 = CIRCLE( '', #5226, 0.0100000000000000 );
#4192 = FILL_AREA_STYLE_COLOUR( '', #5227 );
#4193 = VERTEX_POINT( '', #5228 );
#4194 = LINE( '', #5229, #5230 );
#4195 = VERTEX_POINT( '', #5231 );
#4196 = LINE( '', #5232, #5233 );
#4197 = LINE( '', #5234, #5235 );
#4198 = FILL_AREA_STYLE_COLOUR( '', #5236 );
#4199 = VERTEX_POINT( '', #5237 );
#4200 = VERTEX_POINT( '', #5238 );
#4201 = LINE( '', #5239, #5240 );
#4202 = LINE( '', #5241, #5242 );
#4203 = LINE( '', #5243, #5244 );
#4204 = FILL_AREA_STYLE_COLOUR( '', #5245 );
#4205 = VERTEX_POINT( '', #5246 );
#4206 = VERTEX_POINT( '', #5247 );
#4207 = LINE( '', #5248, #5249 );
#4208 = VERTEX_POINT( '', #5250 );
#4209 = LINE( '', #5251, #5252 );
#4210 = VERTEX_POINT( '', #5253 );
#4211 = LINE( '', #5254, #5255 );
#4212 = LINE( '', #5256, #5257 );
#4213 = FILL_AREA_STYLE_COLOUR( '', #5258 );
#4214 = VERTEX_POINT( '', #5259 );
#4215 = VERTEX_POINT( '', #5260 );
#4216 = LINE( '', #5261, #5262 );
#4217 = VERTEX_POINT( '', #5263 );
#4218 = LINE( '', #5264, #5265 );
#4219 = VERTEX_POINT( '', #5266 );
#4220 = LINE( '', #5267, #5268 );
#4221 = LINE( '', #5269, #5270 );
#4222 = FILL_AREA_STYLE_COLOUR( '', #5271 );
#4223 = LINE( '', #5272, #5273 );
#4224 = FILL_AREA_STYLE_COLOUR( '', #5274 );
#4225 = VERTEX_POINT( '', #5275 );
#4226 = VERTEX_POINT( '', #5276 );
#4227 = LINE( '', #5277, #5278 );
#4228 = VERTEX_POINT( '', #5279 );
#4229 = LINE( '', #5280, #5281 );
#4230 = VERTEX_POINT( '', #5282 );
#4231 = LINE( '', #5283, #5284 );
#4232 = LINE( '', #5285, #5286 );
#4233 = FILL_AREA_STYLE_COLOUR( '', #5287 );
#4234 = VERTEX_POINT( '', #5288 );
#4235 = VERTEX_POINT( '', #5289 );
#4236 = LINE( '', #5290, #5291 );
#4237 = VERTEX_POINT( '', #5292 );
#4238 = LINE( '', #5293, #5294 );
#4239 = VERTEX_POINT( '', #5295 );
#4240 = LINE( '', #5296, #5297 );
#4241 = LINE( '', #5298, #5299 );
#4242 = FILL_AREA_STYLE_COLOUR( '', #5300 );
#4243 = VERTEX_POINT( '', #5301 );
#4244 = LINE( '', #5302, #5303 );
#4245 = VERTEX_POINT( '', #5304 );
#4246 = LINE( '', #5305, #5306 );
#4247 = LINE( '', #5307, #5308 );
#4248 = FILL_AREA_STYLE_COLOUR( '', #5309 );
#4249 = FILL_AREA_STYLE_COLOUR( '', #5310 );
#4250 = VERTEX_POINT( '', #5311 );
#4251 = VERTEX_POINT( '', #5312 );
#4252 = LINE( '', #5313, #5314 );
#4253 = LINE( '', #5315, #5316 );
#4254 = LINE( '', #5317, #5318 );
#4255 = FILL_AREA_STYLE_COLOUR( '', #5319 );
#4256 = VERTEX_POINT( '', #5320 );
#4257 = VERTEX_POINT( '', #5321 );
#4258 = LINE( '', #5322, #5323 );
#4259 = LINE( '', #5324, #5325 );
#4260 = VERTEX_POINT( '', #5326 );
#4261 = LINE( '', #5327, #5328 );
#4262 = VERTEX_POINT( '', #5329 );
#4263 = LINE( '', #5330, #5331 );
#4264 = LINE( '', #5332, #5333 );
#4265 = FILL_AREA_STYLE_COLOUR( '', #5334 );
#4266 = VERTEX_POINT( '', #5335 );
#4267 = VERTEX_POINT( '', #5336 );
#4268 = LINE( '', #5337, #5338 );
#4269 = VERTEX_POINT( '', #5339 );
#4270 = LINE( '', #5340, #5341 );
#4271 = VERTEX_POINT( '', #5342 );
#4272 = LINE( '', #5343, #5344 );
#4273 = VERTEX_POINT( '', #5345 );
#4274 = LINE( '', #5346, #5347 );
#4275 = VERTEX_POINT( '', #5348 );
#4276 = LINE( '', #5349, #5350 );
#4277 = LINE( '', #5351, #5352 );
#4278 = FILL_AREA_STYLE_COLOUR( '', #5353 );
#4279 = VERTEX_POINT( '', #5354 );
#4280 = VERTEX_POINT( '', #5355 );
#4281 = LINE( '', #5356, #5357 );
#4282 = LINE( '', #5358, #5359 );
#4283 = LINE( '', #5360, #5361 );
#4284 = FILL_AREA_STYLE_COLOUR( '', #5362 );
#4285 = VERTEX_POINT( '', #5363 );
#4286 = VERTEX_POINT( '', #5364 );
#4287 = LINE( '', #5365, #5366 );
#4288 = VERTEX_POINT( '', #5367 );
#4289 = LINE( '', #5368, #5369 );
#4290 = VERTEX_POINT( '', #5370 );
#4291 = LINE( '', #5371, #5372 );
#4292 = LINE( '', #5373, #5374 );
#4293 = FILL_AREA_STYLE_COLOUR( '', #5375 );
#4294 = VERTEX_POINT( '', #5376 );
#4295 = LINE( '', #5377, #5378 );
#4296 = VERTEX_POINT( '', #5379 );
#4297 = LINE( '', #5380, #5381 );
#4298 = VERTEX_POINT( '', #5382 );
#4299 = LINE( '', #5383, #5384 );
#4300 = VERTEX_POINT( '', #5385 );
#4301 = LINE( '', #5386, #5387 );
#4302 = LINE( '', #5388, #5389 );
#4303 = FILL_AREA_STYLE_COLOUR( '', #5390 );
#4304 = VERTEX_POINT( '', #5391 );
#4305 = VERTEX_POINT( '', #5392 );
#4306 = LINE( '', #5393, #5394 );
#4307 = VERTEX_POINT( '', #5395 );
#4308 = LINE( '', #5396, #5397 );
#4309 = VERTEX_POINT( '', #5398 );
#4310 = LINE( '', #5399, #5400 );
#4311 = VERTEX_POINT( '', #5401 );
#4312 = LINE( '', #5402, #5403 );
#4313 = VERTEX_POINT( '', #5404 );
#4314 = LINE( '', #5405, #5406 );
#4315 = LINE( '', #5407, #5408 );
#4316 = FILL_AREA_STYLE_COLOUR( '', #5409 );
#4317 = VERTEX_POINT( '', #5410 );
#4318 = CIRCLE( '', #5411, 1.85000000000000 );
#4319 = VERTEX_POINT( '', #5412 );
#4320 = CIRCLE( '', #5413, 1.85000000000000 );
#4321 = FILL_AREA_STYLE_COLOUR( '', #5414 );
#4322 = VERTEX_POINT( '', #5415 );
#4323 = CIRCLE( '', #5416, 1.40000000000000 );
#4324 = FILL_AREA_STYLE_COLOUR( '', #5417 );
#4325 = VERTEX_POINT( '', #5418 );
#4326 = LINE( '', #5419, #5420 );
#4327 = LINE( '', #5421, #5422 );
#4328 = FILL_AREA_STYLE_COLOUR( '', #5423 );
#4329 = LINE( '', #5424, #5425 );
#4330 = VERTEX_POINT( '', #5426 );
#4331 = LINE( '', #5427, #5428 );
#4332 = VERTEX_POINT( '', #5429 );
#4333 = LINE( '', #5430, #5431 );
#4334 = LINE( '', #5432, #5433 );
#4335 = FILL_AREA_STYLE_COLOUR( '', #5434 );
#4336 = VERTEX_POINT( '', #5435 );
#4337 = VERTEX_POINT( '', #5436 );
#4338 = LINE( '', #5437, #5438 );
#4339 = VERTEX_POINT( '', #5439 );
#4340 = LINE( '', #5440, #5441 );
#4341 = LINE( '', #5442, #5443 );
#4342 = LINE( '', #5444, #5445 );
#4343 = FILL_AREA_STYLE_COLOUR( '', #5446 );
#4344 = LINE( '', #5447, #5448 );
#4345 = FILL_AREA_STYLE_COLOUR( '', #5449 );
#4346 = VERTEX_POINT( '', #5450 );
#4347 = VERTEX_POINT( '', #5451 );
#4348 = LINE( '', #5452, #5453 );
#4349 = LINE( '', #5454, #5455 );
#4350 = LINE( '', #5456, #5457 );
#4351 = FILL_AREA_STYLE_COLOUR( '', #5458 );
#4352 = VERTEX_POINT( '', #5459 );
#4353 = LINE( '', #5460, #5461 );
#4354 = VERTEX_POINT( '', #5462 );
#4355 = LINE( '', #5463, #5464 );
#4356 = VERTEX_POINT( '', #5465 );
#4357 = LINE( '', #5466, #5467 );
#4358 = VERTEX_POINT( '', #5468 );
#4359 = LINE( '', #5469, #5470 );
#4360 = VERTEX_POINT( '', #5471 );
#4361 = LINE( '', #5472, #5473 );
#4362 = LINE( '', #5474, #5475 );
#4363 = FILL_AREA_STYLE_COLOUR( '', #5476 );
#4364 = VERTEX_POINT( '', #5477 );
#4365 = LINE( '', #5478, #5479 );
#4366 = VERTEX_POINT( '', #5480 );
#4367 = LINE( '', #5481, #5482 );
#4368 = VERTEX_POINT( '', #5483 );
#4369 = LINE( '', #5484, #5485 );
#4370 = LINE( '', #5486, #5487 );
#4371 = FILL_AREA_STYLE_COLOUR( '', #5488 );
#4372 = VERTEX_POINT( '', #5489 );
#4373 = VERTEX_POINT( '', #5490 );
#4374 = LINE( '', #5491, #5492 );
#4375 = VERTEX_POINT( '', #5493 );
#4376 = LINE( '', #5494, #5495 );
#4377 = VERTEX_POINT( '', #5496 );
#4378 = LINE( '', #5497, #5498 );
#4379 = VERTEX_POINT( '', #5499 );
#4380 = LINE( '', #5500, #5501 );
#4381 = VERTEX_POINT( '', #5502 );
#4382 = LINE( '', #5503, #5504 );
#4383 = VERTEX_POINT( '', #5505 );
#4384 = LINE( '', #5506, #5507 );
#4385 = VERTEX_POINT( '', #5508 );
#4386 = LINE( '', #5509, #5510 );
#4387 = LINE( '', #5511, #5512 );
#4388 = FILL_AREA_STYLE_COLOUR( '', #5513 );
#4389 = LINE( '', #5514, #5515 );
#4390 = LINE( '', #5516, #5517 );
#4391 = FILL_AREA_STYLE_COLOUR( '', #5518 );
#4392 = VERTEX_POINT( '', #5519 );
#4393 = LINE( '', #5520, #5521 );
#4394 = LINE( '', #5522, #5523 );
#4395 = FILL_AREA_STYLE_COLOUR( '', #5524 );
#4396 = VERTEX_POINT( '', #5525 );
#4397 = CIRCLE( '', #5526, 0.510000000000000 );
#4398 = LINE( '', #5527, #5528 );
#4399 = FILL_AREA_STYLE_COLOUR( '', #5529 );
#4400 = VERTEX_POINT( '', #5530 );
#4401 = LINE( '', #5531, #5532 );
#4402 = LINE( '', #5533, #5534 );
#4403 = FILL_AREA_STYLE_COLOUR( '', #5535 );
#4404 = VERTEX_POINT( '', #5536 );
#4405 = LINE( '', #5537, #5538 );
#4406 = VERTEX_POINT( '', #5539 );
#4407 = LINE( '', #5540, #5541 );
#4408 = LINE( '', #5542, #5543 );
#4409 = FILL_AREA_STYLE_COLOUR( '', #5544 );
#4410 = VERTEX_POINT( '', #5545 );
#4411 = VERTEX_POINT( '', #5546 );
#4412 = LINE( '', #5547, #5548 );
#4413 = LINE( '', #5549, #5550 );
#4414 = LINE( '', #5551, #5552 );
#4415 = VERTEX_POINT( '', #5553 );
#4416 = LINE( '', #5554, #5555 );
#4417 = VERTEX_POINT( '', #5556 );
#4418 = LINE( '', #5557, #5558 );
#4419 = LINE( '', #5559, #5560 );
#4420 = FILL_AREA_STYLE_COLOUR( '', #5561 );
#4421 = VERTEX_POINT( '', #5562 );
#4422 = LINE( '', #5563, #5564 );
#4423 = VERTEX_POINT( '', #5565 );
#4424 = LINE( '', #5566, #5567 );
#4425 = VERTEX_POINT( '', #5568 );
#4426 = LINE( '', #5569, #5570 );
#4427 = VERTEX_POINT( '', #5571 );
#4428 = LINE( '', #5572, #5573 );
#4429 = LINE( '', #5574, #5575 );
#4430 = FILL_AREA_STYLE_COLOUR( '', #5576 );
#4431 = VERTEX_POINT( '', #5577 );
#4432 = LINE( '', #5578, #5579 );
#4433 = VERTEX_POINT( '', #5580 );
#4434 = LINE( '', #5581, #5582 );
#4435 = VERTEX_POINT( '', #5583 );
#4436 = LINE( '', #5584, #5585 );
#4437 = VERTEX_POINT( '', #5586 );
#4438 = LINE( '', #5587, #5588 );
#4439 = LINE( '', #5589, #5590 );
#4440 = FILL_AREA_STYLE_COLOUR( '', #5591 );
#4441 = VERTEX_POINT( '', #5592 );
#4442 = CIRCLE( '', #5593, 1.85000000000000 );
#4443 = VERTEX_POINT( '', #5594 );
#4444 = CIRCLE( '', #5595, 1.85000000000000 );
#4445 = FILL_AREA_STYLE_COLOUR( '', #5596 );
#4446 = LINE( '', #5597, #5598 );
#4447 = VERTEX_POINT( '', #5599 );
#4448 = LINE( '', #5600, #5601 );
#4449 = VERTEX_POINT( '', #5602 );
#4450 = LINE( '', #5603, #5604 );
#4451 = LINE( '', #5605, #5606 );
#4452 = LINE( '', #5607, #5608 );
#4453 = FILL_AREA_STYLE_COLOUR( '', #5609 );
#4454 = VERTEX_POINT( '', #5610 );
#4455 = LINE( '', #5611, #5612 );
#4456 = LINE( '', #5613, #5614 );
#4457 = VERTEX_POINT( '', #5615 );
#4458 = LINE( '', #5616, #5617 );
#4459 = LINE( '', #5618, #5619 );
#4460 = FILL_AREA_STYLE_COLOUR( '', #5620 );
#4461 = LINE( '', #5621, #5622 );
#4462 = FILL_AREA_STYLE_COLOUR( '', #5623 );
#4463 = VERTEX_POINT( '', #5624 );
#4464 = VERTEX_POINT( '', #5625 );
#4465 = LINE( '', #5626, #5627 );
#4466 = VERTEX_POINT( '', #5628 );
#4467 = LINE( '', #5629, #5630 );
#4468 = LINE( '', #5631, #5632 );
#4469 = LINE( '', #5633, #5634 );
#4470 = FILL_AREA_STYLE_COLOUR( '', #5635 );
#4471 = LINE( '', #5636, #5637 );
#4472 = VERTEX_POINT( '', #5638 );
#4473 = LINE( '', #5639, #5640 );
#4474 = VERTEX_POINT( '', #5641 );
#4475 = LINE( '', #5642, #5643 );
#4476 = VERTEX_POINT( '', #5644 );
#4477 = LINE( '', #5645, #5646 );
#4478 = VERTEX_POINT( '', #5647 );
#4479 = LINE( '', #5648, #5649 );
#4480 = LINE( '', #5650, #5651 );
#4481 = VERTEX_POINT( '', #5652 );
#4482 = CIRCLE( '', #5653, 0.500000000000000 );
#4483 = VERTEX_POINT( '', #5654 );
#4484 = LINE( '', #5655, #5656 );
#4485 = VERTEX_POINT( '', #5657 );
#4486 = LINE( '', #5658, #5659 );
#4487 = LINE( '', #5660, #5661 );
#4488 = FILL_AREA_STYLE_COLOUR( '', #5662 );
#4489 = VERTEX_POINT( '', #5663 );
#4490 = LINE( '', #5664, #5665 );
#4491 = VERTEX_POINT( '', #5666 );
#4492 = LINE( '', #5667, #5668 );
#4493 = LINE( '', #5669, #5670 );
#4494 = FILL_AREA_STYLE_COLOUR( '', #5671 );
#4495 = VERTEX_POINT( '', #5672 );
#4496 = VERTEX_POINT( '', #5673 );
#4497 = LINE( '', #5674, #5675 );
#4498 = VERTEX_POINT( '', #5676 );
#4499 = LINE( '', #5677, #5678 );
#4500 = LINE( '', #5679, #5680 );
#4501 = LINE( '', #5681, #5682 );
#4502 = VERTEX_POINT( '', #5683 );
#4503 = LINE( '', #5684, #5685 );
#4504 = LINE( '', #5686, #5687 );
#4505 = FILL_AREA_STYLE_COLOUR( '', #5688 );
#4506 = LINE( '', #5689, #5690 );
#4507 = FILL_AREA_STYLE_COLOUR( '', #5691 );
#4508 = LINE( '', #5692, #5693 );
#4509 = LINE( '', #5694, #5695 );
#4510 = FILL_AREA_STYLE_COLOUR( '', #5696 );
#4511 = VERTEX_POINT( '', #5697 );
#4512 = LINE( '', #5698, #5699 );
#4513 = VERTEX_POINT( '', #5700 );
#4514 = LINE( '', #5701, #5702 );
#4515 = LINE( '', #5703, #5704 );
#4516 = FILL_AREA_STYLE_COLOUR( '', #5705 );
#4517 = LINE( '', #5706, #5707 );
#4518 = LINE( '', #5708, #5709 );
#4519 = FILL_AREA_STYLE_COLOUR( '', #5710 );
#4520 = LINE( '', #5711, #5712 );
#4521 = LINE( '', #5713, #5714 );
#4522 = FILL_AREA_STYLE_COLOUR( '', #5715 );
#4523 = LINE( '', #5716, #5717 );
#4524 = LINE( '', #5718, #5719 );
#4525 = LINE( '', #5720, #5721 );
#4526 = LINE( '', #5722, #5723 );
#4527 = LINE( '', #5724, #5725 );
#4528 = LINE( '', #5726, #5727 );
#4529 = VERTEX_POINT( '', #5728 );
#4530 = LINE( '', #5729, #5730 );
#4531 = VERTEX_POINT( '', #5731 );
#4532 = LINE( '', #5732, #5733 );
#4533 = LINE( '', #5734, #5735 );
#4534 = VERTEX_POINT( '', #5736 );
#4535 = LINE( '', #5737, #5738 );
#4536 = LINE( '', #5739, #5740 );
#4537 = LINE( '', #5741, #5742 );
#4538 = LINE( '', #5743, #5744 );
#4539 = VERTEX_POINT( '', #5745 );
#4540 = VERTEX_POINT( '', #5746 );
#4541 = LINE( '', #5747, #5748 );
#4542 = VERTEX_POINT( '', #5749 );
#4543 = LINE( '', #5750, #5751 );
#4544 = LINE( '', #5752, #5753 );
#4545 = LINE( '', #5754, #5755 );
#4546 = VERTEX_POINT( '', #5756 );
#4547 = LINE( '', #5757, #5758 );
#4548 = VERTEX_POINT( '', #5759 );
#4549 = LINE( '', #5760, #5761 );
#4550 = LINE( '', #5762, #5763 );
#4551 = LINE( '', #5764, #5765 );
#4552 = VERTEX_POINT( '', #5766 );
#4553 = LINE( '', #5767, #5768 );
#4554 = LINE( '', #5769, #5770 );
#4555 = LINE( '', #5771, #5772 );
#4556 = LINE( '', #5773, #5774 );
#4557 = LINE( '', #5775, #5776 );
#4558 = LINE( '', #5777, #5778 );
#4559 = LINE( '', #5779, #5780 );
#4560 = FILL_AREA_STYLE_COLOUR( '', #5781 );
#4561 = VERTEX_POINT( '', #5782 );
#4562 = LINE( '', #5783, #5784 );
#4563 = LINE( '', #5785, #5786 );
#4564 = FILL_AREA_STYLE_COLOUR( '', #5787 );
#4565 = LINE( '', #5788, #5789 );
#4566 = VERTEX_POINT( '', #5790 );
#4567 = LINE( '', #5791, #5792 );
#4568 = VERTEX_POINT( '', #5793 );
#4569 = LINE( '', #5794, #5795 );
#4570 = LINE( '', #5796, #5797 );
#4571 = VERTEX_POINT( '', #5798 );
#4572 = LINE( '', #5799, #5800 );
#4573 = LINE( '', #5801, #5802 );
#4574 = VERTEX_POINT( '', #5803 );
#4575 = LINE( '', #5804, #5805 );
#4576 = LINE( '', #5806, #5807 );
#4577 = FILL_AREA_STYLE_COLOUR( '', #5808 );
#4578 = LINE( '', #5809, #5810 );
#4579 = FILL_AREA_STYLE_COLOUR( '', #5811 );
#4580 = VERTEX_POINT( '', #5812 );
#4581 = LINE( '', #5813, #5814 );
#4582 = VERTEX_POINT( '', #5815 );
#4583 = LINE( '', #5816, #5817 );
#4584 = LINE( '', #5818, #5819 );
#4585 = FILL_AREA_STYLE_COLOUR( '', #5820 );
#4586 = LINE( '', #5821, #5822 );
#4587 = FILL_AREA_STYLE_COLOUR( '', #5823 );
#4588 = VERTEX_POINT( '', #5824 );
#4589 = LINE( '', #5825, #5826 );
#4590 = VERTEX_POINT( '', #5827 );
#4591 = LINE( '', #5828, #5829 );
#4592 = CIRCLE( '', #5830, 0.0100000000000000 );
#4593 = LINE( '', #5831, #5832 );
#4594 = FILL_AREA_STYLE_COLOUR( '', #5833 );
#4595 = VERTEX_POINT( '', #5834 );
#4596 = CIRCLE( '', #5835, 1.85000000000000 );
#4597 = VERTEX_POINT( '', #5836 );
#4598 = CIRCLE( '', #5837, 1.50000000000000 );
#4599 = FILL_AREA_STYLE_COLOUR( '', #5838 );
#4600 = VERTEX_POINT( '', #5839 );
#4601 = CIRCLE( '', #5840, 1.85000000000000 );
#4602 = FILL_AREA_STYLE_COLOUR( '', #5841 );
#4603 = LINE( '', #5842, #5843 );
#4604 = FILL_AREA_STYLE_COLOUR( '', #5844 );
#4605 = VERTEX_POINT( '', #5845 );
#4606 = LINE( '', #5846, #5847 );
#4607 = LINE( '', #5848, #5849 );
#4608 = FILL_AREA_STYLE_COLOUR( '', #5850 );
#4609 = VERTEX_POINT( '', #5851 );
#4610 = LINE( '', #5852, #5853 );
#4611 = VERTEX_POINT( '', #5854 );
#4612 = LINE( '', #5855, #5856 );
#4613 = LINE( '', #5857, #5858 );
#4614 = FILL_AREA_STYLE_COLOUR( '', #5859 );
#4615 = VERTEX_POINT( '', #5860 );
#4616 = LINE( '', #5861, #5862 );
#4617 = LINE( '', #5863, #5864 );
#4618 = VERTEX_POINT( '', #5865 );
#4619 = CIRCLE( '', #5866, 1.50000000000000 );
#4620 = FILL_AREA_STYLE_COLOUR( '', #5867 );
#4621 = VERTEX_POINT( '', #5868 );
#4622 = CIRCLE( '', #5869, 0.0100000000000000 );
#4623 = VERTEX_POINT( '', #5870 );
#4624 = CIRCLE( '', #5871, 0.0100000000000000 );
#4625 = LINE( '', #5872, #5873 );
#4626 = FILL_AREA_STYLE_COLOUR( '', #5874 );
#4627 = LINE( '', #5875, #5876 );
#4628 = FILL_AREA_STYLE_COLOUR( '', #5877 );
#4629 = LINE( '', #5878, #5879 );
#4630 = LINE( '', #5880, #5881 );
#4631 = FILL_AREA_STYLE_COLOUR( '', #5882 );
#4632 = FILL_AREA_STYLE_COLOUR( '', #5883 );
#4633 = VERTEX_POINT( '', #5884 );
#4634 = VERTEX_POINT( '', #5885 );
#4635 = LINE( '', #5886, #5887 );
#4636 = VERTEX_POINT( '', #5888 );
#4637 = LINE( '', #5889, #5890 );
#4638 = VERTEX_POINT( '', #5891 );
#4639 = LINE( '', #5892, #5893 );
#4640 = LINE( '', #5894, #5895 );
#4641 = FILL_AREA_STYLE_COLOUR( '', #5896 );
#4642 = VERTEX_POINT( '', #5897 );
#4643 = LINE( '', #5898, #5899 );
#4644 = LINE( '', #5900, #5901 );
#4645 = FILL_AREA_STYLE_COLOUR( '', #5902 );
#4646 = LINE( '', #5903, #5904 );
#4647 = VERTEX_POINT( '', #5905 );
#4648 = LINE( '', #5906, #5907 );
#4649 = VERTEX_POINT( '', #5908 );
#4650 = CIRCLE( '', #5909, 0.510000000000000 );
#4651 = LINE( '', #5910, #5911 );
#4652 = CIRCLE( '', #5912, 0.0100000000000000 );
#4653 = FILL_AREA_STYLE_COLOUR( '', #5913 );
#4654 = LINE( '', #5914, #5915 );
#4655 = FILL_AREA_STYLE_COLOUR( '', #5916 );
#4656 = FILL_AREA_STYLE_COLOUR( '', #5917 );
#4657 = LINE( '', #5918, #5919 );
#4658 = CIRCLE( '', #5920, 0.0100000000000000 );
#4659 = VERTEX_POINT( '', #5921 );
#4660 = LINE( '', #5922, #5923 );
#4661 = VERTEX_POINT( '', #5924 );
#4662 = CIRCLE( '', #5925, 0.510000000000000 );
#4663 = LINE( '', #5926, #5927 );
#4664 = FILL_AREA_STYLE_COLOUR( '', #5928 );
#4665 = LINE( '', #5929, #5930 );
#4666 = LINE( '', #5931, #5932 );
#4667 = LINE( '', #5933, #5934 );
#4668 = FILL_AREA_STYLE_COLOUR( '', #5935 );
#4669 = LINE( '', #5936, #5937 );
#4670 = LINE( '', #5938, #5939 );
#4671 = FILL_AREA_STYLE_COLOUR( '', #5940 );
#4672 = LINE( '', #5941, #5942 );
#4673 = VERTEX_POINT( '', #5943 );
#4674 = LINE( '', #5944, #5945 );
#4675 = LINE( '', #5946, #5947 );
#4676 = FILL_AREA_STYLE_COLOUR( '', #5948 );
#4677 = FILL_AREA_STYLE_COLOUR( '', #5949 );
#4678 = FILL_AREA_STYLE_COLOUR( '', #5950 );
#4679 = LINE( '', #5951, #5952 );
#4680 = FILL_AREA_STYLE_COLOUR( '', #5953 );
#4681 = VERTEX_POINT( '', #5954 );
#4682 = LINE( '', #5955, #5956 );
#4683 = LINE( '', #5957, #5958 );
#4684 = FILL_AREA_STYLE_COLOUR( '', #5959 );
#4685 = LINE( '', #5960, #5961 );
#4686 = FILL_AREA_STYLE_COLOUR( '', #5962 );
#4687 = FILL_AREA_STYLE_COLOUR( '', #5963 );
#4688 = LINE( '', #5964, #5965 );
#4689 = FILL_AREA_STYLE_COLOUR( '', #5966 );
#4690 = FILL_AREA_STYLE_COLOUR( '', #5967 );
#4691 = LINE( '', #5968, #5969 );
#4692 = LINE( '', #5970, #5971 );
#4693 = FILL_AREA_STYLE_COLOUR( '', #5972 );
#4694 = LINE( '', #5973, #5974 );
#4695 = LINE( '', #5975, #5976 );
#4696 = FILL_AREA_STYLE_COLOUR( '', #5977 );
#4697 = LINE( '', #5978, #5979 );
#4698 = FILL_AREA_STYLE_COLOUR( '', #5980 );
#4699 = VERTEX_POINT( '', #5981 );
#4700 = CIRCLE( '', #5982, 1.40000000000000 );
#4701 = FILL_AREA_STYLE_COLOUR( '', #5983 );
#4702 = LINE( '', #5984, #5985 );
#4703 = LINE( '', #5986, #5987 );
#4704 = FILL_AREA_STYLE_COLOUR( '', #5988 );
#4705 = LINE( '', #5989, #5990 );
#4706 = LINE( '', #5991, #5992 );
#4707 = FILL_AREA_STYLE_COLOUR( '', #5993 );
#4708 = FILL_AREA_STYLE_COLOUR( '', #5994 );
#4709 = VERTEX_POINT( '', #5995 );
#4710 = LINE( '', #5996, #5997 );
#4711 = LINE( '', #5998, #5999 );
#4712 = FILL_AREA_STYLE_COLOUR( '', #6000 );
#4713 = LINE( '', #6001, #6002 );
#4714 = FILL_AREA_STYLE_COLOUR( '', #6003 );
#4715 = VERTEX_POINT( '', #6004 );
#4716 = CIRCLE( '', #6005, 1.50000000000000 );
#4717 = FILL_AREA_STYLE_COLOUR( '', #6006 );
#4718 = FILL_AREA_STYLE_COLOUR( '', #6007 );
#4719 = VERTEX_POINT( '', #6008 );
#4720 = LINE( '', #6009, #6010 );
#4721 = LINE( '', #6011, #6012 );
#4722 = FILL_AREA_STYLE_COLOUR( '', #6013 );
#4723 = LINE( '', #6014, #6015 );
#4724 = FILL_AREA_STYLE_COLOUR( '', #6016 );
#4725 = LINE( '', #6017, #6018 );
#4726 = FILL_AREA_STYLE_COLOUR( '', #6019 );
#4727 = FILL_AREA_STYLE_COLOUR( '', #6020 );
#4728 = LINE( '', #6021, #6022 );
#4729 = FILL_AREA_STYLE_COLOUR( '', #6023 );
#4730 = FILL_AREA_STYLE_COLOUR( '', #6024 );
#4731 = LINE( '', #6025, #6026 );
#4732 = FILL_AREA_STYLE_COLOUR( '', #6027 );
#4733 = VERTEX_POINT( '', #6028 );
#4734 = LINE( '', #6029, #6030 );
#4735 = VERTEX_POINT( '', #6031 );
#4736 = LINE( '', #6032, #6033 );
#4737 = LINE( '', #6034, #6035 );
#4738 = FILL_AREA_STYLE_COLOUR( '', #6036 );
#4739 = VERTEX_POINT( '', #6037 );
#4740 = LINE( '', #6038, #6039 );
#4741 = LINE( '', #6040, #6041 );
#4742 = FILL_AREA_STYLE_COLOUR( '', #6042 );
#4743 = FILL_AREA_STYLE_COLOUR( '', #6043 );
#4744 = LINE( '', #6044, #6045 );
#4745 = LINE( '', #6046, #6047 );
#4746 = LINE( '', #6048, #6049 );
#4747 = VERTEX_POINT( '', #6050 );
#4748 = LINE( '', #6051, #6052 );
#4749 = LINE( '', #6053, #6054 );
#4750 = LINE( '', #6055, #6056 );
#4751 = FILL_AREA_STYLE_COLOUR( '', #6057 );
#4752 = VERTEX_POINT( '', #6058 );
#4753 = CIRCLE( '', #6059, 1.50000000000000 );
#4754 = FILL_AREA_STYLE_COLOUR( '', #6060 );
#4755 = FILL_AREA_STYLE_COLOUR( '', #6061 );
#4756 = LINE( '', #6062, #6063 );
#4757 = FILL_AREA_STYLE_COLOUR( '', #6064 );
#4758 = FILL_AREA_STYLE_COLOUR( '', #6065 );
#4759 = FILL_AREA_STYLE_COLOUR( '', #6066 );
#4760 = FILL_AREA_STYLE_COLOUR( '', #6067 );
#4761 = LINE( '', #6068, #6069 );
#4762 = FILL_AREA_STYLE_COLOUR( '', #6070 );
#4763 = FILL_AREA_STYLE_COLOUR( '', #6071 );
#4764 = LINE( '', #6072, #6073 );
#4765 = LINE( '', #6074, #6075 );
#4766 = FILL_AREA_STYLE_COLOUR( '', #6076 );
#4767 = FILL_AREA_STYLE_COLOUR( '', #6077 );
#4768 = FILL_AREA_STYLE_COLOUR( '', #6078 );
#4769 = LINE( '', #6079, #6080 );
#4770 = FILL_AREA_STYLE_COLOUR( '', #6081 );
#4771 = LINE( '', #6082, #6083 );
#4772 = FILL_AREA_STYLE_COLOUR( '', #6084 );
#4773 = FILL_AREA_STYLE_COLOUR( '', #6085 );
#4774 = FILL_AREA_STYLE_COLOUR( '', #6086 );
#4775 = FILL_AREA_STYLE_COLOUR( '', #6087 );
#4776 = FILL_AREA_STYLE_COLOUR( '', #6088 );
#4777 = LINE( '', #6089, #6090 );
#4778 = FILL_AREA_STYLE_COLOUR( '', #6091 );
#4779 = FILL_AREA_STYLE_COLOUR( '', #6092 );
#4780 = FILL_AREA_STYLE_COLOUR( '', #6093 );
#4781 = FILL_AREA_STYLE_COLOUR( '', #6094 );
#4782 = FILL_AREA_STYLE_COLOUR( '', #6095 );
#4783 = FILL_AREA_STYLE_COLOUR( '', #6096 );
#4784 = FILL_AREA_STYLE_COLOUR( '', #6097 );
#4785 = FILL_AREA_STYLE_COLOUR( '', #6098 );
#4786 = FILL_AREA_STYLE_COLOUR( '', #6099 );
#4787 = COLOUR_RGB( '', 0.699999988079071, 0.699999988079071, 0.699999988079071 );
#4788 = CARTESIAN_POINT( '', ( 1.85000000000000, 0.000000000000000, 0.750000000000000 ) );
#4789 = AXIS2_PLACEMENT_3D( '', #6100, #6101, #6102 );
#4790 = CARTESIAN_POINT( '', ( 0.500000000000000, -1.78115131305569, -0.0500000000000000 ) );
#4791 = CARTESIAN_POINT( '', ( -0.500000000000000, -1.78115131305569, -0.0500000000000000 ) );
#4792 = AXIS2_PLACEMENT_3D( '', #6103, #6104, #6105 );
#4793 = CARTESIAN_POINT( '', ( 0.500000000000000, -1.78115131305569, -0.750000000000000 ) );
#4794 = CARTESIAN_POINT( '', ( 0.500000000000000, -1.78115131305569, 0.750000000000000 ) );
#4795 = VECTOR( '', #6106, 1000.00000000000 );
#4796 = CARTESIAN_POINT( '', ( 0.500000000000000, 1.78115131305569, -0.750000000000000 ) );
#4797 = AXIS2_PLACEMENT_3D( '', #6107, #6108, #6109 );
#4798 = CARTESIAN_POINT( '', ( 0.500000000000000, 1.78115131305569, -0.0500000000000000 ) );
#4799 = CARTESIAN_POINT( '', ( 0.500000000000000, 1.78115131305569, 0.750000000000000 ) );
#4800 = VECTOR( '', #6110, 1000.00000000000 );
#4801 = CARTESIAN_POINT( '', ( -0.500000000000000, 1.78115131305569, -0.0500000000000000 ) );
#4802 = AXIS2_PLACEMENT_3D( '', #6111, #6112, #6113 );
#4803 = CARTESIAN_POINT( '', ( -0.500000000000000, 1.78115131305569, -0.750000000000000 ) );
#4804 = CARTESIAN_POINT( '', ( -0.500000000000000, 1.78115131305569, 0.750000000000000 ) );
#4805 = VECTOR( '', #6114, 1000.00000000000 );
#4806 = CARTESIAN_POINT( '', ( -0.500000000000000, -1.78115131305569, -0.750000000000000 ) );
#4807 = AXIS2_PLACEMENT_3D( '', #6115, #6116, #6117 );
#4808 = CARTESIAN_POINT( '', ( -0.500000000000000, -1.78115131305569, 0.750000000000000 ) );
#4809 = VECTOR( '', #6118, 1000.00000000000 );
#4810 = COLOUR_RGB( '', 0.333333343267441, 0.600000023841858, 0.333333343267441 );
#4811 = CARTESIAN_POINT( '', ( 1.50000000000000, 0.000000000000000, 4.60000000000000 ) );
#4812 = AXIS2_PLACEMENT_3D( '', #6119, #6120, #6121 );
#4813 = CARTESIAN_POINT( '', ( 1.50000000000000, 0.000000000000000, 5.00000000000000 ) );
#4814 = AXIS2_PLACEMENT_3D( '', #6122, #6123, #6124 );
#4815 = COLOUR_RGB( '', 0.333333343267441, 0.600000023841858, 0.333333343267441 );
#4816 = CARTESIAN_POINT( '', ( -7.50000000000000, 3.40000000000000, 2.50000000000000 ) );
#4817 = CARTESIAN_POINT( '', ( -7.50000000000000, 3.00000000000000, 2.50000000000000 ) );
#4818 = CARTESIAN_POINT( '', ( -7.50000000000000, 3.40000000000000, 2.50000000000000 ) );
#4819 = VECTOR( '', #6125, 1000.00000000000 );
#4820 = CARTESIAN_POINT( '', ( -6.90000000000000, 3.52500000000000, 2.50000000000000 ) );
#4821 = CARTESIAN_POINT( '', ( -6.90000000000000, 3.52500000000000, 2.50000000000000 ) );
#4822 = VECTOR( '', #6126, 1000.00000000000 );
#4823 = CARTESIAN_POINT( '', ( -6.90000000000000, 2.87500000000000, 2.50000000000000 ) );
#4824 = CARTESIAN_POINT( '', ( -6.90000000000000, 2.87500000000000, 2.50000000000000 ) );
#4825 = VECTOR( '', #6127, 1000.00000000000 );
#4826 = CARTESIAN_POINT( '', ( -7.50000000000000, 3.00000000000000, 2.50000000000000 ) );
#4827 = VECTOR( '', #6128, 1000.00000000000 );
#4828 = COLOUR_RGB( '', 0.699999988079071, 0.699999988079071, 0.699999988079071 );
#4829 = CARTESIAN_POINT( '', ( 0.450000000000000, -0.575000000000000, -1.67500000000000 ) );
#4830 = CARTESIAN_POINT( '', ( 0.450000000000000, -0.575000000000000, -1.17500000000000 ) );
#4831 = CARTESIAN_POINT( '', ( 0.450000000000000, -0.575000000000000, -8.61399902678650 ) );
#4832 = VECTOR( '', #6129, 1000.00000000000 );
#4833 = CARTESIAN_POINT( '', ( 1.50000000000000, -0.575000000000000, -1.67500000000000 ) );
#4834 = CARTESIAN_POINT( '', ( -1.50000000000000, -0.575000000000000, -1.67500000000000 ) );
#4835 = VECTOR( '', #6130, 1000.00000000000 );
#4836 = CARTESIAN_POINT( '', ( 1.50000000000000, -0.575000000000000, -1.17500000000000 ) );
#4837 = CARTESIAN_POINT( '', ( 1.50000000000000, -0.575000000000000, -8.61399902678650 ) );
#4838 = VECTOR( '', #6131, 1000.00000000000 );
#4839 = CARTESIAN_POINT( '', ( -1.50000000000000, -0.575000000000000, -1.17500000000000 ) );
#4840 = VECTOR( '', #6132, 1000.00000000000 );
#4841 = COLOUR_RGB( '', 0.333333343267441, 0.600000023841858, 0.333333343267441 );
#4842 = CARTESIAN_POINT( '', ( 1.20000000000000, -2.50000000000000, -3.00000000000000 ) );
#4843 = CARTESIAN_POINT( '', ( 2.00000000000000, -2.50000000000000, -3.00000000000000 ) );
#4844 = CARTESIAN_POINT( '', ( -2.00000000000000, -2.50000000000000, -3.00000000000000 ) );
#4845 = VECTOR( '', #6133, 1000.00000000000 );
#4846 = CARTESIAN_POINT( '', ( 1.20000000000000, -2.50000000000000, 1.80000000000000 ) );
#4847 = CARTESIAN_POINT( '', ( 1.20000000000000, -2.50000000000000, 1.80000000000000 ) );
#4848 = VECTOR( '', #6134, 1000.00000000000 );
#4849 = CARTESIAN_POINT( '', ( -1.20000000000000, -2.50000000000000, 1.80000000000000 ) );
#4850 = CARTESIAN_POINT( '', ( 1.20000000000000, -2.50000000000000, 1.80000000000000 ) );
#4851 = VECTOR( '', #6135, 1000.00000000000 );
#4852 = CARTESIAN_POINT( '', ( -1.20000000000000, -2.50000000000000, -3.00000000000000 ) );
#4853 = CARTESIAN_POINT( '', ( -1.20000000000000, -2.50000000000000, 1.80000000000000 ) );
#4854 = VECTOR( '', #6136, 1000.00000000000 );
#4855 = CARTESIAN_POINT( '', ( -2.00000000000000, -2.50000000000000, -3.00000000000000 ) );
#4856 = CARTESIAN_POINT( '', ( -2.00000000000000, -2.50000000000000, -3.00000000000000 ) );
#4857 = VECTOR( '', #6137, 1000.00000000000 );
#4858 = CARTESIAN_POINT( '', ( -2.00000000000000, -2.50000000000000, 4.60000000000000 ) );
#4859 = CARTESIAN_POINT( '', ( -2.00000000000000, -2.50000000000000, 4.60000000000000 ) );
#4860 = VECTOR( '', #6138, 1000.00000000000 );
#4861 = CARTESIAN_POINT( '', ( 2.00000000000000, -2.50000000000000, 4.60000000000000 ) );
#4862 = CARTESIAN_POINT( '', ( -2.00000000000000, -2.50000000000000, 4.60000000000000 ) );
#4863 = VECTOR( '', #6139, 1000.00000000000 );
#4864 = CARTESIAN_POINT( '', ( 2.00000000000000, -2.50000000000000, 4.60000000000000 ) );
#4865 = VECTOR( '', #6140, 1000.00000000000 );
#4866 = COLOUR_RGB( '', 0.333333343267441, 0.600000023841858, 0.333333343267441 );
#4867 = CARTESIAN_POINT( '', ( 6.20000000000000, -3.20000000000000, 1.80000000000000 ) );
#4868 = CARTESIAN_POINT( '', ( 6.20000000000000, -2.50000000000000, 1.80000000000000 ) );
#4869 = CARTESIAN_POINT( '', ( 6.20000000000000, -3.20000000000000, 1.80000000000000 ) );
#4870 = VECTOR( '', #6141, 1000.00000000000 );
#4871 = CARTESIAN_POINT( '', ( 3.80000000000000, -3.20000000000000, 1.80000000000000 ) );
#4872 = CARTESIAN_POINT( '', ( 3.80000000000000, -3.20000000000000, 1.80000000000000 ) );
#4873 = VECTOR( '', #6142, 1000.00000000000 );
#4874 = CARTESIAN_POINT( '', ( 3.80000000000000, -2.50000000000000, 1.80000000000000 ) );
#4875 = CARTESIAN_POINT( '', ( 3.80000000000000, -2.50000000000000, 1.80000000000000 ) );
#4876 = VECTOR( '', #6143, 1000.00000000000 );
#4877 = CARTESIAN_POINT( '', ( 6.20000000000000, -2.50000000000000, 1.80000000000000 ) );
#4878 = VECTOR( '', #6144, 1000.00000000000 );
#4879 = COLOUR_RGB( '', 0.333333343267441, 0.600000023841858, 0.333333343267441 );
#4880 = CARTESIAN_POINT( '', ( 7.50000000000000, 3.40000000000000, 2.50000000000000 ) );
#4881 = CARTESIAN_POINT( '', ( 7.50000000000000, 3.00000000000000, 2.50000000000000 ) );
#4882 = CARTESIAN_POINT( '', ( 7.50000000000000, 3.40000000000000, 2.50000000000000 ) );
#4883 = VECTOR( '', #6145, 1000.00000000000 );
#4884 = CARTESIAN_POINT( '', ( 8.10000000000000, 2.87500000000000, 2.50000000000000 ) );
#4885 = CARTESIAN_POINT( '', ( 7.50000000000000, 3.00000000000000, 2.50000000000000 ) );
#4886 = VECTOR( '', #6146, 1000.00000000000 );
#4887 = CARTESIAN_POINT( '', ( 8.10000000000000, 3.52500000000000, 2.50000000000000 ) );
#4888 = CARTESIAN_POINT( '', ( 8.10000000000000, 2.87500000000000, 2.50000000000000 ) );
#4889 = VECTOR( '', #6147, 1000.00000000000 );
#4890 = CARTESIAN_POINT( '', ( 8.10000000000000, 3.52500000000000, 2.50000000000000 ) );
#4891 = VECTOR( '', #6148, 1000.00000000000 );
#4892 = COLOUR_RGB( '', 0.699999988079071, 0.699999988079071, 0.699999988079071 );
#4893 = CARTESIAN_POINT( '', ( -0.450000000000000, -0.575000000000000, -1.17500000000000 ) );
#4894 = CARTESIAN_POINT( '', ( -1.50000000000000, -0.575000000000000, -1.17500000000000 ) );
#4895 = CARTESIAN_POINT( '', ( -1.50000000000000, -0.575000000000000, -1.17500000000000 ) );
#4896 = VECTOR( '', #6149, 1000.00000000000 );
#4897 = CARTESIAN_POINT( '', ( -1.50000000000000, -0.575000000000000, -1.67500000000000 ) );
#4898 = CARTESIAN_POINT( '', ( -1.50000000000000, -0.575000000000000, -8.61399902678650 ) );
#4899 = VECTOR( '', #6150, 1000.00000000000 );
#4900 = CARTESIAN_POINT( '', ( -0.450000000000000, -0.575000000000000, -1.67500000000000 ) );
#4901 = CARTESIAN_POINT( '', ( -1.50000000000000, -0.575000000000000, -1.67500000000000 ) );
#4902 = VECTOR( '', #6151, 1000.00000000000 );
#4903 = CARTESIAN_POINT( '', ( -0.450000000000000, -0.575000000000000, -8.61399902678650 ) );
#4904 = VECTOR( '', #6152, 1000.00000000000 );
#4905 = COLOUR_RGB( '', 0.333333343267441, 0.600000023841858, 0.333333343267441 );
#4906 = CARTESIAN_POINT( '', ( -1.20000000000000, 2.95000000000000, -1.30000000000000 ) );
#4907 = CARTESIAN_POINT( '', ( 1.20000000000000, 2.95000000000000, -1.30000000000000 ) );
#4908 = CARTESIAN_POINT( '', ( -1.20000000000000, 2.95000000000000, -1.30000000000000 ) );
#4909 = VECTOR( '', #6153, 1000.00000000000 );
#4910 = CARTESIAN_POINT( '', ( -1.20000000000000, 2.95000000000000, -3.00000000000000 ) );
#4911 = CARTESIAN_POINT( '', ( -1.20000000000000, 2.95000000000000, 1.30000000000000 ) );
#4912 = VECTOR( '', #6154, 1000.00000000000 );
#4913 = CARTESIAN_POINT( '', ( 1.20000000000000, 2.95000000000000, -3.00000000000000 ) );
#4914 = CARTESIAN_POINT( '', ( -1.20000000000000, 2.95000000000000, -3.00000000000000 ) );
#4915 = VECTOR( '', #6155, 1000.00000000000 );
#4916 = CARTESIAN_POINT( '', ( 1.20000000000000, 2.95000000000000, 1.30000000000000 ) );
#4917 = VECTOR( '', #6156, 1000.00000000000 );
#4918 = COLOUR_RGB( '', 0.699999988079071, 0.699999988079071, 0.699999988079071 );
#4919 = CARTESIAN_POINT( '', ( -1.15000000000000, 1.36500000000000, -1.67500000000000 ) );
#4920 = CARTESIAN_POINT( '', ( -1.50000000000000, 1.01500000000000, -1.67500000000000 ) );
#4921 = CARTESIAN_POINT( '', ( -1.07000000000000, 1.44500000000000, -1.67500000000000 ) );
#4922 = VECTOR( '', #6157, 1000.00000000000 );
#4923 = CARTESIAN_POINT( '', ( -1.50000000000000, 1.01500000000000, -1.17500000000000 ) );
#4924 = CARTESIAN_POINT( '', ( -1.50000000000000, 1.01500000000000, -11.9639990267865 ) );
#4925 = VECTOR( '', #6158, 1000.00000000000 );
#4926 = CARTESIAN_POINT( '', ( -1.15000000000000, 1.36500000000000, -1.17500000000000 ) );
#4927 = CARTESIAN_POINT( '', ( -1.15000000000000, 1.36500000000000, -1.17500000000000 ) );
#4928 = VECTOR( '', #6159, 1000.00000000000 );
#4929 = CARTESIAN_POINT( '', ( -1.15000000000000, 1.36500000000000, -6.46399902678650 ) );
#4930 = VECTOR( '', #6160, 1000.00000000000 );
#4931 = COLOUR_RGB( '', 0.699999988079071, 0.699999988079071, 0.699999988079071 );
#4932 = CARTESIAN_POINT( '', ( -2.00000000000000, -2.37500000000000, -2.50000000000000 ) );
#4933 = CARTESIAN_POINT( '', ( -2.00000000000000, -2.37500000000000, 2.50000000000000 ) );
#4934 = CARTESIAN_POINT( '', ( -2.00000000000000, -2.37500000000000, -2.50000000000000 ) );
#4935 = VECTOR( '', #6161, 1000.00000000000 );
#4936 = CARTESIAN_POINT( '', ( -2.00000000000000, 2.37500000000000, 2.50000000000000 ) );
#4937 = CARTESIAN_POINT( '', ( -2.00000000000000, -2.37500000000000, 2.50000000000000 ) );
#4938 = VECTOR( '', #6162, 1000.00000000000 );
#4939 = CARTESIAN_POINT( '', ( -2.00000000000000, 2.37500000000000, -2.50000000000000 ) );
#4940 = CARTESIAN_POINT( '', ( -2.00000000000000, 2.37500000000000, 2.50000000000000 ) );
#4941 = VECTOR( '', #6163, 1000.00000000000 );
#4942 = CARTESIAN_POINT( '', ( -2.00000000000000, 2.37500000000000, -2.50000000000000 ) );
#4943 = VECTOR( '', #6164, 1000.00000000000 );
#4944 = COLOUR_RGB( '', 0.699999988079071, 0.699999988079071, 0.699999988079071 );
#4945 = CARTESIAN_POINT( '', ( -1.40000000000000, 2.37500000000000, 0.000000000000000 ) );
#4946 = AXIS2_PLACEMENT_3D( '', #6165, #6166, #6167 );
#4947 = CARTESIAN_POINT( '', ( -1.40000000000000, 0.725000000000000, 0.000000000000000 ) );
#4948 = CARTESIAN_POINT( '', ( 1.40000000000000, 0.725000000000000, 0.000000000000000 ) );
#4949 = AXIS2_PLACEMENT_3D( '', #6168, #6169, #6170 );
#4950 = AXIS2_PLACEMENT_3D( '', #6171, #6172, #6173 );
#4951 = COLOUR_RGB( '', 0.699999988079071, 0.699999988079071, 0.699999988079071 );
#4952 = CARTESIAN_POINT( '', ( -0.450000000000000, -1.36500000000000, -1.17500000000000 ) );
#4953 = CARTESIAN_POINT( '', ( 0.450000000000000, -1.36500000000000, -1.17500000000000 ) );
#4954 = CARTESIAN_POINT( '', ( -1.50000000000000, -1.36500000000000, -1.17500000000000 ) );
#4955 = VECTOR( '', #6174, 1000.00000000000 );
#4956 = CARTESIAN_POINT( '', ( 0.450000000000000, 1.87500000000000, -1.17500000000000 ) );
#4957 = VECTOR( '', #6175, 1000.00000000000 );
#4958 = CARTESIAN_POINT( '', ( 1.50000000000000, 1.01500000000000, -1.17500000000000 ) );
#4959 = CARTESIAN_POINT( '', ( 1.50000000000000, 1.87500000000000, -1.17500000000000 ) );
#4960 = VECTOR( '', #6176, 1000.00000000000 );
#4961 = CARTESIAN_POINT( '', ( 1.15000000000000, 1.36500000000000, -1.17500000000000 ) );
#4962 = CARTESIAN_POINT( '', ( 1.15000000000000, 1.36500000000000, -1.17500000000000 ) );
#4963 = VECTOR( '', #6177, 1000.00000000000 );
#4964 = CARTESIAN_POINT( '', ( -1.50000000000000, 1.36500000000000, -1.17500000000000 ) );
#4965 = VECTOR( '', #6178, 1000.00000000000 );
#4966 = CARTESIAN_POINT( '', ( -1.50000000000000, 1.87500000000000, -1.17500000000000 ) );
#4967 = VECTOR( '', #6179, 1000.00000000000 );
#4968 = CARTESIAN_POINT( '', ( -0.450000000000000, 1.87500000000000, -1.17500000000000 ) );
#4969 = VECTOR( '', #6180, 1000.00000000000 );
#4970 = COLOUR_RGB( '', 0.333333343267441, 0.600000023841858, 0.333333343267441 );
#4971 = CARTESIAN_POINT( '', ( -6.50000000000000, -3.20000000000000, -3.00000000000000 ) );
#4972 = CARTESIAN_POINT( '', ( -6.50000000000000, -3.70000000000000, -3.00000000000000 ) );
#4973 = CARTESIAN_POINT( '', ( -6.50000000000000, -3.20000000000000, -3.00000000000000 ) );
#4974 = VECTOR( '', #6181, 1000.00000000000 );
#4975 = CARTESIAN_POINT( '', ( -6.50000000000000, -3.20000000000000, 4.45454545454550 ) );
#4976 = CARTESIAN_POINT( '', ( -6.50000000000000, -3.20000000000000, 16.8466621878844 ) );
#4977 = VECTOR( '', #6182, 1000.00000000000 );
#4978 = CARTESIAN_POINT( '', ( -6.50000000000000, -4.15000000000000, 1.00000000000000 ) );
#4979 = CARTESIAN_POINT( '', ( -6.50000000000000, -4.15000000000000, 1.00000000000000 ) );
#4980 = VECTOR( '', #6183, 1000.00000000000 );
#4981 = CARTESIAN_POINT( '', ( -6.50000000000000, -4.15000000000000, -0.800000000000000 ) );
#4982 = CARTESIAN_POINT( '', ( -6.50000000000000, -4.15000000000000, -0.800000000000000 ) );
#4983 = VECTOR( '', #6184, 1000.00000000000 );
#4984 = CARTESIAN_POINT( '', ( -6.50000000000000, -3.70000000000000, -0.800000000000000 ) );
#4985 = CARTESIAN_POINT( '', ( -6.50000000000000, -4.15000000000000, -0.800000000000000 ) );
#4986 = VECTOR( '', #6185, 1000.00000000000 );
#4987 = CARTESIAN_POINT( '', ( -6.50000000000000, -3.70000000000000, 16.8466621878844 ) );
#4988 = VECTOR( '', #6186, 1000.00000000000 );
#4989 = COLOUR_RGB( '', 0.333333343267441, 0.600000023841858, 0.333333343267441 );
#4990 = CARTESIAN_POINT( '', ( -3.50000000000000, -3.70000000000000, -0.800000000000000 ) );
#4991 = CARTESIAN_POINT( '', ( -6.50000000000000, -3.70000000000000, -0.800000000000000 ) );
#4992 = VECTOR( '', #6187, 1000.00000000000 );
#4993 = CARTESIAN_POINT( '', ( -3.50000000000000, -3.70000000000000, -3.00000000000000 ) );
#4994 = CARTESIAN_POINT( '', ( -3.50000000000000, -3.70000000000000, 16.8466621878844 ) );
#4995 = VECTOR( '', #6188, 1000.00000000000 );
#4996 = CARTESIAN_POINT( '', ( -6.50000000000000, -3.70000000000000, -3.00000000000000 ) );
#4997 = VECTOR( '', #6189, 1000.00000000000 );
#4998 = COLOUR_RGB( '', 0.699999988079071, 0.699999988079071, 0.699999988079071 );
#4999 = CARTESIAN_POINT( '', ( 1.40000000000000, 0.725000000000000, -2.50000000000000 ) );
#5000 = CARTESIAN_POINT( '', ( 1.40000000000000, 0.725000000000000, -5.47260935955099 ) );
#5001 = VECTOR( '', #6190, 1000.00000000000 );
#5002 = CARTESIAN_POINT( '', ( -1.40000000000000, 0.725000000000000, -2.50000000000000 ) );
#5003 = CARTESIAN_POINT( '', ( -1.40000000000000, 0.725000000000000, -5.47260935955099 ) );
#5004 = VECTOR( '', #6191, 1000.00000000000 );
#5005 = CARTESIAN_POINT( '', ( 2.00000000000000, 0.725000000000000, -2.50000000000000 ) );
#5006 = VECTOR( '', #6192, 1000.00000000000 );
#5007 = COLOUR_RGB( '', 0.699999988079071, 0.699999988079071, 0.699999988079071 );
#5008 = CARTESIAN_POINT( '', ( 0.500000000000000, -1.85000000000000, -0.750000000000000 ) );
#5009 = VECTOR( '', #6193, 1000.00000000000 );
#5010 = CARTESIAN_POINT( '', ( 0.500000000000000, -1.85000000000000, -0.0500000000000000 ) );
#5011 = VECTOR( '', #6194, 1000.00000000000 );
#5012 = COLOUR_RGB( '', 0.333333343267441, 0.600000023841858, 0.333333343267441 );
#5013 = CARTESIAN_POINT( '', ( 6.20000000000000, -3.20000000000000, -3.00000000000000 ) );
#5014 = CARTESIAN_POINT( '', ( 6.20000000000000, -2.50000000000000, -3.00000000000000 ) );
#5015 = CARTESIAN_POINT( '', ( 6.20000000000000, -3.20000000000000, -3.00000000000000 ) );
#5016 = VECTOR( '', #6195, 1000.00000000000 );
#5017 = CARTESIAN_POINT( '', ( 6.20000000000000, -3.20000000000000, 1.80000000000000 ) );
#5018 = VECTOR( '', #6196, 1000.00000000000 );
#5019 = CARTESIAN_POINT( '', ( 6.20000000000000, -2.50000000000000, 1.80000000000000 ) );
#5020 = VECTOR( '', #6197, 1000.00000000000 );
#5021 = COLOUR_RGB( '', 0.333333343267441, 0.600000023841858, 0.333333343267441 );
#5022 = CARTESIAN_POINT( '', ( 7.50000000000000, -3.00000000000000, -3.00000000000000 ) );
#5023 = CARTESIAN_POINT( '', ( 7.50000000000000, 3.00000000000000, -3.00000000000000 ) );
#5024 = CARTESIAN_POINT( '', ( 7.50000000000000, -4.15000000000000, -3.00000000000000 ) );
#5025 = VECTOR( '', #6198, 1000.00000000000 );
#5026 = CARTESIAN_POINT( '', ( 7.50000000000000, 3.00000000000000, 2.50000000000000 ) );
#5027 = VECTOR( '', #6199, 1000.00000000000 );
#5028 = CARTESIAN_POINT( '', ( 7.50000000000000, 3.40000000000000, -3.00000000000000 ) );
#5029 = CARTESIAN_POINT( '', ( 7.50000000000000, 3.40000000000000, 2.50000000000000 ) );
#5030 = VECTOR( '', #6200, 1000.00000000000 );
#5031 = CARTESIAN_POINT( '', ( 7.50000000000000, 4.15000000000000, -3.00000000000000 ) );
#5032 = CARTESIAN_POINT( '', ( 7.50000000000000, -4.15000000000000, -3.00000000000000 ) );
#5033 = VECTOR( '', #6201, 1000.00000000000 );
#5034 = CARTESIAN_POINT( '', ( 7.50000000000000, 4.15000000000000, 2.50000000000000 ) );
#5035 = CARTESIAN_POINT( '', ( 7.50000000000000, 4.15000000000000, -3.00000000000000 ) );
#5036 = VECTOR( '', #6202, 1000.00000000000 );
#5037 = CARTESIAN_POINT( '', ( 7.50000000000000, 3.65000000000000, 3.00000000000000 ) );
#5038 = AXIS2_PLACEMENT_3D( '', #6203, #6204, #6205 );
#5039 = CARTESIAN_POINT( '', ( 7.50000000000000, 3.35000000000000, 3.00000000000000 ) );
#5040 = CARTESIAN_POINT( '', ( 7.50000000000000, 3.35000000000000, 3.00000000000000 ) );
#5041 = VECTOR( '', #6206, 1000.00000000000 );
#5042 = CARTESIAN_POINT( '', ( 7.50000000000000, 2.50000000000000, 7.00000000000000 ) );
#5043 = CARTESIAN_POINT( '', ( 7.50000000000000, 2.50000000000000, 7.00000000000000 ) );
#5044 = VECTOR( '', #6207, 1000.00000000000 );
#5045 = CARTESIAN_POINT( '', ( 7.50000000000000, -2.50000000000000, 7.00000000000000 ) );
#5046 = CARTESIAN_POINT( '', ( 7.50000000000000, 2.50000000000000, 7.00000000000000 ) );
#5047 = VECTOR( '', #6208, 1000.00000000000 );
#5048 = CARTESIAN_POINT( '', ( 7.50000000000000, -4.15000000000000, 1.00000000000000 ) );
#5049 = CARTESIAN_POINT( '', ( 7.50000000000000, -4.15000000000000, 1.00000000000000 ) );
#5050 = VECTOR( '', #6209, 1000.00000000000 );
#5051 = CARTESIAN_POINT( '', ( 7.50000000000000, -4.15000000000000, -3.00000000000000 ) );
#5052 = CARTESIAN_POINT( '', ( 7.50000000000000, -4.15000000000000, 1.00000000000000 ) );
#5053 = VECTOR( '', #6210, 1000.00000000000 );
#5054 = CARTESIAN_POINT( '', ( 7.50000000000000, -3.40000000000000, -3.00000000000000 ) );
#5055 = CARTESIAN_POINT( '', ( 7.50000000000000, -4.15000000000000, -3.00000000000000 ) );
#5056 = VECTOR( '', #6211, 1000.00000000000 );
#5057 = CARTESIAN_POINT( '', ( 7.50000000000000, -3.40000000000000, 1.00000000000000 ) );
#5058 = CARTESIAN_POINT( '', ( 7.50000000000000, -3.40000000000000, 1.00000000000000 ) );
#5059 = VECTOR( '', #6212, 1000.00000000000 );
#5060 = CARTESIAN_POINT( '', ( 7.50000000000000, -3.00000000000000, 1.00000000000000 ) );
#5061 = CARTESIAN_POINT( '', ( 7.50000000000000, -3.00000000000000, 1.00000000000000 ) );
#5062 = VECTOR( '', #6213, 1000.00000000000 );
#5063 = CARTESIAN_POINT( '', ( 7.50000000000000, -3.00000000000000, 1.00000000000000 ) );
#5064 = VECTOR( '', #6214, 1000.00000000000 );
#5065 = COLOUR_RGB( '', 0.333333343267441, 0.600000023841858, 0.333333343267441 );
#5066 = CARTESIAN_POINT( '', ( -3.00000000000000, -2.50000000000000, -3.00000000000000 ) );
#5067 = CARTESIAN_POINT( '', ( -3.00000000000000, 2.50000000000000, -3.00000000000000 ) );
#5068 = CARTESIAN_POINT( '', ( -3.00000000000000, -2.50000000000000, -3.00000000000000 ) );
#5069 = VECTOR( '', #6215, 1000.00000000000 );
#5070 = CARTESIAN_POINT( '', ( -3.00000000000000, -2.50000000000000, 4.60000000000000 ) );
#5071 = CARTESIAN_POINT( '', ( -3.00000000000000, -2.50000000000000, 4.60000000000000 ) );
#5072 = VECTOR( '', #6216, 1000.00000000000 );
#5073 = CARTESIAN_POINT( '', ( -3.00000000000000, 2.50000000000000, 4.60000000000000 ) );
#5074 = CARTESIAN_POINT( '', ( -3.00000000000000, -2.50000000000000, 4.60000000000000 ) );
#5075 = VECTOR( '', #6217, 1000.00000000000 );
#5076 = CARTESIAN_POINT( '', ( -3.00000000000000, 2.50000000000000, 4.60000000000000 ) );
#5077 = VECTOR( '', #6218, 1000.00000000000 );
#5078 = COLOUR_RGB( '', 0.333333343267441, 0.600000023841858, 0.333333343267441 );
#5079 = CARTESIAN_POINT( '', ( 1.20000000000000, 2.50000000000000, 1.30000000000000 ) );
#5080 = CARTESIAN_POINT( '', ( 1.20000000000000, 2.50000000000000, -3.00000000000000 ) );
#5081 = CARTESIAN_POINT( '', ( 1.20000000000000, 2.50000000000000, 1.30000000000000 ) );
#5082 = VECTOR( '', #6219, 1000.00000000000 );
#5083 = CARTESIAN_POINT( '', ( 2.00000000000000, 2.50000000000000, -3.00000000000000 ) );
#5084 = CARTESIAN_POINT( '', ( 2.00000000000000, 2.50000000000000, -3.00000000000000 ) );
#5085 = VECTOR( '', #6220, 1000.00000000000 );
#5086 = CARTESIAN_POINT( '', ( 2.00000000000000, 2.50000000000000, 4.60000000000000 ) );
#5087 = CARTESIAN_POINT( '', ( 2.00000000000000, 2.50000000000000, 4.60000000000000 ) );
#5088 = VECTOR( '', #6221, 1000.00000000000 );
#5089 = CARTESIAN_POINT( '', ( -2.00000000000000, 2.50000000000000, 4.60000000000000 ) );
#5090 = CARTESIAN_POINT( '', ( 2.00000000000000, 2.50000000000000, 4.60000000000000 ) );
#5091 = VECTOR( '', #6222, 1000.00000000000 );
#5092 = CARTESIAN_POINT( '', ( -2.00000000000000, 2.50000000000000, -3.00000000000000 ) );
#5093 = CARTESIAN_POINT( '', ( -2.00000000000000, 2.50000000000000, 4.60000000000000 ) );
#5094 = VECTOR( '', #6223, 1000.00000000000 );
#5095 = CARTESIAN_POINT( '', ( -1.20000000000000, 2.50000000000000, -3.00000000000000 ) );
#5096 = CARTESIAN_POINT( '', ( 2.00000000000000, 2.50000000000000, -3.00000000000000 ) );
#5097 = VECTOR( '', #6224, 1000.00000000000 );
#5098 = CARTESIAN_POINT( '', ( -1.20000000000000, 2.50000000000000, 1.30000000000000 ) );
#5099 = CARTESIAN_POINT( '', ( -1.20000000000000, 2.50000000000000, 1.30000000000000 ) );
#5100 = VECTOR( '', #6225, 1000.00000000000 );
#5101 = CARTESIAN_POINT( '', ( 1.20000000000000, 2.50000000000000, 1.30000000000000 ) );
#5102 = VECTOR( '', #6226, 1000.00000000000 );
#5103 = COLOUR_RGB( '', 0.333333343267441, 0.600000023841858, 0.333333343267441 );
#5104 = CARTESIAN_POINT( '', ( 3.80000000000000, -2.50000000000000, -3.00000000000000 ) );
#5105 = CARTESIAN_POINT( '', ( 3.80000000000000, -3.20000000000000, -3.00000000000000 ) );
#5106 = CARTESIAN_POINT( '', ( 3.80000000000000, -2.50000000000000, -3.00000000000000 ) );
#5107 = VECTOR( '', #6227, 1000.00000000000 );
#5108 = CARTESIAN_POINT( '', ( 3.80000000000000, -2.50000000000000, 1.80000000000000 ) );
#5109 = VECTOR( '', #6228, 1000.00000000000 );
#5110 = CARTESIAN_POINT( '', ( 3.80000000000000, -3.20000000000000, 1.80000000000000 ) );
#5111 = VECTOR( '', #6229, 1000.00000000000 );
#5112 = COLOUR_RGB( '', 0.699999988079071, 0.699999988079071, 0.699999988079071 );
#5113 = CARTESIAN_POINT( '', ( 2.00000000000000, 2.37500000000000, 2.50000000000000 ) );
#5114 = CARTESIAN_POINT( '', ( 2.00000000000000, 2.37500000000000, 2.50000000000000 ) );
#5115 = VECTOR( '', #6230, 1000.00000000000 );
#5116 = CARTESIAN_POINT( '', ( 2.00000000000000, 2.37500000000000, -2.50000000000000 ) );
#5117 = CARTESIAN_POINT( '', ( 2.00000000000000, 2.37500000000000, 2.50000000000000 ) );
#5118 = VECTOR( '', #6231, 1000.00000000000 );
#5119 = CARTESIAN_POINT( '', ( 2.00000000000000, 2.37500000000000, -2.50000000000000 ) );
#5120 = VECTOR( '', #6232, 1000.00000000000 );
#5121 = COLOUR_RGB( '', 0.333333343267441, 0.600000023841858, 0.333333343267441 );
#5122 = CARTESIAN_POINT( '', ( -3.50000000000000, 4.15000000000000, 2.00000000000000 ) );
#5123 = CARTESIAN_POINT( '', ( -3.68000000000000, 3.55000000000000, 2.00000000000000 ) );
#5124 = CARTESIAN_POINT( '', ( -3.50000000000000, 4.15000000000000, 2.00000000000000 ) );
#5125 = VECTOR( '', #6233, 1000.00000000000 );
#5126 = CARTESIAN_POINT( '', ( -3.50000000000000, 4.15000000000000, -1.60000000000000 ) );
#5127 = CARTESIAN_POINT( '', ( -3.50000000000000, 4.15000000000000, -3.00000000000000 ) );
#5128 = VECTOR( '', #6234, 1000.00000000000 );
#5129 = CARTESIAN_POINT( '', ( -3.80000000000000, 3.15000000000000, -1.30000000000000 ) );
#5130 = CARTESIAN_POINT( '', ( -2.66101694915255, 6.94661016949153, -2.43898305084746 ) );
#5131 = VECTOR( '', #6235, 1000.00000000000 );
#5132 = CARTESIAN_POINT( '', ( -3.80000000000000, 3.15000000000000, 0.700000000000000 ) );
#5133 = CARTESIAN_POINT( '', ( -3.80000000000000, 3.15000000000000, 1.30000000000000 ) );
#5134 = VECTOR( '', #6236, 1000.00000000000 );
#5135 = CARTESIAN_POINT( '', ( -3.77000000000000, 3.25000000000000, 0.700000000000000 ) );
#5136 = CARTESIAN_POINT( '', ( -3.50000000000000, 4.15000000000000, 0.700000000000000 ) );
#5137 = VECTOR( '', #6237, 1000.00000000000 );
#5138 = CARTESIAN_POINT( '', ( -3.77013589843969, 3.24954700520105, 0.698037022537890 ) );
#5139 = VECTOR( '', #6238, 1000.00000000000 );
#5140 = COLOUR_RGB( '', 0.333333343267441, 0.600000023841858, 0.333333343267441 );
#5141 = CARTESIAN_POINT( '', ( -3.50000000000000, -4.15000000000000, -0.800000000000000 ) );
#5142 = CARTESIAN_POINT( '', ( -3.50000000000000, -4.15000000000000, -0.800000000000000 ) );
#5143 = VECTOR( '', #6239, 1000.00000000000 );
#5144 = CARTESIAN_POINT( '', ( -3.50000000000000, -3.20000000000000, -0.800000000000000 ) );
#5145 = VECTOR( '', #6240, 1000.00000000000 );
#5146 = COLOUR_RGB( '', 0.333333343267441, 0.600000023841858, 0.333333343267441 );
#5147 = CARTESIAN_POINT( '', ( 1.50000000000000, -3.70000000000000, -0.800000000000000 ) );
#5148 = CARTESIAN_POINT( '', ( -1.50000000000000, -3.70000000000000, -0.800000000000000 ) );
#5149 = CARTESIAN_POINT( '', ( -1.50000000000000, -3.70000000000000, -0.800000000000000 ) );
#5150 = VECTOR( '', #6241, 1000.00000000000 );
#5151 = CARTESIAN_POINT( '', ( 1.50000000000000, -3.70000000000000, -3.00000000000000 ) );
#5152 = CARTESIAN_POINT( '', ( 1.50000000000000, -3.70000000000000, 16.8466621878844 ) );
#5153 = VECTOR( '', #6242, 1000.00000000000 );
#5154 = CARTESIAN_POINT( '', ( -1.50000000000000, -3.70000000000000, -3.00000000000000 ) );
#5155 = CARTESIAN_POINT( '', ( -1.50000000000000, -3.70000000000000, -3.00000000000000 ) );
#5156 = VECTOR( '', #6243, 1000.00000000000 );
#5157 = CARTESIAN_POINT( '', ( -1.50000000000000, -3.70000000000000, 16.8466621878844 ) );
#5158 = VECTOR( '', #6244, 1000.00000000000 );
#5159 = COLOUR_RGB( '', 0.333333343267441, 0.600000023841858, 0.333333343267441 );
#5160 = CARTESIAN_POINT( '', ( -3.80000000000000, 2.95000000000000, -1.30000000000000 ) );
#5161 = CARTESIAN_POINT( '', ( -3.80000000000000, -15.6966621878844, -1.30000000000000 ) );
#5162 = VECTOR( '', #6245, 1000.00000000000 );
#5163 = CARTESIAN_POINT( '', ( -6.20000000000000, 3.15000000000000, -1.30000000000000 ) );
#5164 = CARTESIAN_POINT( '', ( -6.20000000000000, 3.15000000000000, -1.30000000000000 ) );
#5165 = VECTOR( '', #6246, 1000.00000000000 );
#5166 = CARTESIAN_POINT( '', ( -6.20000000000000, 2.95000000000000, -1.30000000000000 ) );
#5167 = CARTESIAN_POINT( '', ( -6.20000000000000, -15.6966621878844, -1.30000000000000 ) );
#5168 = VECTOR( '', #6247, 1000.00000000000 );
#5169 = CARTESIAN_POINT( '', ( -6.20000000000000, 2.95000000000000, -1.30000000000000 ) );
#5170 = VECTOR( '', #6248, 1000.00000000000 );
#5171 = COLOUR_RGB( '', 0.699999988079071, 0.699999988079071, 0.699999988079071 );
#5172 = CARTESIAN_POINT( '', ( -0.450000000000000, -1.88500000000000, 2.17500000000000 ) );
#5173 = CARTESIAN_POINT( '', ( 0.450000000000000, -1.88500000000000, 2.17500000000000 ) );
#5174 = CARTESIAN_POINT( '', ( -1.50000000000000, -1.88500000000000, 2.17500000000000 ) );
#5175 = VECTOR( '', #6249, 1000.00000000000 );
#5176 = CARTESIAN_POINT( '', ( 0.450000000000000, -1.37500000000000, 1.66500000000000 ) );
#5177 = AXIS2_PLACEMENT_3D( '', #6250, #6251, #6252 );
#5178 = CARTESIAN_POINT( '', ( -0.450000000000000, -1.37500000000000, 1.66500000000000 ) );
#5179 = CARTESIAN_POINT( '', ( -1.50000000000000, -1.37500000000000, 1.66500000000000 ) );
#5180 = VECTOR( '', #6253, 1000.00000000000 );
#5181 = AXIS2_PLACEMENT_3D( '', #6254, #6255, #6256 );
#5182 = COLOUR_RGB( '', 0.333333343267441, 0.600000023841858, 0.333333343267441 );
#5183 = CARTESIAN_POINT( '', ( -6.90000000000000, -3.52500000000000, -3.00000000000000 ) );
#5184 = CARTESIAN_POINT( '', ( -6.90000000000000, -2.87500000000000, -3.00000000000000 ) );
#5185 = CARTESIAN_POINT( '', ( -6.90000000000000, -3.52500000000000, -3.00000000000000 ) );
#5186 = VECTOR( '', #6257, 1000.00000000000 );
#5187 = CARTESIAN_POINT( '', ( -6.90000000000000, -3.52500000000000, 1.00000000000000 ) );
#5188 = CARTESIAN_POINT( '', ( -6.90000000000000, -3.52500000000000, 1.00000000000000 ) );
#5189 = VECTOR( '', #6258, 1000.00000000000 );
#5190 = CARTESIAN_POINT( '', ( -6.90000000000000, -2.87500000000000, 1.00000000000000 ) );
#5191 = CARTESIAN_POINT( '', ( -6.90000000000000, -3.52500000000000, 1.00000000000000 ) );
#5192 = VECTOR( '', #6259, 1000.00000000000 );
#5193 = CARTESIAN_POINT( '', ( -6.90000000000000, -2.87500000000000, 1.00000000000000 ) );
#5194 = VECTOR( '', #6260, 1000.00000000000 );
#5195 = COLOUR_RGB( '', 0.333333343267441, 0.600000023841858, 0.333333343267441 );
#5196 = CARTESIAN_POINT( '', ( 3.80000000000000, 3.15000000000000, 0.700000000000000 ) );
#5197 = CARTESIAN_POINT( '', ( 3.77000000000000, 3.25000000000000, 0.700000000000000 ) );
#5198 = CARTESIAN_POINT( '', ( 3.50000000000000, 4.15000000000000, 0.700000000000000 ) );
#5199 = VECTOR( '', #6261, 1000.00000000000 );
#5200 = CARTESIAN_POINT( '', ( 6.23000000000000, 3.25000000000000, 0.700000000000000 ) );
#5201 = CARTESIAN_POINT( '', ( 6.32000000000000, 3.25000000000000, 0.700000000000000 ) );
#5202 = VECTOR( '', #6262, 1000.00000000000 );
#5203 = CARTESIAN_POINT( '', ( 6.20000000000000, 3.15000000000000, 0.700000000000000 ) );
#5204 = CARTESIAN_POINT( '', ( 6.50000000000000, 4.15000000000000, 0.700000000000000 ) );
#5205 = VECTOR( '', #6263, 1000.00000000000 );
#5206 = CARTESIAN_POINT( '', ( 6.20000000000000, 2.95000000000000, 0.700000000000000 ) );
#5207 = CARTESIAN_POINT( '', ( 6.20000000000000, -15.6966621878844, 0.700000000000000 ) );
#5208 = VECTOR( '', #6264, 1000.00000000000 );
#5209 = CARTESIAN_POINT( '', ( 3.80000000000000, 2.95000000000000, 0.700000000000000 ) );
#5210 = CARTESIAN_POINT( '', ( 3.80000000000000, 2.95000000000000, 0.700000000000000 ) );
#5211 = VECTOR( '', #6265, 1000.00000000000 );
#5212 = CARTESIAN_POINT( '', ( 3.80000000000000, -15.6966621878844, 0.700000000000000 ) );
#5213 = VECTOR( '', #6266, 1000.00000000000 );
#5214 = COLOUR_RGB( '', 0.699999988079071, 0.699999988079071, 0.699999988079071 );
#5215 = CARTESIAN_POINT( '', ( -1.15000000000000, 1.37500000000000, 4.12500000000000 ) );
#5216 = CARTESIAN_POINT( '', ( -1.15000000000000, 1.37500000000000, -1.16500000000000 ) );
#5217 = CARTESIAN_POINT( '', ( -1.15000000000000, 1.37500000000000, 4.32500000000000 ) );
#5218 = VECTOR( '', #6267, 1000.00000000000 );
#5219 = CARTESIAN_POINT( '', ( -1.15000000000000, 1.87500000000000, 4.12500000000000 ) );
#5220 = CARTESIAN_POINT( '', ( -1.15000000000000, 1.87500000000000, 4.12500000000000 ) );
#5221 = VECTOR( '', #6268, 1000.00000000000 );
#5222 = CARTESIAN_POINT( '', ( -1.15000000000000, 1.87500000000000, -1.16500000000000 ) );
#5223 = CARTESIAN_POINT( '', ( -1.15000000000000, 1.87500000000000, -6.46399902678650 ) );
#5224 = VECTOR( '', #6269, 1000.00000000000 );
#5225 = AXIS2_PLACEMENT_3D( '', #6270, #6271, #6272 );
#5226 = AXIS2_PLACEMENT_3D( '', #6273, #6274, #6275 );
#5227 = COLOUR_RGB( '', 0.333333343267441, 0.600000023841858, 0.333333343267441 );
#5228 = CARTESIAN_POINT( '', ( -6.20000000000000, 2.95000000000000, -3.00000000000000 ) );
#5229 = CARTESIAN_POINT( '', ( -6.20000000000000, 2.95000000000000, 1.30000000000000 ) );
#5230 = VECTOR( '', #6276, 1000.00000000000 );
#5231 = CARTESIAN_POINT( '', ( -3.80000000000000, 2.95000000000000, -3.00000000000000 ) );
#5232 = CARTESIAN_POINT( '', ( -6.20000000000000, 2.95000000000000, -3.00000000000000 ) );
#5233 = VECTOR( '', #6277, 1000.00000000000 );
#5234 = CARTESIAN_POINT( '', ( -3.80000000000000, 2.95000000000000, 1.30000000000000 ) );
#5235 = VECTOR( '', #6278, 1000.00000000000 );
#5236 = COLOUR_RGB( '', 0.333333343267441, 0.600000023841858, 0.333333343267441 );
#5237 = CARTESIAN_POINT( '', ( -7.50000000000000, 3.35000000000000, 3.00000000000000 ) );
#5238 = CARTESIAN_POINT( '', ( -7.50000000000000, 2.50000000000000, 7.00000000000000 ) );
#5239 = CARTESIAN_POINT( '', ( -7.50000000000000, 2.50000000000000, 7.00000000000000 ) );
#5240 = VECTOR( '', #6279, 1000.00000000000 );
#5241 = CARTESIAN_POINT( '', ( 7.50000000000000, 2.50000000000000, 7.00000000000000 ) );
#5242 = VECTOR( '', #6280, 1000.00000000000 );
#5243 = CARTESIAN_POINT( '', ( 7.50000000000000, 3.35000000000000, 3.00000000000000 ) );
#5244 = VECTOR( '', #6281, 1000.00000000000 );
#5245 = COLOUR_RGB( '', 0.333333343267441, 0.600000023841858, 0.333333343267441 );
#5246 = CARTESIAN_POINT( '', ( -7.00000000000000, 2.50000000000000, -3.00000000000000 ) );
#5247 = CARTESIAN_POINT( '', ( -7.00000000000000, -2.50000000000000, -3.00000000000000 ) );
#5248 = CARTESIAN_POINT( '', ( -7.00000000000000, 2.50000000000000, -3.00000000000000 ) );
#5249 = VECTOR( '', #6282, 1000.00000000000 );
#5250 = CARTESIAN_POINT( '', ( -7.00000000000000, 2.50000000000000, 4.60000000000000 ) );
#5251 = CARTESIAN_POINT( '', ( -7.00000000000000, 2.50000000000000, 4.60000000000000 ) );
#5252 = VECTOR( '', #6283, 1000.00000000000 );
#5253 = CARTESIAN_POINT( '', ( -7.00000000000000, -2.50000000000000, 4.60000000000000 ) );
#5254 = CARTESIAN_POINT( '', ( -7.00000000000000, 2.50000000000000, 4.60000000000000 ) );
#5255 = VECTOR( '', #6284, 1000.00000000000 );
#5256 = CARTESIAN_POINT( '', ( -7.00000000000000, -2.50000000000000, 4.60000000000000 ) );
#5257 = VECTOR( '', #6285, 1000.00000000000 );
#5258 = COLOUR_RGB( '', 0.333333343267441, 0.600000023841858, 0.333333343267441 );
#5259 = CARTESIAN_POINT( '', ( 1.50000000000000, 4.15000000000000, 2.00000000000000 ) );
#5260 = CARTESIAN_POINT( '', ( -1.50000000000000, 4.15000000000000, 2.00000000000000 ) );
#5261 = CARTESIAN_POINT( '', ( 1.20000000000000, 4.15000000000000, 2.00000000000000 ) );
#5262 = VECTOR( '', #6286, 1000.00000000000 );
#5263 = CARTESIAN_POINT( '', ( 1.32000000000000, 3.55000000000000, 2.00000000000000 ) );
#5264 = CARTESIAN_POINT( '', ( 1.50000000000000, 4.15000000000000, 2.00000000000000 ) );
#5265 = VECTOR( '', #6287, 1000.00000000000 );
#5266 = CARTESIAN_POINT( '', ( -1.32000000000000, 3.55000000000000, 2.00000000000000 ) );
#5267 = CARTESIAN_POINT( '', ( 1.20000000000000, 3.55000000000000, 2.00000000000000 ) );
#5268 = VECTOR( '', #6288, 1000.00000000000 );
#5269 = CARTESIAN_POINT( '', ( -1.50000000000000, 4.15000000000000, 2.00000000000000 ) );
#5270 = VECTOR( '', #6289, 1000.00000000000 );
#5271 = COLOUR_RGB( '', 0.699999988079071, 0.699999988079071, 0.699999988079071 );
#5272 = CARTESIAN_POINT( '', ( -0.500000000000000, 1.85000000000000, -0.750000000000000 ) );
#5273 = VECTOR( '', #6290, 1000.00000000000 );
#5274 = COLOUR_RGB( '', 0.699999988079071, 0.699999988079071, 0.699999988079071 );
#5275 = CARTESIAN_POINT( '', ( -0.150000000000000, -6.57500000000000, 2.17500000000000 ) );
#5276 = CARTESIAN_POINT( '', ( 0.150000000000000, -6.57500000000000, 2.17500000000000 ) );
#5277 = CARTESIAN_POINT( '', ( -1.50000000000000, -6.57500000000000, 2.17500000000000 ) );
#5278 = VECTOR( '', #6291, 1000.00000000000 );
#5279 = CARTESIAN_POINT( '', ( -0.150000000000000, -6.57500000000000, 1.67500000000000 ) );
#5280 = CARTESIAN_POINT( '', ( -0.150000000000000, -6.57500000000000, 1.67500000000000 ) );
#5281 = VECTOR( '', #6292, 1000.00000000000 );
#5282 = CARTESIAN_POINT( '', ( 0.150000000000000, -6.57500000000000, 1.67500000000000 ) );
#5283 = CARTESIAN_POINT( '', ( -1.50000000000000, -6.57500000000000, 1.67500000000000 ) );
#5284 = VECTOR( '', #6293, 1000.00000000000 );
#5285 = CARTESIAN_POINT( '', ( 0.150000000000000, -6.57500000000000, 1.67500000000000 ) );
#5286 = VECTOR( '', #6294, 1000.00000000000 );
#5287 = COLOUR_RGB( '', 0.699999988079071, 0.699999988079071, 0.699999988079071 );
#5288 = CARTESIAN_POINT( '', ( -0.850000000000000, 1.87500000000000, 4.32500000000000 ) );
#5289 = CARTESIAN_POINT( '', ( 0.850000000000000, 1.87500000000000, 4.32500000000000 ) );
#5290 = CARTESIAN_POINT( '', ( -1.50000000000000, 1.87500000000000, 4.32500000000000 ) );
#5291 = VECTOR( '', #6295, 1000.00000000000 );
#5292 = CARTESIAN_POINT( '', ( -0.850000000000000, 1.37500000000000, 4.32500000000000 ) );
#5293 = CARTESIAN_POINT( '', ( -0.850000000000000, 1.87500000000000, 4.32500000000000 ) );
#5294 = VECTOR( '', #6296, 1000.00000000000 );
#5295 = CARTESIAN_POINT( '', ( 0.850000000000000, 1.37500000000000, 4.32500000000000 ) );
#5296 = CARTESIAN_POINT( '', ( -1.50000000000000, 1.37500000000000, 4.32500000000000 ) );
#5297 = VECTOR( '', #6297, 1000.00000000000 );
#5298 = CARTESIAN_POINT( '', ( 0.850000000000000, 1.87500000000000, 4.32500000000000 ) );
#5299 = VECTOR( '', #6298, 1000.00000000000 );
#5300 = COLOUR_RGB( '', 0.333333343267441, 0.600000023841858, 0.333333343267441 );
#5301 = CARTESIAN_POINT( '', ( -1.23000000000000, 3.25000000000000, 0.700000000000000 ) );
#5302 = CARTESIAN_POINT( '', ( -1.21899222638555, 3.21330742128516, 0.540998825569040 ) );
#5303 = VECTOR( '', #6299, 1000.00000000000 );
#5304 = CARTESIAN_POINT( '', ( 1.23000000000000, 3.25000000000000, 0.700000000000000 ) );
#5305 = CARTESIAN_POINT( '', ( 1.22986410156031, 3.24954700520105, 0.698037022537890 ) );
#5306 = VECTOR( '', #6300, 1000.00000000000 );
#5307 = CARTESIAN_POINT( '', ( 1.32000000000000, 3.25000000000000, 0.700000000000000 ) );
#5308 = VECTOR( '', #6301, 1000.00000000000 );
#5309 = COLOUR_RGB( '', 0.699999988079071, 0.699999988079071, 0.699999988079071 );
#5310 = COLOUR_RGB( '', 0.333333343267441, 0.600000023841858, 0.333333343267441 );
#5311 = CARTESIAN_POINT( '', ( 8.10000000000000, 2.87500000000000, -3.00000000000000 ) );
#5312 = CARTESIAN_POINT( '', ( 8.10000000000000, 3.52500000000000, -3.00000000000000 ) );
#5313 = CARTESIAN_POINT( '', ( 8.10000000000000, 2.87500000000000, -3.00000000000000 ) );
#5314 = VECTOR( '', #6302, 1000.00000000000 );
#5315 = CARTESIAN_POINT( '', ( 8.10000000000000, 3.52500000000000, 2.50000000000000 ) );
#5316 = VECTOR( '', #6303, 1000.00000000000 );
#5317 = CARTESIAN_POINT( '', ( 8.10000000000000, 2.87500000000000, 2.50000000000000 ) );
#5318 = VECTOR( '', #6304, 1000.00000000000 );
#5319 = COLOUR_RGB( '', 0.333333343267441, 0.600000023841858, 0.333333343267441 );
#5320 = CARTESIAN_POINT( '', ( -6.20000000000000, 3.15000000000000, 0.700000000000000 ) );
#5321 = CARTESIAN_POINT( '', ( -6.23000000000000, 3.25000000000000, 0.700000000000000 ) );
#5322 = CARTESIAN_POINT( '', ( -6.50000000000000, 4.15000000000000, 0.700000000000000 ) );
#5323 = VECTOR( '', #6305, 1000.00000000000 );
#5324 = CARTESIAN_POINT( '', ( -3.68000000000000, 3.25000000000000, 0.700000000000000 ) );
#5325 = VECTOR( '', #6306, 1000.00000000000 );
#5326 = CARTESIAN_POINT( '', ( -3.80000000000000, 2.95000000000000, 0.700000000000000 ) );
#5327 = CARTESIAN_POINT( '', ( -3.80000000000000, -15.6966621878844, 0.700000000000000 ) );
#5328 = VECTOR( '', #6307, 1000.00000000000 );
#5329 = CARTESIAN_POINT( '', ( -6.20000000000000, 2.95000000000000, 0.700000000000000 ) );
#5330 = CARTESIAN_POINT( '', ( -6.20000000000000, 2.95000000000000, 0.700000000000000 ) );
#5331 = VECTOR( '', #6308, 1000.00000000000 );
#5332 = CARTESIAN_POINT( '', ( -6.20000000000000, -15.6966621878844, 0.700000000000000 ) );
#5333 = VECTOR( '', #6309, 1000.00000000000 );
#5334 = COLOUR_RGB( '', 0.333333343267441, 0.600000023841858, 0.333333343267441 );
#5335 = CARTESIAN_POINT( '', ( 3.50000000000000, -3.20000000000000, -3.00000000000000 ) );
#5336 = CARTESIAN_POINT( '', ( 3.50000000000000, -3.70000000000000, -3.00000000000000 ) );
#5337 = CARTESIAN_POINT( '', ( 3.50000000000000, -3.20000000000000, -3.00000000000000 ) );
#5338 = VECTOR( '', #6310, 1000.00000000000 );
#5339 = CARTESIAN_POINT( '', ( 3.50000000000000, -3.20000000000000, 4.45454545454550 ) );
#5340 = CARTESIAN_POINT( '', ( 3.50000000000000, -3.20000000000000, 16.8466621878844 ) );
#5341 = VECTOR( '', #6311, 1000.00000000000 );
#5342 = CARTESIAN_POINT( '', ( 3.50000000000000, -4.15000000000000, 1.00000000000000 ) );
#5343 = CARTESIAN_POINT( '', ( 3.50000000000000, -4.15000000000000, 1.00000000000000 ) );
#5344 = VECTOR( '', #6312, 1000.00000000000 );
#5345 = CARTESIAN_POINT( '', ( 3.50000000000000, -4.15000000000000, -0.800000000000000 ) );
#5346 = CARTESIAN_POINT( '', ( 3.50000000000000, -4.15000000000000, -0.800000000000000 ) );
#5347 = VECTOR( '', #6313, 1000.00000000000 );
#5348 = CARTESIAN_POINT( '', ( 3.50000000000000, -3.70000000000000, -0.800000000000000 ) );
#5349 = CARTESIAN_POINT( '', ( 3.50000000000000, -4.15000000000000, -0.800000000000000 ) );
#5350 = VECTOR( '', #6314, 1000.00000000000 );
#5351 = CARTESIAN_POINT( '', ( 3.50000000000000, -3.70000000000000, 16.8466621878844 ) );
#5352 = VECTOR( '', #6315, 1000.00000000000 );
#5353 = COLOUR_RGB( '', 0.333333343267441, 0.600000023841858, 0.333333343267441 );
#5354 = CARTESIAN_POINT( '', ( -7.50000000000000, 3.00000000000000, -3.00000000000000 ) );
#5355 = CARTESIAN_POINT( '', ( -6.90000000000000, 2.87500000000000, -3.00000000000000 ) );
#5356 = CARTESIAN_POINT( '', ( -7.50000000000000, 3.00000000000000, -3.00000000000000 ) );
#5357 = VECTOR( '', #6316, 1000.00000000000 );
#5358 = CARTESIAN_POINT( '', ( -7.50000000000000, 3.00000000000000, 2.50000000000000 ) );
#5359 = VECTOR( '', #6317, 1000.00000000000 );
#5360 = CARTESIAN_POINT( '', ( -6.90000000000000, 2.87500000000000, 2.50000000000000 ) );
#5361 = VECTOR( '', #6318, 1000.00000000000 );
#5362 = COLOUR_RGB( '', 0.333333343267441, 0.600000023841858, 0.333333343267441 );
#5363 = CARTESIAN_POINT( '', ( 8.10000000000000, -3.52500000000000, -3.00000000000000 ) );
#5364 = CARTESIAN_POINT( '', ( 8.10000000000000, -2.87500000000000, -3.00000000000000 ) );
#5365 = CARTESIAN_POINT( '', ( 8.10000000000000, -3.52500000000000, -3.00000000000000 ) );
#5366 = VECTOR( '', #6319, 1000.00000000000 );
#5367 = CARTESIAN_POINT( '', ( 8.10000000000000, -2.87500000000000, 1.00000000000000 ) );
#5368 = CARTESIAN_POINT( '', ( 8.10000000000000, -2.87500000000000, 1.00000000000000 ) );
#5369 = VECTOR( '', #6320, 1000.00000000000 );
#5370 = CARTESIAN_POINT( '', ( 8.10000000000000, -3.52500000000000, 1.00000000000000 ) );
#5371 = CARTESIAN_POINT( '', ( 8.10000000000000, -3.52500000000000, 1.00000000000000 ) );
#5372 = VECTOR( '', #6321, 1000.00000000000 );
#5373 = CARTESIAN_POINT( '', ( 8.10000000000000, -3.52500000000000, 1.00000000000000 ) );
#5374 = VECTOR( '', #6322, 1000.00000000000 );
#5375 = COLOUR_RGB( '', 0.333333343267441, 0.600000023841858, 0.333333343267441 );
#5376 = CARTESIAN_POINT( '', ( 3.80000000000000, 3.15000000000000, -1.30000000000000 ) );
#5377 = CARTESIAN_POINT( '', ( 3.80000000000000, 3.15000000000000, 1.30000000000000 ) );
#5378 = VECTOR( '', #6323, 1000.00000000000 );
#5379 = CARTESIAN_POINT( '', ( 3.50000000000000, 4.15000000000000, -1.60000000000000 ) );
#5380 = CARTESIAN_POINT( '', ( 3.80508474576271, 3.13305084745763, -1.29491525423729 ) );
#5381 = VECTOR( '', #6324, 1000.00000000000 );
#5382 = CARTESIAN_POINT( '', ( 3.50000000000000, 4.15000000000000, 2.00000000000000 ) );
#5383 = CARTESIAN_POINT( '', ( 3.50000000000000, 4.15000000000000, -3.00000000000000 ) );
#5384 = VECTOR( '', #6325, 1000.00000000000 );
#5385 = CARTESIAN_POINT( '', ( 3.68000000000000, 3.55000000000000, 2.00000000000000 ) );
#5386 = CARTESIAN_POINT( '', ( 3.50000000000000, 4.15000000000000, 2.00000000000000 ) );
#5387 = VECTOR( '', #6326, 1000.00000000000 );
#5388 = CARTESIAN_POINT( '', ( 3.78100777361445, 3.21330742128516, 0.540998825569040 ) );
#5389 = VECTOR( '', #6327, 1000.00000000000 );
#5390 = COLOUR_RGB( '', 0.333333343267441, 0.600000023841858, 0.333333343267441 );
#5391 = CARTESIAN_POINT( '', ( 6.50000000000000, -3.70000000000000, -0.800000000000000 ) );
#5392 = CARTESIAN_POINT( '', ( 6.50000000000000, -3.70000000000000, -3.00000000000000 ) );
#5393 = CARTESIAN_POINT( '', ( 6.50000000000000, -3.70000000000000, 16.8466621878844 ) );
#5394 = VECTOR( '', #6328, 1000.00000000000 );
#5395 = CARTESIAN_POINT( '', ( 6.50000000000000, -4.15000000000000, -0.800000000000000 ) );
#5396 = CARTESIAN_POINT( '', ( 6.50000000000000, -3.20000000000000, -0.800000000000000 ) );
#5397 = VECTOR( '', #6329, 1000.00000000000 );
#5398 = CARTESIAN_POINT( '', ( 6.50000000000000, -4.15000000000000, 1.00000000000000 ) );
#5399 = CARTESIAN_POINT( '', ( 6.50000000000000, -4.15000000000000, -0.800000000000000 ) );
#5400 = VECTOR( '', #6330, 1000.00000000000 );
#5401 = CARTESIAN_POINT( '', ( 6.50000000000000, -3.20000000000000, 4.45454545454546 ) );
#5402 = CARTESIAN_POINT( '', ( 6.50000000000000, -4.15000000000000, 1.00000000000000 ) );
#5403 = VECTOR( '', #6331, 1000.00000000000 );
#5404 = CARTESIAN_POINT( '', ( 6.50000000000000, -3.20000000000000, -3.00000000000000 ) );
#5405 = CARTESIAN_POINT( '', ( 6.50000000000000, -3.20000000000000, 16.8466621878844 ) );
#5406 = VECTOR( '', #6332, 1000.00000000000 );
#5407 = CARTESIAN_POINT( '', ( 6.50000000000000, -3.70000000000000, -3.00000000000000 ) );
#5408 = VECTOR( '', #6333, 1000.00000000000 );
#5409 = COLOUR_RGB( '', 0.333333343267441, 0.600000023841858, 0.333333343267441 );
#5410 = CARTESIAN_POINT( '', ( -3.15000000000000, 0.000000000000000, 5.00000000000000 ) );
#5411 = AXIS2_PLACEMENT_3D( '', #6334, #6335, #6336 );
#5412 = CARTESIAN_POINT( '', ( -3.15000000000000, 0.000000000000000, 7.00000000000000 ) );
#5413 = AXIS2_PLACEMENT_3D( '', #6337, #6338, #6339 );
#5414 = COLOUR_RGB( '', 0.699999988079071, 0.699999988079071, 0.699999988079071 );
#5415 = CARTESIAN_POINT( '', ( 0.000000000000000, 1.40000000000000, 0.750000000000000 ) );
#5416 = AXIS2_PLACEMENT_3D( '', #6340, #6341, #6342 );
#5417 = COLOUR_RGB( '', 0.333333343267441, 0.600000023841858, 0.333333343267441 );
#5418 = CARTESIAN_POINT( '', ( -6.50000000000000, 4.15000000000000, -1.60000000000000 ) );
#5419 = CARTESIAN_POINT( '', ( -5.43220338983051, 0.590677966101698, -0.532203389830508 ) );
#5420 = VECTOR( '', #6343, 1000.00000000000 );
#5421 = CARTESIAN_POINT( '', ( -3.80000000000000, 4.15000000000000, -1.60000000000000 ) );
#5422 = VECTOR( '', #6344, 1000.00000000000 );
#5423 = COLOUR_RGB( '', 0.699999988079071, 0.699999988079071, 0.699999988079071 );
#5424 = CARTESIAN_POINT( '', ( -0.850000000000000, 1.87500000000000, 4.32500000000000 ) );
#5425 = VECTOR( '', #6345, 1000.00000000000 );
#5426 = CARTESIAN_POINT( '', ( 1.15000000000000, 1.87500000000000, 4.12500000000000 ) );
#5427 = CARTESIAN_POINT( '', ( 1.15000000000000, 1.87500000000000, 4.12500000000000 ) );
#5428 = VECTOR( '', #6346, 1000.00000000000 );
#5429 = CARTESIAN_POINT( '', ( 1.15000000000000, 1.87500000000000, -1.16500000000000 ) );
#5430 = CARTESIAN_POINT( '', ( 1.15000000000000, 1.87500000000000, -6.46399902678650 ) );
#5431 = VECTOR( '', #6347, 1000.00000000000 );
#5432 = CARTESIAN_POINT( '', ( -1.50000000000000, 1.87500000000000, -1.16500000000000 ) );
#5433 = VECTOR( '', #6348, 1000.00000000000 );
#5434 = COLOUR_RGB( '', 0.699999988079071, 0.699999988079071, 0.699999988079071 );
#5435 = CARTESIAN_POINT( '', ( -1.40000000000000, -1.67500000000000, 2.50000000000000 ) );
#5436 = CARTESIAN_POINT( '', ( -1.40000000000000, 0.725000000000000, 2.50000000000000 ) );
#5437 = CARTESIAN_POINT( '', ( -1.40000000000000, -1.67500000000000, 2.50000000000000 ) );
#5438 = VECTOR( '', #6349, 1000.00000000000 );
#5439 = CARTESIAN_POINT( '', ( -1.40000000000000, -1.67500000000000, -2.50000000000000 ) );
#5440 = CARTESIAN_POINT( '', ( -1.40000000000000, -1.67500000000000, -5.47260935955099 ) );
#5441 = VECTOR( '', #6350, 1000.00000000000 );
#5442 = CARTESIAN_POINT( '', ( -1.40000000000000, 2.37500000000000, -2.50000000000000 ) );
#5443 = VECTOR( '', #6351, 1000.00000000000 );
#5444 = CARTESIAN_POINT( '', ( -1.40000000000000, 0.725000000000000, -5.47260935955099 ) );
#5445 = VECTOR( '', #6352, 1000.00000000000 );
#5446 = COLOUR_RGB( '', 0.333333343267441, 0.600000023841858, 0.333333343267441 );
#5447 = CARTESIAN_POINT( '', ( 7.50000000000000, 3.00000000000000, -3.00000000000000 ) );
#5448 = VECTOR( '', #6353, 1000.00000000000 );
#5449 = COLOUR_RGB( '', 0.333333343267441, 0.600000023841858, 0.333333343267441 );
#5450 = CARTESIAN_POINT( '', ( -7.50000000000000, -3.00000000000000, 1.00000000000000 ) );
#5451 = CARTESIAN_POINT( '', ( -7.50000000000000, -3.40000000000000, 1.00000000000000 ) );
#5452 = CARTESIAN_POINT( '', ( -7.50000000000000, -3.00000000000000, 1.00000000000000 ) );
#5453 = VECTOR( '', #6354, 1000.00000000000 );
#5454 = CARTESIAN_POINT( '', ( -6.90000000000000, -2.87500000000000, 1.00000000000000 ) );
#5455 = VECTOR( '', #6355, 1000.00000000000 );
#5456 = CARTESIAN_POINT( '', ( -7.50000000000000, -3.40000000000000, 1.00000000000000 ) );
#5457 = VECTOR( '', #6356, 1000.00000000000 );
#5458 = COLOUR_RGB( '', 0.333333343267441, 0.600000023841858, 0.333333343267441 );
#5459 = CARTESIAN_POINT( '', ( 3.80000000000000, 2.95000000000000, -1.30000000000000 ) );
#5460 = CARTESIAN_POINT( '', ( 3.80000000000000, -15.6966621878844, -1.30000000000000 ) );
#5461 = VECTOR( '', #6357, 1000.00000000000 );
#5462 = CARTESIAN_POINT( '', ( 3.80000000000000, 2.95000000000000, 1.30000000000000 ) );
#5463 = CARTESIAN_POINT( '', ( 3.80000000000000, 2.95000000000000, 1.30000000000000 ) );
#5464 = VECTOR( '', #6358, 1000.00000000000 );
#5465 = CARTESIAN_POINT( '', ( 3.80000000000000, 2.50000000000000, 1.30000000000000 ) );
#5466 = CARTESIAN_POINT( '', ( 3.80000000000000, 2.50000000000000, 1.30000000000000 ) );
#5467 = VECTOR( '', #6359, 1000.00000000000 );
#5468 = CARTESIAN_POINT( '', ( 3.80000000000000, 2.50000000000000, -3.00000000000000 ) );
#5469 = CARTESIAN_POINT( '', ( 3.80000000000000, 2.50000000000000, 1.30000000000000 ) );
#5470 = VECTOR( '', #6360, 1000.00000000000 );
#5471 = CARTESIAN_POINT( '', ( 3.80000000000000, 2.95000000000000, -3.00000000000000 ) );
#5472 = CARTESIAN_POINT( '', ( 3.80000000000000, 2.50000000000000, -3.00000000000000 ) );
#5473 = VECTOR( '', #6361, 1000.00000000000 );
#5474 = CARTESIAN_POINT( '', ( 3.80000000000000, 2.95000000000000, 1.30000000000000 ) );
#5475 = VECTOR( '', #6362, 1000.00000000000 );
#5476 = COLOUR_RGB( '', 0.333333343267441, 0.600000023841858, 0.333333343267441 );
#5477 = CARTESIAN_POINT( '', ( -1.20000000000000, 3.15000000000000, 0.700000000000000 ) );
#5478 = CARTESIAN_POINT( '', ( -1.50000000000000, 4.15000000000000, 0.700000000000000 ) );
#5479 = VECTOR( '', #6363, 1000.00000000000 );
#5480 = CARTESIAN_POINT( '', ( -1.20000000000000, 3.15000000000000, -1.30000000000000 ) );
#5481 = CARTESIAN_POINT( '', ( -1.20000000000000, 3.15000000000000, 1.30000000000000 ) );
#5482 = VECTOR( '', #6364, 1000.00000000000 );
#5483 = CARTESIAN_POINT( '', ( -1.50000000000000, 4.15000000000000, -1.60000000000000 ) );
#5484 = CARTESIAN_POINT( '', ( -0.813559322033901, 1.86186440677967, -0.913559322033899 ) );
#5485 = VECTOR( '', #6365, 1000.00000000000 );
#5486 = CARTESIAN_POINT( '', ( -1.50000000000000, 4.15000000000000, -3.00000000000000 ) );
#5487 = VECTOR( '', #6366, 1000.00000000000 );
#5488 = COLOUR_RGB( '', 0.333333343267441, 0.600000023841858, 0.333333343267441 );
#5489 = CARTESIAN_POINT( '', ( 1.50000000000000, -3.20000000000000, -3.00000000000000 ) );
#5490 = CARTESIAN_POINT( '', ( 1.20000000000000, -3.20000000000000, -3.00000000000000 ) );
#5491 = CARTESIAN_POINT( '', ( 1.50000000000000, -3.20000000000000, -3.00000000000000 ) );
#5492 = VECTOR( '', #6367, 1000.00000000000 );
#5493 = CARTESIAN_POINT( '', ( 1.50000000000000, -3.20000000000000, 4.45454545454546 ) );
#5494 = CARTESIAN_POINT( '', ( 1.50000000000000, -3.20000000000000, 16.8466621878844 ) );
#5495 = VECTOR( '', #6368, 1000.00000000000 );
#5496 = CARTESIAN_POINT( '', ( -1.50000000000000, -3.20000000000000, 4.45454545454550 ) );
#5497 = CARTESIAN_POINT( '', ( 7.50000000000000, -3.20000000000000, 4.45454545454545 ) );
#5498 = VECTOR( '', #6369, 1000.00000000000 );
#5499 = CARTESIAN_POINT( '', ( -1.50000000000000, -3.20000000000000, -3.00000000000000 ) );
#5500 = CARTESIAN_POINT( '', ( -1.50000000000000, -3.20000000000000, 16.8466621878844 ) );
#5501 = VECTOR( '', #6370, 1000.00000000000 );
#5502 = CARTESIAN_POINT( '', ( -1.20000000000000, -3.20000000000000, -3.00000000000000 ) );
#5503 = CARTESIAN_POINT( '', ( 1.50000000000000, -3.20000000000000, -3.00000000000000 ) );
#5504 = VECTOR( '', #6371, 1000.00000000000 );
#5505 = CARTESIAN_POINT( '', ( -1.20000000000000, -3.20000000000000, 1.80000000000000 ) );
#5506 = CARTESIAN_POINT( '', ( -1.20000000000000, -3.20000000000000, 1.80000000000000 ) );
#5507 = VECTOR( '', #6372, 1000.00000000000 );
#5508 = CARTESIAN_POINT( '', ( 1.20000000000000, -3.20000000000000, 1.80000000000000 ) );
#5509 = CARTESIAN_POINT( '', ( -1.20000000000000, -3.20000000000000, 1.80000000000000 ) );
#5510 = VECTOR( '', #6373, 1000.00000000000 );
#5511 = CARTESIAN_POINT( '', ( 1.20000000000000, -3.20000000000000, 1.80000000000000 ) );
#5512 = VECTOR( '', #6374, 1000.00000000000 );
#5513 = COLOUR_RGB( '', 0.333333343267441, 0.600000023841858, 0.333333343267441 );
#5514 = CARTESIAN_POINT( '', ( 7.50000000000000, -3.40000000000000, -3.00000000000000 ) );
#5515 = VECTOR( '', #6375, 1000.00000000000 );
#5516 = CARTESIAN_POINT( '', ( 7.50000000000000, -3.40000000000000, 1.00000000000000 ) );
#5517 = VECTOR( '', #6376, 1000.00000000000 );
#5518 = COLOUR_RGB( '', 0.333333343267441, 0.600000023841858, 0.333333343267441 );
#5519 = CARTESIAN_POINT( '', ( -7.50000000000000, 3.65000000000000, 3.00000000000000 ) );
#5520 = CARTESIAN_POINT( '', ( 7.50000000000000, 3.65000000000000, 3.00000000000000 ) );
#5521 = VECTOR( '', #6377, 1000.00000000000 );
#5522 = CARTESIAN_POINT( '', ( -7.50000000000000, 3.35000000000000, 3.00000000000000 ) );
#5523 = VECTOR( '', #6378, 1000.00000000000 );
#5524 = COLOUR_RGB( '', 0.699999988079071, 0.699999988079071, 0.699999988079071 );
#5525 = CARTESIAN_POINT( '', ( 1.15000000000000, 1.36500000000000, -1.67500000000000 ) );
#5526 = AXIS2_PLACEMENT_3D( '', #6379, #6380, #6381 );
#5527 = CARTESIAN_POINT( '', ( -1.50000000000000, 1.36500000000000, -1.67500000000000 ) );
#5528 = VECTOR( '', #6382, 1000.00000000000 );
#5529 = COLOUR_RGB( '', 0.333333343267441, 0.600000023841858, 0.333333343267441 );
#5530 = CARTESIAN_POINT( '', ( -7.50000000000000, -3.00000000000000, -3.00000000000000 ) );
#5531 = CARTESIAN_POINT( '', ( -6.90000000000000, -2.87500000000000, -3.00000000000000 ) );
#5532 = VECTOR( '', #6383, 1000.00000000000 );
#5533 = CARTESIAN_POINT( '', ( -7.50000000000000, -3.00000000000000, 1.00000000000000 ) );
#5534 = VECTOR( '', #6384, 1000.00000000000 );
#5535 = COLOUR_RGB( '', 0.699999988079071, 0.699999988079071, 0.699999988079071 );
#5536 = CARTESIAN_POINT( '', ( 2.00000000000000, -2.37500000000000, -2.50000000000000 ) );
#5537 = CARTESIAN_POINT( '', ( 2.00000000000000, -2.37500000000000, -2.50000000000000 ) );
#5538 = VECTOR( '', #6385, 1000.00000000000 );
#5539 = CARTESIAN_POINT( '', ( 2.00000000000000, -2.37500000000000, 2.50000000000000 ) );
#5540 = CARTESIAN_POINT( '', ( 2.00000000000000, -2.37500000000000, -2.50000000000000 ) );
#5541 = VECTOR( '', #6386, 1000.00000000000 );
#5542 = CARTESIAN_POINT( '', ( 2.00000000000000, -2.37500000000000, 2.50000000000000 ) );
#5543 = VECTOR( '', #6387, 1000.00000000000 );
#5544 = COLOUR_RGB( '', 0.333333343267441, 0.600000023841858, 0.333333343267441 );
#5545 = CARTESIAN_POINT( '', ( -3.80000000000000, 2.50000000000000, 1.30000000000000 ) );
#5546 = CARTESIAN_POINT( '', ( -3.80000000000000, 2.50000000000000, -3.00000000000000 ) );
#5547 = CARTESIAN_POINT( '', ( -3.80000000000000, 2.50000000000000, 1.30000000000000 ) );
#5548 = VECTOR( '', #6388, 1000.00000000000 );
#5549 = CARTESIAN_POINT( '', ( -3.00000000000000, 2.50000000000000, -3.00000000000000 ) );
#5550 = VECTOR( '', #6389, 1000.00000000000 );
#5551 = CARTESIAN_POINT( '', ( -3.00000000000000, 2.50000000000000, 4.60000000000000 ) );
#5552 = VECTOR( '', #6390, 1000.00000000000 );
#5553 = CARTESIAN_POINT( '', ( -6.20000000000000, 2.50000000000000, -3.00000000000000 ) );
#5554 = CARTESIAN_POINT( '', ( -3.00000000000000, 2.50000000000000, -3.00000000000000 ) );
#5555 = VECTOR( '', #6391, 1000.00000000000 );
#5556 = CARTESIAN_POINT( '', ( -6.20000000000000, 2.50000000000000, 1.30000000000000 ) );
#5557 = CARTESIAN_POINT( '', ( -6.20000000000000, 2.50000000000000, 1.30000000000000 ) );
#5558 = VECTOR( '', #6392, 1000.00000000000 );
#5559 = CARTESIAN_POINT( '', ( -3.80000000000000, 2.50000000000000, 1.30000000000000 ) );
#5560 = VECTOR( '', #6393, 1000.00000000000 );
#5561 = COLOUR_RGB( '', 0.333333343267441, 0.600000023841858, 0.333333343267441 );
#5562 = CARTESIAN_POINT( '', ( 7.00000000000000, -2.50000000000000, -3.00000000000000 ) );
#5563 = CARTESIAN_POINT( '', ( 3.00000000000000, -2.50000000000000, -3.00000000000000 ) );
#5564 = VECTOR( '', #6394, 1000.00000000000 );
#5565 = CARTESIAN_POINT( '', ( 3.00000000000000, -2.50000000000000, -3.00000000000000 ) );
#5566 = CARTESIAN_POINT( '', ( 3.00000000000000, -2.50000000000000, -3.00000000000000 ) );
#5567 = VECTOR( '', #6395, 1000.00000000000 );
#5568 = CARTESIAN_POINT( '', ( 3.00000000000000, -2.50000000000000, 4.60000000000000 ) );
#5569 = CARTESIAN_POINT( '', ( 3.00000000000000, -2.50000000000000, 4.60000000000000 ) );
#5570 = VECTOR( '', #6396, 1000.00000000000 );
#5571 = CARTESIAN_POINT( '', ( 7.00000000000000, -2.50000000000000, 4.60000000000000 ) );
#5572 = CARTESIAN_POINT( '', ( 3.00000000000000, -2.50000000000000, 4.60000000000000 ) );
#5573 = VECTOR( '', #6397, 1000.00000000000 );
#5574 = CARTESIAN_POINT( '', ( 7.00000000000000, -2.50000000000000, 4.60000000000000 ) );
#5575 = VECTOR( '', #6398, 1000.00000000000 );
#5576 = COLOUR_RGB( '', 0.699999988079071, 0.699999988079071, 0.699999988079071 );
#5577 = CARTESIAN_POINT( '', ( -0.450000000000000, -6.37500000000000, 1.67500000000000 ) );
#5578 = CARTESIAN_POINT( '', ( -0.450000000000000, -6.37500000000000, 1.67500000000000 ) );
#5579 = VECTOR( '', #6399, 1000.00000000000 );
#5580 = CARTESIAN_POINT( '', ( -0.450000000000000, -1.88500000000000, 1.67500000000000 ) );
#5581 = CARTESIAN_POINT( '', ( -0.450000000000000, -1.87500000000000, 1.67500000000000 ) );
#5582 = VECTOR( '', #6400, 1000.00000000000 );
#5583 = CARTESIAN_POINT( '', ( 0.450000000000000, -1.88500000000000, 1.67500000000000 ) );
#5584 = CARTESIAN_POINT( '', ( -1.50000000000000, -1.88500000000000, 1.67500000000000 ) );
#5585 = VECTOR( '', #6401, 1000.00000000000 );
#5586 = CARTESIAN_POINT( '', ( 0.450000000000000, -6.37500000000000, 1.67500000000000 ) );
#5587 = CARTESIAN_POINT( '', ( 0.450000000000000, -1.87500000000000, 1.67500000000000 ) );
#5588 = VECTOR( '', #6402, 1000.00000000000 );
#5589 = CARTESIAN_POINT( '', ( 0.150000000000000, -6.57500000000000, 1.67500000000000 ) );
#5590 = VECTOR( '', #6403, 1000.00000000000 );
#5591 = COLOUR_RGB( '', 0.333333343267441, 0.600000023841858, 0.333333343267441 );
#5592 = CARTESIAN_POINT( '', ( 1.85000000000000, 0.000000000000000, 5.00000000000000 ) );
#5593 = AXIS2_PLACEMENT_3D( '', #6404, #6405, #6406 );
#5594 = CARTESIAN_POINT( '', ( 1.85000000000000, 0.000000000000000, 7.00000000000000 ) );
#5595 = AXIS2_PLACEMENT_3D( '', #6407, #6408, #6409 );
#5596 = COLOUR_RGB( '', 0.333333343267441, 0.600000023841858, 0.333333343267441 );
#5597 = CARTESIAN_POINT( '', ( -1.20000000000000, -15.6966621878844, -1.30000000000000 ) );
#5598 = VECTOR( '', #6410, 1000.00000000000 );
#5599 = CARTESIAN_POINT( '', ( -1.20000000000000, 2.95000000000000, 0.700000000000000 ) );
#5600 = CARTESIAN_POINT( '', ( -1.20000000000000, -15.6966621878844, 0.700000000000000 ) );
#5601 = VECTOR( '', #6411, 1000.00000000000 );
#5602 = CARTESIAN_POINT( '', ( -1.20000000000000, 2.95000000000000, 1.30000000000000 ) );
#5603 = CARTESIAN_POINT( '', ( -1.20000000000000, 2.95000000000000, 1.30000000000000 ) );
#5604 = VECTOR( '', #6412, 1000.00000000000 );
#5605 = CARTESIAN_POINT( '', ( -1.20000000000000, 2.50000000000000, 1.30000000000000 ) );
#5606 = VECTOR( '', #6413, 1000.00000000000 );
#5607 = CARTESIAN_POINT( '', ( -1.20000000000000, 2.50000000000000, -3.00000000000000 ) );
#5608 = VECTOR( '', #6414, 1000.00000000000 );
#5609 = COLOUR_RGB( '', 0.699999988079071, 0.699999988079071, 0.699999988079071 );
#5610 = CARTESIAN_POINT( '', ( -0.450000000000000, -6.37500000000000, 2.17500000000000 ) );
#5611 = CARTESIAN_POINT( '', ( -0.450000000000000, -6.57500000000000, 2.17500000000000 ) );
#5612 = VECTOR( '', #6415, 1000.00000000000 );
#5613 = CARTESIAN_POINT( '', ( -3.25384615384616, -4.50576923076923, 2.17500000000000 ) );
#5614 = VECTOR( '', #6416, 1000.00000000000 );
#5615 = CARTESIAN_POINT( '', ( 0.450000000000000, -6.37500000000000, 2.17500000000000 ) );
#5616 = CARTESIAN_POINT( '', ( 1.17692307692307, -5.89038461538462, 2.17500000000000 ) );
#5617 = VECTOR( '', #6417, 1000.00000000000 );
#5618 = CARTESIAN_POINT( '', ( 0.450000000000000, -6.57500000000000, 2.17500000000000 ) );
#5619 = VECTOR( '', #6418, 1000.00000000000 );
#5620 = COLOUR_RGB( '', 0.699999988079071, 0.699999988079071, 0.699999988079071 );
#5621 = CARTESIAN_POINT( '', ( -0.500000000000000, 1.85000000000000, -0.0500000000000000 ) );
#5622 = VECTOR( '', #6419, 1000.00000000000 );
#5623 = COLOUR_RGB( '', 0.699999988079071, 0.699999988079071, 0.699999988079071 );
#5624 = CARTESIAN_POINT( '', ( 1.40000000000000, -1.67500000000000, -2.50000000000000 ) );
#5625 = CARTESIAN_POINT( '', ( 1.40000000000000, -1.67500000000000, 2.50000000000000 ) );
#5626 = CARTESIAN_POINT( '', ( 1.40000000000000, -1.67500000000000, -5.47260935955099 ) );
#5627 = VECTOR( '', #6420, 1000.00000000000 );
#5628 = CARTESIAN_POINT( '', ( 1.40000000000000, 0.725000000000000, 2.50000000000000 ) );
#5629 = CARTESIAN_POINT( '', ( 1.40000000000000, 0.725000000000000, 2.50000000000000 ) );
#5630 = VECTOR( '', #6421, 1000.00000000000 );
#5631 = CARTESIAN_POINT( '', ( 1.40000000000000, 0.725000000000000, -5.47260935955099 ) );
#5632 = VECTOR( '', #6422, 1000.00000000000 );
#5633 = CARTESIAN_POINT( '', ( 1.40000000000000, 2.37500000000000, -2.50000000000000 ) );
#5634 = VECTOR( '', #6423, 1000.00000000000 );
#5635 = COLOUR_RGB( '', 0.333333343267441, 0.600000023841858, 0.333333343267441 );
#5636 = CARTESIAN_POINT( '', ( -7.50000000000000, -4.15000000000000, -3.00000000000000 ) );
#5637 = VECTOR( '', #6424, 1000.00000000000 );
#5638 = CARTESIAN_POINT( '', ( -7.50000000000000, -3.40000000000000, -3.00000000000000 ) );
#5639 = CARTESIAN_POINT( '', ( -7.50000000000000, -3.40000000000000, 1.00000000000000 ) );
#5640 = VECTOR( '', #6425, 1000.00000000000 );
#5641 = CARTESIAN_POINT( '', ( -7.50000000000000, -4.15000000000000, -3.00000000000000 ) );
#5642 = CARTESIAN_POINT( '', ( -7.50000000000000, -4.15000000000000, -3.00000000000000 ) );
#5643 = VECTOR( '', #6426, 1000.00000000000 );
#5644 = CARTESIAN_POINT( '', ( -7.50000000000000, -4.15000000000000, 1.00000000000000 ) );
#5645 = CARTESIAN_POINT( '', ( -7.50000000000000, -4.15000000000000, 1.00000000000000 ) );
#5646 = VECTOR( '', #6427, 1000.00000000000 );
#5647 = CARTESIAN_POINT( '', ( -7.50000000000000, -2.50000000000000, 7.00000000000000 ) );
#5648 = CARTESIAN_POINT( '', ( -7.50000000000000, -4.15000000000000, 1.00000000000000 ) );
#5649 = VECTOR( '', #6428, 1000.00000000000 );
#5650 = CARTESIAN_POINT( '', ( -7.50000000000000, 2.50000000000000, 7.00000000000000 ) );
#5651 = VECTOR( '', #6429, 1000.00000000000 );
#5652 = CARTESIAN_POINT( '', ( -7.50000000000000, 4.15000000000000, 2.50000000000000 ) );
#5653 = AXIS2_PLACEMENT_3D( '', #6430, #6431, #6432 );
#5654 = CARTESIAN_POINT( '', ( -7.50000000000000, 4.15000000000000, -3.00000000000000 ) );
#5655 = CARTESIAN_POINT( '', ( -7.50000000000000, 4.15000000000000, -3.00000000000000 ) );
#5656 = VECTOR( '', #6433, 1000.00000000000 );
#5657 = CARTESIAN_POINT( '', ( -7.50000000000000, 3.40000000000000, -3.00000000000000 ) );
#5658 = CARTESIAN_POINT( '', ( -7.50000000000000, -4.15000000000000, -3.00000000000000 ) );
#5659 = VECTOR( '', #6434, 1000.00000000000 );
#5660 = CARTESIAN_POINT( '', ( -7.50000000000000, 3.40000000000000, 2.50000000000000 ) );
#5661 = VECTOR( '', #6435, 1000.00000000000 );
#5662 = COLOUR_RGB( '', 0.333333343267441, 0.600000023841858, 0.333333343267441 );
#5663 = CARTESIAN_POINT( '', ( -3.80000000000000, 2.95000000000000, 1.30000000000000 ) );
#5664 = CARTESIAN_POINT( '', ( -3.80000000000000, 2.95000000000000, 1.30000000000000 ) );
#5665 = VECTOR( '', #6436, 1000.00000000000 );
#5666 = CARTESIAN_POINT( '', ( -6.20000000000000, 2.95000000000000, 1.30000000000000 ) );
#5667 = CARTESIAN_POINT( '', ( -6.20000000000000, 2.50000000000000, 1.30000000000000 ) );
#5668 = VECTOR( '', #6437, 1000.00000000000 );
#5669 = CARTESIAN_POINT( '', ( -6.20000000000000, 2.95000000000000, 1.30000000000000 ) );
#5670 = VECTOR( '', #6438, 1000.00000000000 );
#5671 = COLOUR_RGB( '', 0.333333343267441, 0.600000023841858, 0.333333343267441 );
#5672 = CARTESIAN_POINT( '', ( 1.20000000000000, 2.95000000000000, 0.700000000000000 ) );
#5673 = CARTESIAN_POINT( '', ( 1.20000000000000, 3.15000000000000, 0.700000000000000 ) );
#5674 = CARTESIAN_POINT( '', ( 1.20000000000000, -15.6966621878844, 0.700000000000000 ) );
#5675 = VECTOR( '', #6439, 1000.00000000000 );
#5676 = CARTESIAN_POINT( '', ( 1.20000000000000, 3.15000000000000, -1.30000000000000 ) );
#5677 = CARTESIAN_POINT( '', ( 1.20000000000000, 3.15000000000000, 1.30000000000000 ) );
#5678 = VECTOR( '', #6440, 1000.00000000000 );
#5679 = CARTESIAN_POINT( '', ( 1.20000000000000, -15.6966621878844, -1.30000000000000 ) );
#5680 = VECTOR( '', #6441, 1000.00000000000 );
#5681 = CARTESIAN_POINT( '', ( 1.20000000000000, 2.95000000000000, -3.00000000000000 ) );
#5682 = VECTOR( '', #6442, 1000.00000000000 );
#5683 = CARTESIAN_POINT( '', ( 1.20000000000000, 2.95000000000000, 1.30000000000000 ) );
#5684 = CARTESIAN_POINT( '', ( 1.20000000000000, 2.95000000000000, 1.30000000000000 ) );
#5685 = VECTOR( '', #6443, 1000.00000000000 );
#5686 = CARTESIAN_POINT( '', ( 1.20000000000000, 2.95000000000000, 1.30000000000000 ) );
#5687 = VECTOR( '', #6444, 1000.00000000000 );
#5688 = COLOUR_RGB( '', 0.699999988079071, 0.699999988079071, 0.699999988079071 );
#5689 = CARTESIAN_POINT( '', ( -1.50000000000000, 1.87500000000000, -1.67500000000000 ) );
#5690 = VECTOR( '', #6445, 1000.00000000000 );
#5691 = COLOUR_RGB( '', 0.333333343267441, 0.600000023841858, 0.333333343267441 );
#5692 = CARTESIAN_POINT( '', ( -3.80000000000000, 2.95000000000000, -3.00000000000000 ) );
#5693 = VECTOR( '', #6446, 1000.00000000000 );
#5694 = CARTESIAN_POINT( '', ( -3.80000000000000, 2.95000000000000, 1.30000000000000 ) );
#5695 = VECTOR( '', #6447, 1000.00000000000 );
#5696 = COLOUR_RGB( '', 0.333333343267441, 0.600000023841858, 0.333333343267441 );
#5697 = CARTESIAN_POINT( '', ( 6.20000000000000, 2.95000000000000, -1.30000000000000 ) );
#5698 = CARTESIAN_POINT( '', ( 3.80000000000000, 2.95000000000000, -1.30000000000000 ) );
#5699 = VECTOR( '', #6448, 1000.00000000000 );
#5700 = CARTESIAN_POINT( '', ( 6.20000000000000, 2.95000000000000, -3.00000000000000 ) );
#5701 = CARTESIAN_POINT( '', ( 3.80000000000000, 2.95000000000000, -3.00000000000000 ) );
#5702 = VECTOR( '', #6449, 1000.00000000000 );
#5703 = CARTESIAN_POINT( '', ( 6.20000000000000, 2.95000000000000, 1.30000000000000 ) );
#5704 = VECTOR( '', #6450, 1000.00000000000 );
#5705 = COLOUR_RGB( '', 0.333333343267441, 0.600000023841858, 0.333333343267441 );
#5706 = CARTESIAN_POINT( '', ( -2.00000000000000, 2.50000000000000, -3.00000000000000 ) );
#5707 = VECTOR( '', #6451, 1000.00000000000 );
#5708 = CARTESIAN_POINT( '', ( -2.00000000000000, 2.50000000000000, 4.60000000000000 ) );
#5709 = VECTOR( '', #6452, 1000.00000000000 );
#5710 = COLOUR_RGB( '', 0.333333343267441, 0.600000023841858, 0.333333343267441 );
#5711 = CARTESIAN_POINT( '', ( 3.50000000000000, -3.70000000000000, -0.800000000000000 ) );
#5712 = VECTOR( '', #6453, 1000.00000000000 );
#5713 = CARTESIAN_POINT( '', ( 6.50000000000000, -4.15000000000000, -0.800000000000000 ) );
#5714 = VECTOR( '', #6454, 1000.00000000000 );
#5715 = COLOUR_RGB( '', 0.333333343267441, 0.600000023841858, 0.333333343267441 );
#5716 = CARTESIAN_POINT( '', ( 1.20000000000000, -3.20000000000000, -3.00000000000000 ) );
#5717 = VECTOR( '', #6455, 1000.00000000000 );
#5718 = CARTESIAN_POINT( '', ( 2.00000000000000, -2.50000000000000, -3.00000000000000 ) );
#5719 = VECTOR( '', #6456, 1000.00000000000 );
#5720 = CARTESIAN_POINT( '', ( -1.20000000000000, -2.50000000000000, -3.00000000000000 ) );
#5721 = VECTOR( '', #6457, 1000.00000000000 );
#5722 = CARTESIAN_POINT( '', ( -1.50000000000000, -3.20000000000000, -3.00000000000000 ) );
#5723 = VECTOR( '', #6458, 1000.00000000000 );
#5724 = CARTESIAN_POINT( '', ( 1.50000000000000, -3.70000000000000, -3.00000000000000 ) );
#5725 = VECTOR( '', #6459, 1000.00000000000 );
#5726 = CARTESIAN_POINT( '', ( 6.50000000000000, -3.20000000000000, -3.00000000000000 ) );
#5727 = VECTOR( '', #6460, 1000.00000000000 );
#5728 = CARTESIAN_POINT( '', ( 7.00000000000000, 2.50000000000000, -3.00000000000000 ) );
#5729 = CARTESIAN_POINT( '', ( 7.00000000000000, -2.50000000000000, -3.00000000000000 ) );
#5730 = VECTOR( '', #6461, 1000.00000000000 );
#5731 = CARTESIAN_POINT( '', ( 6.20000000000000, 2.50000000000000, -3.00000000000000 ) );
#5732 = CARTESIAN_POINT( '', ( 7.00000000000000, 2.50000000000000, -3.00000000000000 ) );
#5733 = VECTOR( '', #6462, 1000.00000000000 );
#5734 = CARTESIAN_POINT( '', ( 6.20000000000000, 2.95000000000000, -3.00000000000000 ) );
#5735 = VECTOR( '', #6463, 1000.00000000000 );
#5736 = CARTESIAN_POINT( '', ( 3.00000000000000, 2.50000000000000, -3.00000000000000 ) );
#5737 = CARTESIAN_POINT( '', ( 7.00000000000000, 2.50000000000000, -3.00000000000000 ) );
#5738 = VECTOR( '', #6464, 1000.00000000000 );
#5739 = CARTESIAN_POINT( '', ( 3.00000000000000, 2.50000000000000, -3.00000000000000 ) );
#5740 = VECTOR( '', #6465, 1000.00000000000 );
#5741 = CARTESIAN_POINT( '', ( 6.50000000000000, -3.20000000000000, -3.00000000000000 ) );
#5742 = VECTOR( '', #6466, 1000.00000000000 );
#5743 = CARTESIAN_POINT( '', ( 3.50000000000000, -3.70000000000000, -3.00000000000000 ) );
#5744 = VECTOR( '', #6467, 1000.00000000000 );
#5745 = CARTESIAN_POINT( '', ( -3.50000000000000, -3.20000000000000, -3.00000000000000 ) );
#5746 = CARTESIAN_POINT( '', ( -3.80000000000000, -3.20000000000000, -3.00000000000000 ) );
#5747 = CARTESIAN_POINT( '', ( -3.50000000000000, -3.20000000000000, -3.00000000000000 ) );
#5748 = VECTOR( '', #6468, 1000.00000000000 );
#5749 = CARTESIAN_POINT( '', ( -3.80000000000000, -2.50000000000000, -3.00000000000000 ) );
#5750 = CARTESIAN_POINT( '', ( -3.80000000000000, -3.20000000000000, -3.00000000000000 ) );
#5751 = VECTOR( '', #6469, 1000.00000000000 );
#5752 = CARTESIAN_POINT( '', ( -7.00000000000000, -2.50000000000000, -3.00000000000000 ) );
#5753 = VECTOR( '', #6470, 1000.00000000000 );
#5754 = CARTESIAN_POINT( '', ( -6.20000000000000, 2.50000000000000, -3.00000000000000 ) );
#5755 = VECTOR( '', #6471, 1000.00000000000 );
#5756 = CARTESIAN_POINT( '', ( -6.20000000000000, -2.50000000000000, -3.00000000000000 ) );
#5757 = CARTESIAN_POINT( '', ( -7.00000000000000, -2.50000000000000, -3.00000000000000 ) );
#5758 = VECTOR( '', #6472, 1000.00000000000 );
#5759 = CARTESIAN_POINT( '', ( -6.20000000000000, -3.20000000000000, -3.00000000000000 ) );
#5760 = CARTESIAN_POINT( '', ( -6.20000000000000, -2.50000000000000, -3.00000000000000 ) );
#5761 = VECTOR( '', #6473, 1000.00000000000 );
#5762 = CARTESIAN_POINT( '', ( -3.50000000000000, -3.20000000000000, -3.00000000000000 ) );
#5763 = VECTOR( '', #6474, 1000.00000000000 );
#5764 = CARTESIAN_POINT( '', ( -3.50000000000000, -3.70000000000000, -3.00000000000000 ) );
#5765 = VECTOR( '', #6475, 1000.00000000000 );
#5766 = CARTESIAN_POINT( '', ( -6.90000000000000, 3.52500000000000, -3.00000000000000 ) );
#5767 = CARTESIAN_POINT( '', ( -6.90000000000000, 2.87500000000000, -3.00000000000000 ) );
#5768 = VECTOR( '', #6476, 1000.00000000000 );
#5769 = CARTESIAN_POINT( '', ( -6.90000000000000, 3.52500000000000, -3.00000000000000 ) );
#5770 = VECTOR( '', #6477, 1000.00000000000 );
#5771 = CARTESIAN_POINT( '', ( 7.50000000000000, 4.15000000000000, -3.00000000000000 ) );
#5772 = VECTOR( '', #6478, 1000.00000000000 );
#5773 = CARTESIAN_POINT( '', ( 8.10000000000000, 3.52500000000000, -3.00000000000000 ) );
#5774 = VECTOR( '', #6479, 1000.00000000000 );
#5775 = CARTESIAN_POINT( '', ( 8.10000000000000, -2.87500000000000, -3.00000000000000 ) );
#5776 = VECTOR( '', #6480, 1000.00000000000 );
#5777 = CARTESIAN_POINT( '', ( 7.50000000000000, -4.15000000000000, -3.00000000000000 ) );
#5778 = VECTOR( '', #6481, 1000.00000000000 );
#5779 = CARTESIAN_POINT( '', ( -7.50000000000000, -3.40000000000000, -3.00000000000000 ) );
#5780 = VECTOR( '', #6482, 1000.00000000000 );
#5781 = COLOUR_RGB( '', 0.333333343267441, 0.600000023841858, 0.333333343267441 );
#5782 = CARTESIAN_POINT( '', ( 3.00000000000000, 2.50000000000000, 4.60000000000000 ) );
#5783 = CARTESIAN_POINT( '', ( 3.00000000000000, 2.50000000000000, 4.60000000000000 ) );
#5784 = VECTOR( '', #6483, 1000.00000000000 );
#5785 = CARTESIAN_POINT( '', ( 3.00000000000000, 2.50000000000000, 4.60000000000000 ) );
#5786 = VECTOR( '', #6484, 1000.00000000000 );
#5787 = COLOUR_RGB( '', 0.333333343267441, 0.600000023841858, 0.333333343267441 );
#5788 = CARTESIAN_POINT( '', ( 7.50000000000000, 4.15000000000000, 2.50000000000000 ) );
#5789 = VECTOR( '', #6485, 1000.00000000000 );
#5790 = CARTESIAN_POINT( '', ( 6.50000000000000, 4.15000000000000, 2.00000000000000 ) );
#5791 = CARTESIAN_POINT( '', ( 6.20000000000000, 4.15000000000000, 2.00000000000000 ) );
#5792 = VECTOR( '', #6486, 1000.00000000000 );
#5793 = CARTESIAN_POINT( '', ( 6.50000000000000, 4.15000000000000, -1.60000000000000 ) );
#5794 = CARTESIAN_POINT( '', ( 6.20000000000000, 4.15000000000000, -1.60000000000000 ) );
#5795 = VECTOR( '', #6487, 1000.00000000000 );
#5796 = CARTESIAN_POINT( '', ( 6.50000000000000, 4.15000000000000, -3.00000000000000 ) );
#5797 = VECTOR( '', #6488, 1000.00000000000 );
#5798 = CARTESIAN_POINT( '', ( 1.50000000000000, 4.15000000000000, -1.60000000000000 ) );
#5799 = CARTESIAN_POINT( '', ( 1.20000000000000, 4.15000000000000, -1.60000000000000 ) );
#5800 = VECTOR( '', #6489, 1000.00000000000 );
#5801 = CARTESIAN_POINT( '', ( 1.50000000000000, 4.15000000000000, -3.00000000000000 ) );
#5802 = VECTOR( '', #6490, 1000.00000000000 );
#5803 = CARTESIAN_POINT( '', ( -6.50000000000000, 4.15000000000000, 2.00000000000000 ) );
#5804 = CARTESIAN_POINT( '', ( -3.80000000000000, 4.15000000000000, 2.00000000000000 ) );
#5805 = VECTOR( '', #6491, 1000.00000000000 );
#5806 = CARTESIAN_POINT( '', ( -6.50000000000000, 4.15000000000000, -3.00000000000000 ) );
#5807 = VECTOR( '', #6492, 1000.00000000000 );
#5808 = COLOUR_RGB( '', 0.333333343267441, 0.600000023841858, 0.333333343267441 );
#5809 = CARTESIAN_POINT( '', ( -1.20000000000000, 2.95000000000000, 1.30000000000000 ) );
#5810 = VECTOR( '', #6493, 1000.00000000000 );
#5811 = COLOUR_RGB( '', 0.333333343267441, 0.600000023841858, 0.333333343267441 );
#5812 = CARTESIAN_POINT( '', ( -1.50000000000000, -4.15000000000000, -0.800000000000000 ) );
#5813 = CARTESIAN_POINT( '', ( -1.50000000000000, -4.15000000000000, -0.800000000000000 ) );
#5814 = VECTOR( '', #6494, 1000.00000000000 );
#5815 = CARTESIAN_POINT( '', ( 1.50000000000000, -4.15000000000000, -0.800000000000000 ) );
#5816 = CARTESIAN_POINT( '', ( 1.50000000000000, -4.15000000000000, -0.800000000000000 ) );
#5817 = VECTOR( '', #6495, 1000.00000000000 );
#5818 = CARTESIAN_POINT( '', ( 1.50000000000000, -3.20000000000000, -0.800000000000000 ) );
#5819 = VECTOR( '', #6496, 1000.00000000000 );
#5820 = COLOUR_RGB( '', 0.333333343267441, 0.600000023841858, 0.333333343267441 );
#5821 = CARTESIAN_POINT( '', ( 1.20000000000000, -3.20000000000000, 1.80000000000000 ) );
#5822 = VECTOR( '', #6497, 1000.00000000000 );
#5823 = COLOUR_RGB( '', 0.699999988079071, 0.699999988079071, 0.699999988079071 );
#5824 = CARTESIAN_POINT( '', ( 1.15000000000000, 1.37500000000000, 4.12500000000000 ) );
#5825 = CARTESIAN_POINT( '', ( 1.15000000000000, 1.37500000000000, 4.12500000000000 ) );
#5826 = VECTOR( '', #6498, 1000.00000000000 );
#5827 = CARTESIAN_POINT( '', ( 1.15000000000000, 1.37500000000000, -1.16500000000000 ) );
#5828 = CARTESIAN_POINT( '', ( 1.15000000000000, 1.37500000000000, 4.32500000000000 ) );
#5829 = VECTOR( '', #6499, 1000.00000000000 );
#5830 = AXIS2_PLACEMENT_3D( '', #6500, #6501, #6502 );
#5831 = CARTESIAN_POINT( '', ( 1.15000000000000, 1.36500000000000, -6.46399902678650 ) );
#5832 = VECTOR( '', #6503, 1000.00000000000 );
#5833 = COLOUR_RGB( '', 0.333333343267441, 0.600000023841858, 0.333333343267441 );
#5834 = CARTESIAN_POINT( '', ( 6.85000000000000, 0.000000000000000, 5.00000000000000 ) );
#5835 = AXIS2_PLACEMENT_3D( '', #6504, #6505, #6506 );
#5836 = CARTESIAN_POINT( '', ( 6.50000000000000, 0.000000000000000, 5.00000000000000 ) );
#5837 = AXIS2_PLACEMENT_3D( '', #6507, #6508, #6509 );
#5838 = COLOUR_RGB( '', 0.333333343267441, 0.600000023841858, 0.333333343267441 );
#5839 = CARTESIAN_POINT( '', ( 6.85000000000000, 0.000000000000000, 7.00000000000000 ) );
#5840 = AXIS2_PLACEMENT_3D( '', #6510, #6511, #6512 );
#5841 = COLOUR_RGB( '', 0.333333343267441, 0.600000023841858, 0.333333343267441 );
#5842 = CARTESIAN_POINT( '', ( -1.20000000000000, -2.50000000000000, 1.80000000000000 ) );
#5843 = VECTOR( '', #6513, 1000.00000000000 );
#5844 = COLOUR_RGB( '', 0.333333343267441, 0.600000023841858, 0.333333343267441 );
#5845 = CARTESIAN_POINT( '', ( 6.20000000000000, 2.95000000000000, 1.30000000000000 ) );
#5846 = CARTESIAN_POINT( '', ( 6.20000000000000, 2.95000000000000, 1.30000000000000 ) );
#5847 = VECTOR( '', #6514, 1000.00000000000 );
#5848 = CARTESIAN_POINT( '', ( 3.80000000000000, 2.95000000000000, 1.30000000000000 ) );
#5849 = VECTOR( '', #6515, 1000.00000000000 );
#5850 = COLOUR_RGB( '', 0.699999988079071, 0.699999988079071, 0.699999988079071 );
#5851 = CARTESIAN_POINT( '', ( 0.450000000000000, -1.37500000000000, -1.16500000000000 ) );
#5852 = CARTESIAN_POINT( '', ( 0.450000000000000, -1.37500000000000, -1.67500000000000 ) );
#5853 = VECTOR( '', #6516, 1000.00000000000 );
#5854 = CARTESIAN_POINT( '', ( -0.450000000000000, -1.37500000000000, -1.16500000000000 ) );
#5855 = CARTESIAN_POINT( '', ( -1.50000000000000, -1.37500000000000, -1.16500000000000 ) );
#5856 = VECTOR( '', #6517, 1000.00000000000 );
#5857 = CARTESIAN_POINT( '', ( -0.450000000000000, -1.37500000000000, -1.67500000000000 ) );
#5858 = VECTOR( '', #6518, 1000.00000000000 );
#5859 = COLOUR_RGB( '', 0.333333343267441, 0.600000023841858, 0.333333343267441 );
#5860 = CARTESIAN_POINT( '', ( 7.00000000000000, 2.50000000000000, 4.60000000000000 ) );
#5861 = CARTESIAN_POINT( '', ( 7.00000000000000, -2.50000000000000, 4.60000000000000 ) );
#5862 = VECTOR( '', #6519, 1000.00000000000 );
#5863 = CARTESIAN_POINT( '', ( 7.00000000000000, 2.50000000000000, 4.60000000000000 ) );
#5864 = VECTOR( '', #6520, 1000.00000000000 );
#5865 = CARTESIAN_POINT( '', ( 6.50000000000000, 0.000000000000000, 4.60000000000000 ) );
#5866 = AXIS2_PLACEMENT_3D( '', #6521, #6522, #6523 );
#5867 = COLOUR_RGB( '', 0.699999988079071, 0.699999988079071, 0.699999988079071 );
#5868 = CARTESIAN_POINT( '', ( 0.450000000000000, -1.87500000000000, 1.66500000000000 ) );
#5869 = AXIS2_PLACEMENT_3D( '', #6524, #6525, #6526 );
#5870 = CARTESIAN_POINT( '', ( -0.450000000000000, -1.87500000000000, 1.66500000000000 ) );
#5871 = AXIS2_PLACEMENT_3D( '', #6527, #6528, #6529 );
#5872 = CARTESIAN_POINT( '', ( -1.50000000000000, -1.87500000000000, 1.66500000000000 ) );
#5873 = VECTOR( '', #6530, 1000.00000000000 );
#5874 = COLOUR_RGB( '', 0.333333343267441, 0.600000023841858, 0.333333343267441 );
#5875 = CARTESIAN_POINT( '', ( -6.90000000000000, 3.52500000000000, 2.50000000000000 ) );
#5876 = VECTOR( '', #6531, 1000.00000000000 );
#5877 = COLOUR_RGB( '', 0.333333343267441, 0.600000023841858, 0.333333343267441 );
#5878 = CARTESIAN_POINT( '', ( 1.50000000000000, 4.15000000000000, 0.700000000000000 ) );
#5879 = VECTOR( '', #6532, 1000.00000000000 );
#5880 = CARTESIAN_POINT( '', ( -1.20000000000000, 2.95000000000000, 0.700000000000000 ) );
#5881 = VECTOR( '', #6533, 1000.00000000000 );
#5882 = COLOUR_RGB( '', 0.333333343267441, 0.600000023841858, 0.333333343267441 );
#5883 = COLOUR_RGB( '', 0.333333343267441, 0.600000023841858, 0.333333343267441 );
#5884 = CARTESIAN_POINT( '', ( -3.80000000000000, -3.20000000000000, 1.80000000000000 ) );
#5885 = CARTESIAN_POINT( '', ( -3.80000000000000, -2.50000000000000, 1.80000000000000 ) );
#5886 = CARTESIAN_POINT( '', ( -3.80000000000000, -3.20000000000000, 1.80000000000000 ) );
#5887 = VECTOR( '', #6534, 1000.00000000000 );
#5888 = CARTESIAN_POINT( '', ( -6.20000000000000, -3.20000000000000, 1.80000000000000 ) );
#5889 = CARTESIAN_POINT( '', ( -6.20000000000000, -3.20000000000000, 1.80000000000000 ) );
#5890 = VECTOR( '', #6535, 1000.00000000000 );
#5891 = CARTESIAN_POINT( '', ( -6.20000000000000, -2.50000000000000, 1.80000000000000 ) );
#5892 = CARTESIAN_POINT( '', ( -6.20000000000000, -2.50000000000000, 1.80000000000000 ) );
#5893 = VECTOR( '', #6536, 1000.00000000000 );
#5894 = CARTESIAN_POINT( '', ( -3.80000000000000, -2.50000000000000, 1.80000000000000 ) );
#5895 = VECTOR( '', #6537, 1000.00000000000 );
#5896 = COLOUR_RGB( '', 0.333333343267441, 0.600000023841858, 0.333333343267441 );
#5897 = CARTESIAN_POINT( '', ( 6.32000000000000, 3.55000000000000, 2.00000000000000 ) );
#5898 = CARTESIAN_POINT( '', ( 6.20000000000000, 3.55000000000000, 2.00000000000000 ) );
#5899 = VECTOR( '', #6538, 1000.00000000000 );
#5900 = CARTESIAN_POINT( '', ( 6.22986410156032, 3.24954700520105, 0.698037022537890 ) );
#5901 = VECTOR( '', #6539, 1000.00000000000 );
#5902 = COLOUR_RGB( '', 0.699999988079071, 0.699999988079071, 0.699999988079071 );
#5903 = CARTESIAN_POINT( '', ( 0.450000000000000, -6.37500000000000, -8.61399902678650 ) );
#5904 = VECTOR( '', #6540, 1000.00000000000 );
#5905 = CARTESIAN_POINT( '', ( 0.450000000000000, -1.87500000000000, -1.16500000000000 ) );
#5906 = CARTESIAN_POINT( '', ( 0.450000000000000, -1.87500000000000, -1.67500000000000 ) );
#5907 = VECTOR( '', #6541, 1000.00000000000 );
#5908 = CARTESIAN_POINT( '', ( 0.450000000000000, -1.36500000000000, -1.67500000000000 ) );
#5909 = AXIS2_PLACEMENT_3D( '', #6542, #6543, #6544 );
#5910 = CARTESIAN_POINT( '', ( 0.450000000000000, 1.87500000000000, -1.67500000000000 ) );
#5911 = VECTOR( '', #6545, 1000.00000000000 );
#5912 = AXIS2_PLACEMENT_3D( '', #6546, #6547, #6548 );
#5913 = COLOUR_RGB( '', 0.333333343267441, 0.600000023841858, 0.333333343267441 );
#5914 = CARTESIAN_POINT( '', ( 8.10000000000000, -2.87500000000000, 1.00000000000000 ) );
#5915 = VECTOR( '', #6549, 1000.00000000000 );
#5916 = COLOUR_RGB( '', 0.699999988079071, 0.699999988079071, 0.699999988079071 );
#5917 = COLOUR_RGB( '', 0.699999988079071, 0.699999988079071, 0.699999988079071 );
#5918 = CARTESIAN_POINT( '', ( -0.450000000000000, -6.37500000000000, 2.17500000000000 ) );
#5919 = VECTOR( '', #6550, 1000.00000000000 );
#5920 = AXIS2_PLACEMENT_3D( '', #6551, #6552, #6553 );
#5921 = CARTESIAN_POINT( '', ( -0.450000000000000, -1.36500000000000, -1.67500000000000 ) );
#5922 = CARTESIAN_POINT( '', ( -0.450000000000000, 1.87500000000000, -1.67500000000000 ) );
#5923 = VECTOR( '', #6554, 1000.00000000000 );
#5924 = CARTESIAN_POINT( '', ( -0.450000000000000, -1.87500000000000, -1.16500000000000 ) );
#5925 = AXIS2_PLACEMENT_3D( '', #6555, #6556, #6557 );
#5926 = CARTESIAN_POINT( '', ( -0.450000000000000, -1.87500000000000, -1.67500000000000 ) );
#5927 = VECTOR( '', #6558, 1000.00000000000 );
#5928 = COLOUR_RGB( '', 0.699999988079071, 0.699999988079071, 0.699999988079071 );
#5929 = CARTESIAN_POINT( '', ( -1.30000000000000, 1.37500000000000, 4.02500000000000 ) );
#5930 = VECTOR( '', #6559, 1000.00000000000 );
#5931 = CARTESIAN_POINT( '', ( -1.50000000000000, 1.37500000000000, -1.16500000000000 ) );
#5932 = VECTOR( '', #6560, 1000.00000000000 );
#5933 = CARTESIAN_POINT( '', ( -0.776923076923078, 1.37500000000000, 5.40961538461539 ) );
#5934 = VECTOR( '', #6561, 1000.00000000000 );
#5935 = COLOUR_RGB( '', 0.333333343267441, 0.600000023841858, 0.333333343267441 );
#5936 = CARTESIAN_POINT( '', ( -6.20000000000000, 3.15000000000000, 1.30000000000000 ) );
#5937 = VECTOR( '', #6562, 1000.00000000000 );
#5938 = CARTESIAN_POINT( '', ( -6.20000000000000, 2.95000000000000, 1.30000000000000 ) );
#5939 = VECTOR( '', #6563, 1000.00000000000 );
#5940 = COLOUR_RGB( '', 0.333333343267441, 0.600000023841858, 0.333333343267441 );
#5941 = CARTESIAN_POINT( '', ( 6.50000000000000, 4.15000000000000, 2.00000000000000 ) );
#5942 = VECTOR( '', #6564, 1000.00000000000 );
#5943 = CARTESIAN_POINT( '', ( 6.20000000000000, 3.15000000000000, -1.30000000000000 ) );
#5944 = CARTESIAN_POINT( '', ( 6.57627118644068, 4.40423728813559, -1.67627118644068 ) );
#5945 = VECTOR( '', #6565, 1000.00000000000 );
#5946 = CARTESIAN_POINT( '', ( 6.20000000000000, 3.15000000000000, 1.30000000000000 ) );
#5947 = VECTOR( '', #6566, 1000.00000000000 );
#5948 = COLOUR_RGB( '', 0.333333343267441, 0.600000023841858, 0.333333343267441 );
#5949 = COLOUR_RGB( '', 0.699999988079071, 0.699999988079071, 0.699999988079071 );
#5950 = COLOUR_RGB( '', 0.699999988079071, 0.699999988079071, 0.699999988079071 );
#5951 = CARTESIAN_POINT( '', ( -1.50000000000000, -1.87500000000000, -1.16500000000000 ) );
#5952 = VECTOR( '', #6567, 1000.00000000000 );
#5953 = COLOUR_RGB( '', 0.333333343267441, 0.600000023841858, 0.333333343267441 );
#5954 = CARTESIAN_POINT( '', ( -1.50000000000000, -4.15000000000000, 1.00000000000000 ) );
#5955 = CARTESIAN_POINT( '', ( -1.50000000000000, -4.15000000000000, 1.00000000000000 ) );
#5956 = VECTOR( '', #6568, 1000.00000000000 );
#5957 = CARTESIAN_POINT( '', ( -1.50000000000000, -4.15000000000000, -0.800000000000000 ) );
#5958 = VECTOR( '', #6569, 1000.00000000000 );
#5959 = COLOUR_RGB( '', 0.333333343267441, 0.600000023841858, 0.333333343267441 );
#5960 = CARTESIAN_POINT( '', ( 2.00000000000000, -2.50000000000000, 4.60000000000000 ) );
#5961 = VECTOR( '', #6570, 1000.00000000000 );
#5962 = COLOUR_RGB( '', 0.333333343267441, 0.600000023841858, 0.333333343267441 );
#5963 = COLOUR_RGB( '', 0.333333343267441, 0.600000023841858, 0.333333343267441 );
#5964 = CARTESIAN_POINT( '', ( 7.50000000000000, -3.20000000000000, 4.45454545454545 ) );
#5965 = VECTOR( '', #6571, 1000.00000000000 );
#5966 = COLOUR_RGB( '', 0.333333343267441, 0.600000023841858, 0.333333343267441 );
#5967 = COLOUR_RGB( '', 0.699999988079071, 0.699999988079071, 0.699999988079071 );
#5968 = CARTESIAN_POINT( '', ( 2.00000000000000, 2.37500000000000, -2.50000000000000 ) );
#5969 = VECTOR( '', #6572, 1000.00000000000 );
#5970 = CARTESIAN_POINT( '', ( 2.00000000000000, -2.37500000000000, 2.50000000000000 ) );
#5971 = VECTOR( '', #6573, 1000.00000000000 );
#5972 = COLOUR_RGB( '', 0.333333343267441, 0.600000023841858, 0.333333343267441 );
#5973 = CARTESIAN_POINT( '', ( -6.20000000000000, -2.50000000000000, 1.80000000000000 ) );
#5974 = VECTOR( '', #6574, 1000.00000000000 );
#5975 = CARTESIAN_POINT( '', ( -6.20000000000000, -3.20000000000000, 1.80000000000000 ) );
#5976 = VECTOR( '', #6575, 1000.00000000000 );
#5977 = COLOUR_RGB( '', 0.333333343267441, 0.600000023841858, 0.333333343267441 );
#5978 = CARTESIAN_POINT( '', ( 7.00000000000000, 2.50000000000000, 4.60000000000000 ) );
#5979 = VECTOR( '', #6576, 1000.00000000000 );
#5980 = COLOUR_RGB( '', 0.699999988079071, 0.699999988079071, 0.699999988079071 );
#5981 = CARTESIAN_POINT( '', ( 0.000000000000000, 1.40000000000000, 4.50000000000000 ) );
#5982 = AXIS2_PLACEMENT_3D( '', #6577, #6578, #6579 );
#5983 = COLOUR_RGB( '', 0.333333343267441, 0.600000023841858, 0.333333343267441 );
#5984 = CARTESIAN_POINT( '', ( -3.80000000000000, -2.50000000000000, 1.80000000000000 ) );
#5985 = VECTOR( '', #6580, 1000.00000000000 );
#5986 = CARTESIAN_POINT( '', ( -7.00000000000000, -2.50000000000000, 4.60000000000000 ) );
#5987 = VECTOR( '', #6581, 1000.00000000000 );
#5988 = COLOUR_RGB( '', 0.699999988079071, 0.699999988079071, 0.699999988079071 );
#5989 = CARTESIAN_POINT( '', ( 1.40000000000000, -1.67500000000000, 2.50000000000000 ) );
#5990 = VECTOR( '', #6582, 1000.00000000000 );
#5991 = CARTESIAN_POINT( '', ( -1.40000000000000, 0.725000000000000, 2.50000000000000 ) );
#5992 = VECTOR( '', #6583, 1000.00000000000 );
#5993 = COLOUR_RGB( '', 0.699999988079071, 0.699999988079071, 0.699999988079071 );
#5994 = COLOUR_RGB( '', 0.699999988079071, 0.699999988079071, 0.699999988079071 );
#5995 = CARTESIAN_POINT( '', ( 1.50000000000000, 1.01500000000000, -1.67500000000000 ) );
#5996 = CARTESIAN_POINT( '', ( 1.50000000000000, 1.87500000000000, -1.67500000000000 ) );
#5997 = VECTOR( '', #6584, 1000.00000000000 );
#5998 = CARTESIAN_POINT( '', ( 1.50000000000000, 1.01500000000000, -11.9639990267865 ) );
#5999 = VECTOR( '', #6585, 1000.00000000000 );
#6000 = COLOUR_RGB( '', 0.333333343267441, 0.600000023841858, 0.333333343267441 );
#6001 = CARTESIAN_POINT( '', ( 7.50000000000000, -2.50000000000000, 7.00000000000000 ) );
#6002 = VECTOR( '', #6586, 1000.00000000000 );
#6003 = COLOUR_RGB( '', 0.333333343267441, 0.600000023841858, 0.333333343267441 );
#6004 = CARTESIAN_POINT( '', ( -3.50000000000000, 0.000000000000000, 4.60000000000000 ) );
#6005 = AXIS2_PLACEMENT_3D( '', #6587, #6588, #6589 );
#6006 = COLOUR_RGB( '', 0.699999988079071, 0.699999988079071, 0.699999988079071 );
#6007 = COLOUR_RGB( '', 0.333333343267441, 0.600000023841858, 0.333333343267441 );
#6008 = CARTESIAN_POINT( '', ( -6.32000000000000, 3.55000000000000, 2.00000000000000 ) );
#6009 = CARTESIAN_POINT( '', ( -6.50000000000000, 4.15000000000000, 2.00000000000000 ) );
#6010 = VECTOR( '', #6590, 1000.00000000000 );
#6011 = CARTESIAN_POINT( '', ( -6.21899222638555, 3.21330742128516, 0.540998825569040 ) );
#6012 = VECTOR( '', #6591, 1000.00000000000 );
#6013 = COLOUR_RGB( '', 0.333333343267441, 0.600000023841858, 0.333333343267441 );
#6014 = CARTESIAN_POINT( '', ( -1.20000000000000, 3.15000000000000, -1.30000000000000 ) );
#6015 = VECTOR( '', #6592, 1000.00000000000 );
#6016 = COLOUR_RGB( '', 0.699999988079071, 0.699999988079071, 0.699999988079071 );
#6017 = CARTESIAN_POINT( '', ( -1.50000000000000, -1.36500000000000, -1.67500000000000 ) );
#6018 = VECTOR( '', #6593, 1000.00000000000 );
#6019 = COLOUR_RGB( '', 0.333333343267441, 0.600000023841858, 0.333333343267441 );
#6020 = COLOUR_RGB( '', 0.699999988079071, 0.699999988079071, 0.699999988079071 );
#6021 = CARTESIAN_POINT( '', ( -0.430000000000000, 2.94500000000000, -1.67500000000000 ) );
#6022 = VECTOR( '', #6594, 1000.00000000000 );
#6023 = COLOUR_RGB( '', 0.333333343267441, 0.600000023841858, 0.333333343267441 );
#6024 = COLOUR_RGB( '', 0.699999988079071, 0.699999988079071, 0.699999988079071 );
#6025 = CARTESIAN_POINT( '', ( 2.00000000000000, -1.67500000000000, -2.50000000000000 ) );
#6026 = VECTOR( '', #6595, 1000.00000000000 );
#6027 = COLOUR_RGB( '', 0.333333343267441, 0.600000023841858, 0.333333343267441 );
#6028 = CARTESIAN_POINT( '', ( -3.50000000000000, -4.15000000000000, 1.00000000000000 ) );
#6029 = CARTESIAN_POINT( '', ( -3.50000000000000, -4.15000000000000, -0.800000000000000 ) );
#6030 = VECTOR( '', #6596, 1000.00000000000 );
#6031 = CARTESIAN_POINT( '', ( -3.50000000000000, -3.20000000000000, 4.45454545454546 ) );
#6032 = CARTESIAN_POINT( '', ( -3.50000000000000, -4.15000000000000, 1.00000000000000 ) );
#6033 = VECTOR( '', #6597, 1000.00000000000 );
#6034 = CARTESIAN_POINT( '', ( -3.50000000000000, -3.20000000000000, 16.8466621878844 ) );
#6035 = VECTOR( '', #6598, 1000.00000000000 );
#6036 = COLOUR_RGB( '', 0.333333343267441, 0.600000023841858, 0.333333343267441 );
#6037 = CARTESIAN_POINT( '', ( 6.20000000000000, 2.50000000000000, 1.30000000000000 ) );
#6038 = CARTESIAN_POINT( '', ( 6.20000000000000, 2.95000000000000, 1.30000000000000 ) );
#6039 = VECTOR( '', #6599, 1000.00000000000 );
#6040 = CARTESIAN_POINT( '', ( 6.20000000000000, 2.50000000000000, 1.30000000000000 ) );
#6041 = VECTOR( '', #6600, 1000.00000000000 );
#6042 = COLOUR_RGB( '', 0.333333343267441, 0.600000023841858, 0.333333343267441 );
#6043 = COLOUR_RGB( '', 0.333333343267441, 0.600000023841858, 0.333333343267441 );
#6044 = CARTESIAN_POINT( '', ( 7.50000000000000, -4.15000000000000, 1.00000000000000 ) );
#6045 = VECTOR( '', #6601, 1000.00000000000 );
#6046 = CARTESIAN_POINT( '', ( 7.50000000000000, -3.20000000000000, 4.45454545454545 ) );
#6047 = VECTOR( '', #6602, 1000.00000000000 );
#6048 = CARTESIAN_POINT( '', ( 7.50000000000000, -4.15000000000000, 1.00000000000000 ) );
#6049 = VECTOR( '', #6603, 1000.00000000000 );
#6050 = CARTESIAN_POINT( '', ( 1.50000000000000, -4.15000000000000, 1.00000000000000 ) );
#6051 = CARTESIAN_POINT( '', ( 1.50000000000000, -4.15000000000000, 1.00000000000000 ) );
#6052 = VECTOR( '', #6604, 1000.00000000000 );
#6053 = CARTESIAN_POINT( '', ( 7.50000000000000, -4.15000000000000, 1.00000000000000 ) );
#6054 = VECTOR( '', #6605, 1000.00000000000 );
#6055 = CARTESIAN_POINT( '', ( 7.50000000000000, -4.15000000000000, 1.00000000000000 ) );
#6056 = VECTOR( '', #6606, 1000.00000000000 );
#6057 = COLOUR_RGB( '', 0.333333343267441, 0.600000023841858, 0.333333343267441 );
#6058 = CARTESIAN_POINT( '', ( -3.50000000000000, 0.000000000000000, 5.00000000000000 ) );
#6059 = AXIS2_PLACEMENT_3D( '', #6607, #6608, #6609 );
#6060 = COLOUR_RGB( '', 0.333333343267441, 0.600000023841858, 0.333333343267441 );
#6061 = COLOUR_RGB( '', 0.333333343267441, 0.600000023841858, 0.333333343267441 );
#6062 = CARTESIAN_POINT( '', ( 1.50000000000000, -4.15000000000000, -0.800000000000000 ) );
#6063 = VECTOR( '', #6610, 1000.00000000000 );
#6064 = COLOUR_RGB( '', 0.699999988079071, 0.699999988079071, 0.699999988079071 );
#6065 = COLOUR_RGB( '', 0.699999988079071, 0.699999988079071, 0.699999988079071 );
#6066 = COLOUR_RGB( '', 0.333333343267441, 0.600000023841858, 0.333333343267441 );
#6067 = COLOUR_RGB( '', 0.333333343267441, 0.600000023841858, 0.333333343267441 );
#6068 = CARTESIAN_POINT( '', ( 1.95762711864407, 5.67542372881356, -2.05762711864407 ) );
#6069 = VECTOR( '', #6611, 1000.00000000000 );
#6070 = COLOUR_RGB( '', 0.333333343267441, 0.600000023841858, 0.333333343267441 );
#6071 = COLOUR_RGB( '', 0.333333343267441, 0.600000023841858, 0.333333343267441 );
#6072 = CARTESIAN_POINT( '', ( 6.20000000000000, -15.6966621878844, -1.30000000000000 ) );
#6073 = VECTOR( '', #6612, 1000.00000000000 );
#6074 = CARTESIAN_POINT( '', ( 3.80000000000000, 3.15000000000000, -1.30000000000000 ) );
#6075 = VECTOR( '', #6613, 1000.00000000000 );
#6076 = COLOUR_RGB( '', 0.699999988079071, 0.699999988079071, 0.699999988079071 );
#6077 = COLOUR_RGB( '', 0.333333343267441, 0.600000023841858, 0.333333343267441 );
#6078 = COLOUR_RGB( '', 0.333333343267441, 0.600000023841858, 0.333333343267441 );
#6079 = CARTESIAN_POINT( '', ( -3.80000000000000, 3.55000000000000, 2.00000000000000 ) );
#6080 = VECTOR( '', #6614, 1000.00000000000 );
#6081 = COLOUR_RGB( '', 0.333333343267441, 0.600000023841858, 0.333333343267441 );
#6082 = CARTESIAN_POINT( '', ( 6.20000000000000, 2.50000000000000, 1.30000000000000 ) );
#6083 = VECTOR( '', #6615, 1000.00000000000 );
#6084 = COLOUR_RGB( '', 0.333333343267441, 0.600000023841858, 0.333333343267441 );
#6085 = COLOUR_RGB( '', 0.333333343267441, 0.600000023841858, 0.333333343267441 );
#6086 = COLOUR_RGB( '', 0.333333343267441, 0.600000023841858, 0.333333343267441 );
#6087 = COLOUR_RGB( '', 0.699999988079071, 0.699999988079071, 0.699999988079071 );
#6088 = COLOUR_RGB( '', 0.333333343267441, 0.600000023841858, 0.333333343267441 );
#6089 = CARTESIAN_POINT( '', ( -3.80000000000000, -3.20000000000000, 1.80000000000000 ) );
#6090 = VECTOR( '', #6616, 1000.00000000000 );
#6091 = COLOUR_RGB( '', 0.333333343267441, 0.600000023841858, 0.333333343267441 );
#6092 = COLOUR_RGB( '', 0.333333343267441, 0.600000023841858, 0.333333343267441 );
#6093 = COLOUR_RGB( '', 0.333333343267441, 0.600000023841858, 0.333333343267441 );
#6094 = COLOUR_RGB( '', 0.699999988079071, 0.699999988079071, 0.699999988079071 );
#6095 = COLOUR_RGB( '', 0.699999988079071, 0.699999988079071, 0.699999988079071 );
#6096 = COLOUR_RGB( '', 0.333333343267441, 0.600000023841858, 0.333333343267441 );
#6097 = COLOUR_RGB( '', 0.699999988079071, 0.699999988079071, 0.699999988079071 );
#6098 = COLOUR_RGB( '', 0.333333343267441, 0.600000023841858, 0.333333343267441 );
#6099 = COLOUR_RGB( '', 0.333333343267441, 0.600000023841858, 0.333333343267441 );
#6100 = CARTESIAN_POINT( '', ( 0.000000000000000, 0.000000000000000, 0.750000000000000 ) );
#6101 = DIRECTION( '', ( 0.000000000000000, 0.000000000000000, -1.00000000000000 ) );
#6102 = DIRECTION( '', ( 1.00000000000000, 0.000000000000000, 0.000000000000000 ) );
#6103 = CARTESIAN_POINT( '', ( 0.000000000000000, 0.000000000000000, -0.0500000000000000 ) );
#6104 = DIRECTION( '', ( 0.000000000000000, 0.000000000000000, 1.00000000000000 ) );
#6105 = DIRECTION( '', ( 1.00000000000000, 0.000000000000000, 0.000000000000000 ) );
#6106 = DIRECTION( '', ( 0.000000000000000, 0.000000000000000, -1.00000000000000 ) );
#6107 = CARTESIAN_POINT( '', ( 0.000000000000000, 0.000000000000000, -0.750000000000000 ) );
#6108 = DIRECTION( '', ( 0.000000000000000, 0.000000000000000, -1.00000000000000 ) );
#6109 = DIRECTION( '', ( 1.00000000000000, 0.000000000000000, 0.000000000000000 ) );
#6110 = DIRECTION( '', ( 0.000000000000000, 0.000000000000000, -1.00000000000000 ) );
#6111 = CARTESIAN_POINT( '', ( 0.000000000000000, 0.000000000000000, -0.0500000000000000 ) );
#6112 = DIRECTION( '', ( 0.000000000000000, 0.000000000000000, 1.00000000000000 ) );
#6113 = DIRECTION( '', ( 1.00000000000000, 0.000000000000000, 0.000000000000000 ) );
#6114 = DIRECTION( '', ( 0.000000000000000, 0.000000000000000, -1.00000000000000 ) );
#6115 = CARTESIAN_POINT( '', ( 0.000000000000000, 0.000000000000000, -0.750000000000000 ) );
#6116 = DIRECTION( '', ( 0.000000000000000, 0.000000000000000, -1.00000000000000 ) );
#6117 = DIRECTION( '', ( 1.00000000000000, 0.000000000000000, 0.000000000000000 ) );
#6118 = DIRECTION( '', ( 0.000000000000000, 0.000000000000000, -1.00000000000000 ) );
#6119 = CARTESIAN_POINT( '', ( -8.67361737988404E-016, 0.000000000000000, 4.60000000000000 ) );
#6120 = DIRECTION( '', ( 0.000000000000000, 0.000000000000000, 1.00000000000000 ) );
#6121 = DIRECTION( '', ( 1.00000000000000, 0.000000000000000, 0.000000000000000 ) );
#6122 = CARTESIAN_POINT( '', ( -8.67361737988404E-016, 0.000000000000000, 5.00000000000000 ) );
#6123 = DIRECTION( '', ( 0.000000000000000, 0.000000000000000, -1.00000000000000 ) );
#6124 = DIRECTION( '', ( 1.00000000000000, 0.000000000000000, 0.000000000000000 ) );
#6125 = DIRECTION( '', ( 0.000000000000000, -1.00000000000000, 0.000000000000000 ) );
#6126 = DIRECTION( '', ( -0.978980419737605, -0.203954254112000, 0.000000000000000 ) );
#6127 = DIRECTION( '', ( 0.000000000000000, 1.00000000000000, 0.000000000000000 ) );
#6128 = DIRECTION( '', ( 0.978980419737605, -0.203954254112000, 0.000000000000000 ) );
#6129 = DIRECTION( '', ( 0.000000000000000, 0.000000000000000, 1.00000000000000 ) );
#6130 = DIRECTION( '', ( 1.00000000000000, 4.13029399042097E-016, 0.000000000000000 ) );
#6131 = DIRECTION( '', ( 0.000000000000000, 0.000000000000000, 1.00000000000000 ) );
#6132 = DIRECTION( '', ( 1.00000000000000, 4.13029399042097E-016, 0.000000000000000 ) );
#6133 = DIRECTION( '', ( 1.00000000000000, -1.08420217248550E-016, 0.000000000000000 ) );
#6134 = DIRECTION( '', ( 0.000000000000000, 0.000000000000000, -1.00000000000000 ) );
#6135 = DIRECTION( '', ( -1.00000000000000, 0.000000000000000, 0.000000000000000 ) );
#6136 = DIRECTION( '', ( 0.000000000000000, 0.000000000000000, -1.00000000000000 ) );
#6137 = DIRECTION( '', ( 1.00000000000000, -1.08420217248550E-016, 0.000000000000000 ) );
#6138 = DIRECTION( '', ( 0.000000000000000, 0.000000000000000, -1.00000000000000 ) );
#6139 = DIRECTION( '', ( 1.00000000000000, -1.08420217248550E-016, 0.000000000000000 ) );
#6140 = DIRECTION( '', ( 0.000000000000000, 0.000000000000000, -1.00000000000000 ) );
#6141 = DIRECTION( '', ( 0.000000000000000, 1.00000000000000, 0.000000000000000 ) );
#6142 = DIRECTION( '', ( 1.00000000000000, 0.000000000000000, 0.000000000000000 ) );
#6143 = DIRECTION( '', ( 0.000000000000000, -1.00000000000000, 0.000000000000000 ) );
#6144 = DIRECTION( '', ( -1.00000000000000, 0.000000000000000, 0.000000000000000 ) );
#6145 = DIRECTION( '', ( 0.000000000000000, -1.00000000000000, 0.000000000000000 ) );
#6146 = DIRECTION( '', ( 0.978980419737605, -0.203954254112001, 0.000000000000000 ) );
#6147 = DIRECTION( '', ( 0.000000000000000, 1.00000000000000, 0.000000000000000 ) );
#6148 = DIRECTION( '', ( -0.978980419737605, -0.203954254112002, 0.000000000000000 ) );
#6149 = DIRECTION( '', ( -1.00000000000000, 4.13029399042096E-016, 0.000000000000000 ) );
#6150 = DIRECTION( '', ( 0.000000000000000, 0.000000000000000, 1.00000000000000 ) );
#6151 = DIRECTION( '', ( -1.00000000000000, 4.13029399042096E-016, 0.000000000000000 ) );
#6152 = DIRECTION( '', ( 0.000000000000000, 0.000000000000000, 1.00000000000000 ) );
#6153 = DIRECTION( '', ( 1.00000000000000, -1.80700362080917E-016, -9.03501810404587E-017 ) );
#6154 = DIRECTION( '', ( 0.000000000000000, 0.000000000000000, -1.00000000000000 ) );
#6155 = DIRECTION( '', ( 1.00000000000000, -1.80700362080917E-016, 0.000000000000000 ) );
#6156 = DIRECTION( '', ( 0.000000000000000, 0.000000000000000, -1.00000000000000 ) );
#6157 = DIRECTION( '', ( -0.707106781186547, -0.707106781186548, 0.000000000000000 ) );
#6158 = DIRECTION( '', ( 0.000000000000000, 0.000000000000000, 1.00000000000000 ) );
#6159 = DIRECTION( '', ( -0.707106781186547, -0.707106781186548, 0.000000000000000 ) );
#6160 = DIRECTION( '', ( 0.000000000000000, 0.000000000000000, 1.00000000000000 ) );
#6161 = DIRECTION( '', ( 0.000000000000000, 0.000000000000000, 1.00000000000000 ) );
#6162 = DIRECTION( '', ( 0.000000000000000, 1.00000000000000, 0.000000000000000 ) );
#6163 = DIRECTION( '', ( 0.000000000000000, 0.000000000000000, -1.00000000000000 ) );
#6164 = DIRECTION( '', ( 0.000000000000000, -1.00000000000000, 0.000000000000000 ) );
#6165 = CARTESIAN_POINT( '', ( 0.000000000000000, 2.37500000000000, 0.000000000000000 ) );
#6166 = DIRECTION( '', ( 0.000000000000000, -1.00000000000000, 0.000000000000000 ) );
#6167 = DIRECTION( '', ( -1.00000000000000, 0.000000000000000, 0.000000000000000 ) );
#6168 = CARTESIAN_POINT( '', ( 0.000000000000000, 0.725000000000000, 0.000000000000000 ) );
#6169 = DIRECTION( '', ( 1.16164518480590E-016, -1.00000000000000, 0.000000000000000 ) );
#6170 = DIRECTION( '', ( 1.00000000000000, 1.16164518480590E-016, 0.000000000000000 ) );
#6171 = CARTESIAN_POINT( '', ( 0.000000000000000, 0.725000000000000, 0.000000000000000 ) );
#6172 = DIRECTION( '', ( 1.16164518480590E-016, -1.00000000000000, 0.000000000000000 ) );
#6173 = DIRECTION( '', ( 1.00000000000000, 1.16164518480590E-016, 0.000000000000000 ) );
#6174 = DIRECTION( '', ( 1.00000000000000, 0.000000000000000, 0.000000000000000 ) );
#6175 = DIRECTION( '', ( -3.70435742265881E-016, 1.00000000000000, 0.000000000000000 ) );
#6176 = DIRECTION( '', ( 0.000000000000000, 1.00000000000000, 0.000000000000000 ) );
#6177 = DIRECTION( '', ( 0.707106781186548, -0.707106781186548, 0.000000000000000 ) );
#6178 = DIRECTION( '', ( 1.00000000000000, 0.000000000000000, 0.000000000000000 ) );
#6179 = DIRECTION( '', ( 0.000000000000000, 1.00000000000000, 0.000000000000000 ) );
#6180 = DIRECTION( '', ( 3.70435742265881E-016, 1.00000000000000, 0.000000000000000 ) );
#6181 = DIRECTION( '', ( 0.000000000000000, -1.00000000000000, 0.000000000000000 ) );
#6182 = DIRECTION( '', ( 0.000000000000000, 0.000000000000000, -1.00000000000000 ) );
#6183 = DIRECTION( '', ( 0.000000000000000, -0.265156483021042, -0.964205392803790 ) );
#6184 = DIRECTION( '', ( 0.000000000000000, 0.000000000000000, 1.00000000000000 ) );
#6185 = DIRECTION( '', ( 0.000000000000000, 1.00000000000000, 0.000000000000000 ) );
#6186 = DIRECTION( '', ( 0.000000000000000, 0.000000000000000, -1.00000000000000 ) );
#6187 = DIRECTION( '', ( -1.00000000000000, 0.000000000000000, 0.000000000000000 ) );
#6188 = DIRECTION( '', ( 0.000000000000000, 0.000000000000000, -1.00000000000000 ) );
#6189 = DIRECTION( '', ( 1.00000000000000, 0.000000000000000, 0.000000000000000 ) );
#6190 = DIRECTION( '', ( 0.000000000000000, 0.000000000000000, 1.00000000000000 ) );
#6191 = DIRECTION( '', ( 0.000000000000000, 0.000000000000000, 1.00000000000000 ) );
#6192 = DIRECTION( '', ( -1.00000000000000, -1.16164518480590E-016, 0.000000000000000 ) );
#6193 = DIRECTION( '', ( 0.000000000000000, 1.00000000000000, 0.000000000000000 ) );
#6194 = DIRECTION( '', ( 0.000000000000000, 1.00000000000000, 0.000000000000000 ) );
#6195 = DIRECTION( '', ( 0.000000000000000, 1.00000000000000, 0.000000000000000 ) );
#6196 = DIRECTION( '', ( 0.000000000000000, 0.000000000000000, -1.00000000000000 ) );
#6197 = DIRECTION( '', ( 0.000000000000000, 0.000000000000000, -1.00000000000000 ) );
#6198 = DIRECTION( '', ( 0.000000000000000, 1.00000000000000, 0.000000000000000 ) );
#6199 = DIRECTION( '', ( 0.000000000000000, 0.000000000000000, -1.00000000000000 ) );
#6200 = DIRECTION( '', ( 0.000000000000000, 0.000000000000000, -1.00000000000000 ) );
#6201 = DIRECTION( '', ( 0.000000000000000, 1.00000000000000, 0.000000000000000 ) );
#6202 = DIRECTION( '', ( 0.000000000000000, 0.000000000000000, 1.00000000000000 ) );
#6203 = CARTESIAN_POINT( '', ( 7.50000000000000, 3.65000000000000, 2.50000000000000 ) );
#6204 = DIRECTION( '', ( 1.00000000000000, 0.000000000000000, 0.000000000000000 ) );
#6205 = DIRECTION( '', ( 0.000000000000000, 0.000000000000000, -1.00000000000000 ) );
#6206 = DIRECTION( '', ( 0.000000000000000, -1.00000000000000, 0.000000000000000 ) );
#6207 = DIRECTION( '', ( 0.000000000000000, -0.207858755820045, 0.978158850917857 ) );
#6208 = DIRECTION( '', ( 0.000000000000000, -1.00000000000000, 0.000000000000000 ) );
#6209 = DIRECTION( '', ( 0.000000000000000, -0.265156483021042, -0.964205392803790 ) );
#6210 = DIRECTION( '', ( 0.000000000000000, 0.000000000000000, -1.00000000000000 ) );
#6211 = DIRECTION( '', ( 0.000000000000000, 1.00000000000000, 0.000000000000000 ) );
#6212 = DIRECTION( '', ( 0.000000000000000, 0.000000000000000, -1.00000000000000 ) );
#6213 = DIRECTION( '', ( 0.000000000000000, -1.00000000000000, 0.000000000000000 ) );
#6214 = DIRECTION( '', ( 0.000000000000000, 0.000000000000000, -1.00000000000000 ) );
#6215 = DIRECTION( '', ( 0.000000000000000, 1.00000000000000, 0.000000000000000 ) );
#6216 = DIRECTION( '', ( 0.000000000000000, 0.000000000000000, -1.00000000000000 ) );
#6217 = DIRECTION( '', ( 0.000000000000000, 1.00000000000000, 0.000000000000000 ) );
#6218 = DIRECTION( '', ( 0.000000000000000, 0.000000000000000, -1.00000000000000 ) );
#6219 = DIRECTION( '', ( 0.000000000000000, 0.000000000000000, -1.00000000000000 ) );
#6220 = DIRECTION( '', ( -1.00000000000000, 1.08420217248550E-016, 0.000000000000000 ) );
#6221 = DIRECTION( '', ( 0.000000000000000, 0.000000000000000, -1.00000000000000 ) );
#6222 = DIRECTION( '', ( -1.00000000000000, 1.08420217248550E-016, 0.000000000000000 ) );
#6223 = DIRECTION( '', ( 0.000000000000000, 0.000000000000000, -1.00000000000000 ) );
#6224 = DIRECTION( '', ( -1.00000000000000, 1.08420217248550E-016, 0.000000000000000 ) );
#6225 = DIRECTION( '', ( 0.000000000000000, 0.000000000000000, -1.00000000000000 ) );
#6226 = DIRECTION( '', ( -1.00000000000000, 1.80700362080917E-016, 0.000000000000000 ) );
#6227 = DIRECTION( '', ( 0.000000000000000, -1.00000000000000, 0.000000000000000 ) );
#6228 = DIRECTION( '', ( 0.000000000000000, 0.000000000000000, -1.00000000000000 ) );
#6229 = DIRECTION( '', ( 0.000000000000000, 0.000000000000000, -1.00000000000000 ) );
#6230 = DIRECTION( '', ( -1.00000000000000, 0.000000000000000, 0.000000000000000 ) );
#6231 = DIRECTION( '', ( 0.000000000000000, 0.000000000000000, -1.00000000000000 ) );
#6232 = DIRECTION( '', ( -1.00000000000000, 0.000000000000000, 0.000000000000000 ) );
#6233 = DIRECTION( '', ( 0.287347885566345, 0.957826285221151, 0.000000000000000 ) );
#6234 = DIRECTION( '', ( 0.000000000000000, 0.000000000000000, 1.00000000000000 ) );
#6235 = DIRECTION( '', ( 0.276172385369497, 0.920574617898323, -0.276172385369497 ) );
#6236 = DIRECTION( '', ( 0.000000000000000, 0.000000000000000, -1.00000000000000 ) );
#6237 = DIRECTION( '', ( 0.287347885566346, 0.957826285221151, 0.000000000000000 ) );
#6238 = DIRECTION( '', ( -0.0673048883030503, -0.224349627676834, -0.972181719932945 ) );
#6239 = DIRECTION( '', ( -1.00000000000000, 0.000000000000000, 0.000000000000000 ) );
#6240 = DIRECTION( '', ( 0.000000000000000, -1.00000000000000, 0.000000000000000 ) );
#6241 = DIRECTION( '', ( -1.00000000000000, 0.000000000000000, 0.000000000000000 ) );
#6242 = DIRECTION( '', ( 0.000000000000000, 0.000000000000000, -1.00000000000000 ) );
#6243 = DIRECTION( '', ( 1.00000000000000, 0.000000000000000, 0.000000000000000 ) );
#6244 = DIRECTION( '', ( 0.000000000000000, 0.000000000000000, -1.00000000000000 ) );
#6245 = DIRECTION( '', ( 0.000000000000000, 1.00000000000000, 0.000000000000000 ) );
#6246 = DIRECTION( '', ( -1.00000000000000, 0.000000000000000, 9.03501810404588E-017 ) );
#6247 = DIRECTION( '', ( 0.000000000000000, 1.00000000000000, 0.000000000000000 ) );
#6248 = DIRECTION( '', ( 1.00000000000000, -1.80700362080917E-016, -9.03501810404587E-017 ) );
#6249 = DIRECTION( '', ( 1.00000000000000, 0.000000000000000, 0.000000000000000 ) );
#6250 = CARTESIAN_POINT( '', ( 0.450000000000000, -1.88500000000000, 1.66500000000000 ) );
#6251 = DIRECTION( '', ( 1.00000000000000, 3.70435742265881E-016, 0.000000000000000 ) );
#6252 = DIRECTION( '', ( -3.70435742265881E-016, 1.00000000000000, 0.000000000000000 ) );
#6253 = DIRECTION( '', ( 1.00000000000000, 0.000000000000000, 0.000000000000000 ) );
#6254 = CARTESIAN_POINT( '', ( -0.450000000000000, -1.88500000000000, 1.66500000000000 ) );
#6255 = DIRECTION( '', ( 1.00000000000000, -3.70435742265881E-016, 0.000000000000000 ) );
#6256 = DIRECTION( '', ( 3.70435742265881E-016, 1.00000000000000, 0.000000000000000 ) );
#6257 = DIRECTION( '', ( 0.000000000000000, 1.00000000000000, 0.000000000000000 ) );
#6258 = DIRECTION( '', ( 0.000000000000000, 0.000000000000000, -1.00000000000000 ) );
#6259 = DIRECTION( '', ( 0.000000000000000, 1.00000000000000, 0.000000000000000 ) );
#6260 = DIRECTION( '', ( 0.000000000000000, 0.000000000000000, -1.00000000000000 ) );
#6261 = DIRECTION( '', ( 0.287347885566345, -0.957826285221152, 0.000000000000000 ) );
#6262 = DIRECTION( '', ( 1.00000000000000, 0.000000000000000, 0.000000000000000 ) );
#6263 = DIRECTION( '', ( 0.287347885566345, 0.957826285221151, 0.000000000000000 ) );
#6264 = DIRECTION( '', ( 0.000000000000000, 1.00000000000000, 0.000000000000000 ) );
#6265 = DIRECTION( '', ( -1.00000000000000, 1.80700362080917E-016, 0.000000000000000 ) );
#6266 = DIRECTION( '', ( 0.000000000000000, 1.00000000000000, 0.000000000000000 ) );
#6267 = DIRECTION( '', ( 0.000000000000000, 0.000000000000000, -1.00000000000000 ) );
#6268 = DIRECTION( '', ( 0.000000000000000, 1.00000000000000, 0.000000000000000 ) );
#6269 = DIRECTION( '', ( 0.000000000000000, 0.000000000000000, 1.00000000000000 ) );
#6270 = CARTESIAN_POINT( '', ( -1.15000000000000, 1.36500000000000, -1.16500000000000 ) );
#6271 = DIRECTION( '', ( -1.00000000000000, 0.000000000000000, 0.000000000000000 ) );
#6272 = DIRECTION( '', ( 0.000000000000000, 0.000000000000000, 1.00000000000000 ) );
#6273 = CARTESIAN_POINT( '', ( -1.15000000000000, 1.36500000000000, -1.16500000000000 ) );
#6274 = DIRECTION( '', ( -1.00000000000000, 0.000000000000000, 0.000000000000000 ) );
#6275 = DIRECTION( '', ( 0.000000000000000, 0.000000000000000, 1.00000000000000 ) );
#6276 = DIRECTION( '', ( 0.000000000000000, 0.000000000000000, -1.00000000000000 ) );
#6277 = DIRECTION( '', ( 1.00000000000000, -1.80700362080917E-016, 0.000000000000000 ) );
#6278 = DIRECTION( '', ( 0.000000000000000, 0.000000000000000, -1.00000000000000 ) );
#6279 = DIRECTION( '', ( 0.000000000000000, -0.207858755820045, 0.978158850917857 ) );
#6280 = DIRECTION( '', ( -1.00000000000000, 0.000000000000000, 0.000000000000000 ) );
#6281 = DIRECTION( '', ( -1.00000000000000, 0.000000000000000, 0.000000000000000 ) );
#6282 = DIRECTION( '', ( -1.73472347597680E-016, -1.00000000000000, 0.000000000000000 ) );
#6283 = DIRECTION( '', ( 0.000000000000000, 0.000000000000000, -1.00000000000000 ) );
#6284 = DIRECTION( '', ( -1.73472347597680E-016, -1.00000000000000, 0.000000000000000 ) );
#6285 = DIRECTION( '', ( 0.000000000000000, 0.000000000000000, -1.00000000000000 ) );
#6286 = DIRECTION( '', ( -1.00000000000000, 0.000000000000000, 0.000000000000000 ) );
#6287 = DIRECTION( '', ( 0.287347885566345, 0.957826285221152, 0.000000000000000 ) );
#6288 = DIRECTION( '', ( -1.00000000000000, 0.000000000000000, 0.000000000000000 ) );
#6289 = DIRECTION( '', ( 0.287347885566345, -0.957826285221152, 0.000000000000000 ) );
#6290 = DIRECTION( '', ( 0.000000000000000, -1.00000000000000, 0.000000000000000 ) );
#6291 = DIRECTION( '', ( 1.00000000000000, 0.000000000000000, 0.000000000000000 ) );
#6292 = DIRECTION( '', ( 0.000000000000000, 0.000000000000000, -1.00000000000000 ) );
#6293 = DIRECTION( '', ( 1.00000000000000, 0.000000000000000, 0.000000000000000 ) );
#6294 = DIRECTION( '', ( 0.000000000000000, 0.000000000000000, 1.00000000000000 ) );
#6295 = DIRECTION( '', ( 1.00000000000000, 0.000000000000000, 0.000000000000000 ) );
#6296 = DIRECTION( '', ( 0.000000000000000, 1.00000000000000, 0.000000000000000 ) );
#6297 = DIRECTION( '', ( 1.00000000000000, 0.000000000000000, 0.000000000000000 ) );
#6298 = DIRECTION( '', ( 0.000000000000000, -1.00000000000000, 0.000000000000000 ) );
#6299 = DIRECTION( '', ( -0.0673048883030501, 0.224349627676834, 0.972181719932945 ) );
#6300 = DIRECTION( '', ( -0.0673048883030501, -0.224349627676834, -0.972181719932945 ) );
#6301 = DIRECTION( '', ( 1.00000000000000, 0.000000000000000, 0.000000000000000 ) );
#6302 = DIRECTION( '', ( 0.000000000000000, 1.00000000000000, 0.000000000000000 ) );
#6303 = DIRECTION( '', ( 0.000000000000000, 0.000000000000000, -1.00000000000000 ) );
#6304 = DIRECTION( '', ( 0.000000000000000, 0.000000000000000, -1.00000000000000 ) );
#6305 = DIRECTION( '', ( 0.287347885566345, -0.957826285221151, 0.000000000000000 ) );
#6306 = DIRECTION( '', ( 1.00000000000000, 0.000000000000000, 0.000000000000000 ) );
#6307 = DIRECTION( '', ( 0.000000000000000, 1.00000000000000, 0.000000000000000 ) );
#6308 = DIRECTION( '', ( -1.00000000000000, 1.80700362080917E-016, 0.000000000000000 ) );
#6309 = DIRECTION( '', ( 0.000000000000000, 1.00000000000000, 0.000000000000000 ) );
#6310 = DIRECTION( '', ( 0.000000000000000, -1.00000000000000, 0.000000000000000 ) );
#6311 = DIRECTION( '', ( 0.000000000000000, 0.000000000000000, -1.00000000000000 ) );
#6312 = DIRECTION( '', ( 0.000000000000000, -0.265156483021042, -0.964205392803790 ) );
#6313 = DIRECTION( '', ( 0.000000000000000, 0.000000000000000, 1.00000000000000 ) );
#6314 = DIRECTION( '', ( 0.000000000000000, 1.00000000000000, 0.000000000000000 ) );
#6315 = DIRECTION( '', ( 0.000000000000000, 0.000000000000000, -1.00000000000000 ) );
#6316 = DIRECTION( '', ( 0.978980419737605, -0.203954254112000, 0.000000000000000 ) );
#6317 = DIRECTION( '', ( 0.000000000000000, 0.000000000000000, -1.00000000000000 ) );
#6318 = DIRECTION( '', ( 0.000000000000000, 0.000000000000000, -1.00000000000000 ) );
#6319 = DIRECTION( '', ( 0.000000000000000, 1.00000000000000, 0.000000000000000 ) );
#6320 = DIRECTION( '', ( 0.000000000000000, 0.000000000000000, -1.00000000000000 ) );
#6321 = DIRECTION( '', ( 0.000000000000000, 1.00000000000000, 0.000000000000000 ) );
#6322 = DIRECTION( '', ( 0.000000000000000, 0.000000000000000, -1.00000000000000 ) );
#6323 = DIRECTION( '', ( 0.000000000000000, 0.000000000000000, 1.00000000000000 ) );
#6324 = DIRECTION( '', ( 0.276172385369497, -0.920574617898323, 0.276172385369498 ) );
#6325 = DIRECTION( '', ( 0.000000000000000, 0.000000000000000, -1.00000000000000 ) );
#6326 = DIRECTION( '', ( 0.287347885566345, -0.957826285221152, 0.000000000000000 ) );
#6327 = DIRECTION( '', ( -0.0673048883030501, 0.224349627676834, 0.972181719932945 ) );
#6328 = DIRECTION( '', ( 0.000000000000000, 0.000000000000000, -1.00000000000000 ) );
#6329 = DIRECTION( '', ( 0.000000000000000, -1.00000000000000, 0.000000000000000 ) );
#6330 = DIRECTION( '', ( 0.000000000000000, 0.000000000000000, 1.00000000000000 ) );
#6331 = DIRECTION( '', ( 0.000000000000000, 0.265156483021042, 0.964205392803790 ) );
#6332 = DIRECTION( '', ( 0.000000000000000, 0.000000000000000, -1.00000000000000 ) );
#6333 = DIRECTION( '', ( 0.000000000000000, 1.00000000000000, 0.000000000000000 ) );
#6334 = CARTESIAN_POINT( '', ( -5.00000000000000, 0.000000000000000, 5.00000000000000 ) );
#6335 = DIRECTION( '', ( 0.000000000000000, 0.000000000000000, -1.00000000000000 ) );
#6336 = DIRECTION( '', ( 1.00000000000000, 0.000000000000000, 0.000000000000000 ) );
#6337 = CARTESIAN_POINT( '', ( -5.00000000000000, 0.000000000000000, 7.00000000000000 ) );
#6338 = DIRECTION( '', ( 0.000000000000000, 0.000000000000000, -1.00000000000000 ) );
#6339 = DIRECTION( '', ( 1.00000000000000, 0.000000000000000, 0.000000000000000 ) );
#6340 = CARTESIAN_POINT( '', ( 0.000000000000000, 0.000000000000000, 0.750000000000000 ) );
#6341 = DIRECTION( '', ( 0.000000000000000, 0.000000000000000, -1.00000000000000 ) );
#6342 = DIRECTION( '', ( 0.000000000000000, 1.00000000000000, 0.000000000000000 ) );
#6343 = DIRECTION( '', ( 0.276172385369497, -0.920574617898323, 0.276172385369498 ) );
#6344 = DIRECTION( '', ( 1.00000000000000, 0.000000000000000, -9.03501810404588E-017 ) );
#6345 = DIRECTION( '', ( 0.832050294337844, 0.000000000000000, 0.554700196225229 ) );
#6346 = DIRECTION( '', ( -0.832050294337844, 0.000000000000000, 0.554700196225229 ) );
#6347 = DIRECTION( '', ( 0.000000000000000, 0.000000000000000, 1.00000000000000 ) );
#6348 = DIRECTION( '', ( 1.00000000000000, 0.000000000000000, 0.000000000000000 ) );
#6349 = DIRECTION( '', ( 0.000000000000000, 1.00000000000000, 0.000000000000000 ) );
#6350 = DIRECTION( '', ( 0.000000000000000, 0.000000000000000, 1.00000000000000 ) );
#6351 = DIRECTION( '', ( 0.000000000000000, -1.00000000000000, 0.000000000000000 ) );
#6352 = DIRECTION( '', ( 0.000000000000000, 0.000000000000000, 1.00000000000000 ) );
#6353 = DIRECTION( '', ( 0.978980419737605, -0.203954254112001, 0.000000000000000 ) );
#6354 = DIRECTION( '', ( 0.000000000000000, -1.00000000000000, 0.000000000000000 ) );
#6355 = DIRECTION( '', ( -0.978980419737605, -0.203954254112001, 0.000000000000000 ) );
#6356 = DIRECTION( '', ( 0.978980419737605, -0.203954254112001, 0.000000000000000 ) );
#6357 = DIRECTION( '', ( 0.000000000000000, 1.00000000000000, 0.000000000000000 ) );
#6358 = DIRECTION( '', ( 0.000000000000000, 0.000000000000000, -1.00000000000000 ) );
#6359 = DIRECTION( '', ( 1.92747052886313E-015, 1.00000000000000, 0.000000000000000 ) );
#6360 = DIRECTION( '', ( 0.000000000000000, 0.000000000000000, -1.00000000000000 ) );
#6361 = DIRECTION( '', ( 1.92747052886313E-015, 1.00000000000000, 0.000000000000000 ) );
#6362 = DIRECTION( '', ( 0.000000000000000, 0.000000000000000, -1.00000000000000 ) );
#6363 = DIRECTION( '', ( 0.287347885566345, -0.957826285221152, 0.000000000000000 ) );
#6364 = DIRECTION( '', ( 0.000000000000000, 0.000000000000000, 1.00000000000000 ) );
#6365 = DIRECTION( '', ( 0.276172385369497, -0.920574617898323, 0.276172385369498 ) );
#6366 = DIRECTION( '', ( 0.000000000000000, 0.000000000000000, -1.00000000000000 ) );
#6367 = DIRECTION( '', ( -1.00000000000000, 0.000000000000000, 0.000000000000000 ) );
#6368 = DIRECTION( '', ( 0.000000000000000, 0.000000000000000, -1.00000000000000 ) );
#6369 = DIRECTION( '', ( -1.00000000000000, 0.000000000000000, 0.000000000000000 ) );
#6370 = DIRECTION( '', ( 0.000000000000000, 0.000000000000000, -1.00000000000000 ) );
#6371 = DIRECTION( '', ( -1.00000000000000, 0.000000000000000, 0.000000000000000 ) );
#6372 = DIRECTION( '', ( 0.000000000000000, 0.000000000000000, -1.00000000000000 ) );
#6373 = DIRECTION( '', ( 1.00000000000000, 0.000000000000000, 0.000000000000000 ) );
#6374 = DIRECTION( '', ( 0.000000000000000, 0.000000000000000, -1.00000000000000 ) );
#6375 = DIRECTION( '', ( 0.978980419737605, -0.203954254112001, 0.000000000000000 ) );
#6376 = DIRECTION( '', ( 0.978980419737605, -0.203954254112001, 0.000000000000000 ) );
#6377 = DIRECTION( '', ( -1.00000000000000, 0.000000000000000, 0.000000000000000 ) );
#6378 = DIRECTION( '', ( 0.000000000000000, -1.00000000000000, 0.000000000000000 ) );
#6379 = CARTESIAN_POINT( '', ( 1.15000000000000, 1.36500000000000, -1.16500000000000 ) );
#6380 = DIRECTION( '', ( -1.00000000000000, 0.000000000000000, 0.000000000000000 ) );
#6381 = DIRECTION( '', ( 0.000000000000000, 0.000000000000000, 1.00000000000000 ) );
#6382 = DIRECTION( '', ( 1.00000000000000, 0.000000000000000, 0.000000000000000 ) );
#6383 = DIRECTION( '', ( -0.978980419737605, -0.203954254112001, 0.000000000000000 ) );
#6384 = DIRECTION( '', ( 0.000000000000000, 0.000000000000000, -1.00000000000000 ) );
#6385 = DIRECTION( '', ( -1.00000000000000, 0.000000000000000, 0.000000000000000 ) );
#6386 = DIRECTION( '', ( 0.000000000000000, 0.000000000000000, 1.00000000000000 ) );
#6387 = DIRECTION( '', ( -1.00000000000000, 0.000000000000000, 0.000000000000000 ) );
#6388 = DIRECTION( '', ( 0.000000000000000, 0.000000000000000, -1.00000000000000 ) );
#6389 = DIRECTION( '', ( -1.00000000000000, 1.08420217248550E-016, 0.000000000000000 ) );
#6390 = DIRECTION( '', ( -1.00000000000000, 1.08420217248550E-016, 0.000000000000000 ) );
#6391 = DIRECTION( '', ( -1.00000000000000, 1.08420217248550E-016, 0.000000000000000 ) );
#6392 = DIRECTION( '', ( 0.000000000000000, 0.000000000000000, -1.00000000000000 ) );
#6393 = DIRECTION( '', ( -1.00000000000000, 1.80700362080917E-016, 0.000000000000000 ) );
#6394 = DIRECTION( '', ( 1.00000000000000, -1.08420217248550E-016, 0.000000000000000 ) );
#6395 = DIRECTION( '', ( 1.00000000000000, -1.08420217248550E-016, 0.000000000000000 ) );
#6396 = DIRECTION( '', ( 0.000000000000000, 0.000000000000000, -1.00000000000000 ) );
#6397 = DIRECTION( '', ( 1.00000000000000, -1.08420217248550E-016, 0.000000000000000 ) );
#6398 = DIRECTION( '', ( 0.000000000000000, 0.000000000000000, -1.00000000000000 ) );
#6399 = DIRECTION( '', ( -0.832050294337844, 0.554700196225229, 0.000000000000000 ) );
#6400 = DIRECTION( '', ( 3.70435742265881E-016, 1.00000000000000, 0.000000000000000 ) );
#6401 = DIRECTION( '', ( 1.00000000000000, 0.000000000000000, 0.000000000000000 ) );
#6402 = DIRECTION( '', ( -3.70435742265881E-016, 1.00000000000000, 0.000000000000000 ) );
#6403 = DIRECTION( '', ( 0.832050294337844, 0.554700196225229, 0.000000000000000 ) );
#6404 = CARTESIAN_POINT( '', ( -8.67361737988404E-016, 0.000000000000000, 5.00000000000000 ) );
#6405 = DIRECTION( '', ( 0.000000000000000, 0.000000000000000, -1.00000000000000 ) );
#6406 = DIRECTION( '', ( 1.00000000000000, 0.000000000000000, 0.000000000000000 ) );
#6407 = CARTESIAN_POINT( '', ( -8.67361737988404E-016, 0.000000000000000, 7.00000000000000 ) );
#6408 = DIRECTION( '', ( 0.000000000000000, 0.000000000000000, -1.00000000000000 ) );
#6409 = DIRECTION( '', ( 1.00000000000000, 0.000000000000000, 0.000000000000000 ) );
#6410 = DIRECTION( '', ( 0.000000000000000, 1.00000000000000, 0.000000000000000 ) );
#6411 = DIRECTION( '', ( 0.000000000000000, 1.00000000000000, 0.000000000000000 ) );
#6412 = DIRECTION( '', ( 0.000000000000000, 0.000000000000000, -1.00000000000000 ) );
#6413 = DIRECTION( '', ( 1.92747052886313E-015, 1.00000000000000, 0.000000000000000 ) );
#6414 = DIRECTION( '', ( 1.92747052886313E-015, 1.00000000000000, 0.000000000000000 ) );
#6415 = DIRECTION( '', ( 3.70435742265881E-016, 1.00000000000000, 0.000000000000000 ) );
#6416 = DIRECTION( '', ( 0.832050294337844, -0.554700196225229, 0.000000000000000 ) );
#6417 = DIRECTION( '', ( -0.832050294337844, -0.554700196225229, 0.000000000000000 ) );
#6418 = DIRECTION( '', ( -3.70435742265881E-016, 1.00000000000000, 0.000000000000000 ) );
#6419 = DIRECTION( '', ( 0.000000000000000, -1.00000000000000, 0.000000000000000 ) );
#6420 = DIRECTION( '', ( 0.000000000000000, 0.000000000000000, 1.00000000000000 ) );
#6421 = DIRECTION( '', ( 9.03501810404587E-017, -1.00000000000000, 0.000000000000000 ) );
#6422 = DIRECTION( '', ( 0.000000000000000, 0.000000000000000, 1.00000000000000 ) );
#6423 = DIRECTION( '', ( -9.03501810404587E-017, 1.00000000000000, 0.000000000000000 ) );
#6424 = DIRECTION( '', ( 0.000000000000000, 1.00000000000000, 0.000000000000000 ) );
#6425 = DIRECTION( '', ( 0.000000000000000, 0.000000000000000, -1.00000000000000 ) );
#6426 = DIRECTION( '', ( 0.000000000000000, 1.00000000000000, 0.000000000000000 ) );
#6427 = DIRECTION( '', ( 0.000000000000000, 0.000000000000000, -1.00000000000000 ) );
#6428 = DIRECTION( '', ( 0.000000000000000, -0.265156483021042, -0.964205392803790 ) );
#6429 = DIRECTION( '', ( 0.000000000000000, -1.00000000000000, 0.000000000000000 ) );
#6430 = CARTESIAN_POINT( '', ( -7.50000000000000, 3.65000000000000, 2.50000000000000 ) );
#6431 = DIRECTION( '', ( 1.00000000000000, 0.000000000000000, 0.000000000000000 ) );
#6432 = DIRECTION( '', ( 0.000000000000000, 0.000000000000000, -1.00000000000000 ) );
#6433 = DIRECTION( '', ( 0.000000000000000, 0.000000000000000, 1.00000000000000 ) );
#6434 = DIRECTION( '', ( 0.000000000000000, 1.00000000000000, 0.000000000000000 ) );
#6435 = DIRECTION( '', ( 0.000000000000000, 0.000000000000000, -1.00000000000000 ) );
#6436 = DIRECTION( '', ( 1.92747052886313E-015, -1.00000000000000, 0.000000000000000 ) );
#6437 = DIRECTION( '', ( 1.92747052886313E-015, 1.00000000000000, 0.000000000000000 ) );
#6438 = DIRECTION( '', ( 1.00000000000000, -1.80700362080917E-016, 0.000000000000000 ) );
#6439 = DIRECTION( '', ( 0.000000000000000, 1.00000000000000, 0.000000000000000 ) );
#6440 = DIRECTION( '', ( 0.000000000000000, 0.000000000000000, -1.00000000000000 ) );
#6441 = DIRECTION( '', ( 0.000000000000000, 1.00000000000000, 0.000000000000000 ) );
#6442 = DIRECTION( '', ( 1.92747052886313E-015, -1.00000000000000, 0.000000000000000 ) );
#6443 = DIRECTION( '', ( 1.92747052886313E-015, -1.00000000000000, 0.000000000000000 ) );
#6444 = DIRECTION( '', ( 0.000000000000000, 0.000000000000000, -1.00000000000000 ) );
#6445 = DIRECTION( '', ( 0.000000000000000, -1.00000000000000, 0.000000000000000 ) );
#6446 = DIRECTION( '', ( 1.92747052886313E-015, -1.00000000000000, 0.000000000000000 ) );
#6447 = DIRECTION( '', ( 0.000000000000000, 0.000000000000000, -1.00000000000000 ) );
#6448 = DIRECTION( '', ( 1.00000000000000, -1.80700362080917E-016, -9.03501810404587E-017 ) );
#6449 = DIRECTION( '', ( 1.00000000000000, -1.80700362080917E-016, 0.000000000000000 ) );
#6450 = DIRECTION( '', ( 0.000000000000000, 0.000000000000000, -1.00000000000000 ) );
#6451 = DIRECTION( '', ( -1.73472347597680E-016, -1.00000000000000, 0.000000000000000 ) );
#6452 = DIRECTION( '', ( -1.73472347597680E-016, -1.00000000000000, 0.000000000000000 ) );
#6453 = DIRECTION( '', ( -1.00000000000000, 0.000000000000000, 0.000000000000000 ) );
#6454 = DIRECTION( '', ( -1.00000000000000, 0.000000000000000, 0.000000000000000 ) );
#6455 = DIRECTION( '', ( 0.000000000000000, 1.00000000000000, 0.000000000000000 ) );
#6456 = DIRECTION( '', ( 0.000000000000000, 1.00000000000000, 0.000000000000000 ) );
#6457 = DIRECTION( '', ( 0.000000000000000, -1.00000000000000, 0.000000000000000 ) );
#6458 = DIRECTION( '', ( 0.000000000000000, -1.00000000000000, 0.000000000000000 ) );
#6459 = DIRECTION( '', ( 0.000000000000000, 1.00000000000000, 0.000000000000000 ) );
#6460 = DIRECTION( '', ( -1.00000000000000, 0.000000000000000, 0.000000000000000 ) );
#6461 = DIRECTION( '', ( 0.000000000000000, 1.00000000000000, 0.000000000000000 ) );
#6462 = DIRECTION( '', ( -1.00000000000000, 1.08420217248550E-016, 0.000000000000000 ) );
#6463 = DIRECTION( '', ( 1.92747052886313E-015, -1.00000000000000, 0.000000000000000 ) );
#6464 = DIRECTION( '', ( -1.00000000000000, 1.08420217248550E-016, 0.000000000000000 ) );
#6465 = DIRECTION( '', ( -1.73472347597680E-016, -1.00000000000000, 0.000000000000000 ) );
#6466 = DIRECTION( '', ( -1.00000000000000, 0.000000000000000, 0.000000000000000 ) );
#6467 = DIRECTION( '', ( 1.00000000000000, 0.000000000000000, 0.000000000000000 ) );
#6468 = DIRECTION( '', ( -1.00000000000000, 0.000000000000000, 0.000000000000000 ) );
#6469 = DIRECTION( '', ( 0.000000000000000, 1.00000000000000, 0.000000000000000 ) );
#6470 = DIRECTION( '', ( 1.00000000000000, -1.08420217248550E-016, 0.000000000000000 ) );
#6471 = DIRECTION( '', ( 1.92747052886313E-015, 1.00000000000000, 0.000000000000000 ) );
#6472 = DIRECTION( '', ( 1.00000000000000, -1.08420217248550E-016, 0.000000000000000 ) );
#6473 = DIRECTION( '', ( 0.000000000000000, -1.00000000000000, 0.000000000000000 ) );
#6474 = DIRECTION( '', ( -1.00000000000000, 0.000000000000000, 0.000000000000000 ) );
#6475 = DIRECTION( '', ( 0.000000000000000, 1.00000000000000, 0.000000000000000 ) );
#6476 = DIRECTION( '', ( 0.000000000000000, 1.00000000000000, 0.000000000000000 ) );
#6477 = DIRECTION( '', ( -0.978980419737605, -0.203954254112000, 0.000000000000000 ) );
#6478 = DIRECTION( '', ( -1.00000000000000, 0.000000000000000, 0.000000000000000 ) );
#6479 = DIRECTION( '', ( -0.978980419737605, -0.203954254112002, 0.000000000000000 ) );
#6480 = DIRECTION( '', ( -0.978980419737605, -0.203954254112002, 0.000000000000000 ) );
#6481 = DIRECTION( '', ( -1.00000000000000, 0.000000000000000, 0.000000000000000 ) );
#6482 = DIRECTION( '', ( 0.978980419737605, -0.203954254112001, 0.000000000000000 ) );
#6483 = DIRECTION( '', ( 0.000000000000000, 0.000000000000000, -1.00000000000000 ) );
#6484 = DIRECTION( '', ( -1.73472347597680E-016, -1.00000000000000, 0.000000000000000 ) );
#6485 = DIRECTION( '', ( -1.00000000000000, 0.000000000000000, 0.000000000000000 ) );
#6486 = DIRECTION( '', ( -1.00000000000000, 0.000000000000000, 0.000000000000000 ) );
#6487 = DIRECTION( '', ( 1.00000000000000, 0.000000000000000, -9.03501810404588E-017 ) );
#6488 = DIRECTION( '', ( 0.000000000000000, 0.000000000000000, 1.00000000000000 ) );
#6489 = DIRECTION( '', ( 1.00000000000000, 0.000000000000000, -9.03501810404588E-017 ) );
#6490 = DIRECTION( '', ( 0.000000000000000, 0.000000000000000, 1.00000000000000 ) );
#6491 = DIRECTION( '', ( -1.00000000000000, 0.000000000000000, 0.000000000000000 ) );
#6492 = DIRECTION( '', ( 0.000000000000000, 0.000000000000000, -1.00000000000000 ) );
#6493 = DIRECTION( '', ( 1.00000000000000, -1.80700362080917E-016, 0.000000000000000 ) );
#6494 = DIRECTION( '', ( 0.000000000000000, 1.00000000000000, 0.000000000000000 ) );
#6495 = DIRECTION( '', ( -1.00000000000000, 0.000000000000000, 0.000000000000000 ) );
#6496 = DIRECTION( '', ( 0.000000000000000, -1.00000000000000, 0.000000000000000 ) );
#6497 = DIRECTION( '', ( 0.000000000000000, 1.00000000000000, 0.000000000000000 ) );
#6498 = DIRECTION( '', ( 0.000000000000000, -1.00000000000000, 0.000000000000000 ) );
#6499 = DIRECTION( '', ( 0.000000000000000, 0.000000000000000, -1.00000000000000 ) );
#6500 = CARTESIAN_POINT( '', ( 1.15000000000000, 1.36500000000000, -1.16500000000000 ) );
#6501 = DIRECTION( '', ( -1.00000000000000, 0.000000000000000, 0.000000000000000 ) );
#6502 = DIRECTION( '', ( 0.000000000000000, 0.000000000000000, 1.00000000000000 ) );
#6503 = DIRECTION( '', ( 0.000000000000000, 0.000000000000000, 1.00000000000000 ) );
#6504 = CARTESIAN_POINT( '', ( 5.00000000000000, 0.000000000000000, 5.00000000000000 ) );
#6505 = DIRECTION( '', ( 0.000000000000000, 0.000000000000000, -1.00000000000000 ) );
#6506 = DIRECTION( '', ( 1.00000000000000, 0.000000000000000, 0.000000000000000 ) );
#6507 = CARTESIAN_POINT( '', ( 5.00000000000000, 0.000000000000000, 5.00000000000000 ) );
#6508 = DIRECTION( '', ( 0.000000000000000, 0.000000000000000, -1.00000000000000 ) );
#6509 = DIRECTION( '', ( 1.00000000000000, 0.000000000000000, 0.000000000000000 ) );
#6510 = CARTESIAN_POINT( '', ( 5.00000000000000, 0.000000000000000, 7.00000000000000 ) );
#6511 = DIRECTION( '', ( 0.000000000000000, 0.000000000000000, -1.00000000000000 ) );
#6512 = DIRECTION( '', ( 1.00000000000000, 0.000000000000000, 0.000000000000000 ) );
#6513 = DIRECTION( '', ( 0.000000000000000, -1.00000000000000, 0.000000000000000 ) );
#6514 = DIRECTION( '', ( 0.000000000000000, 0.000000000000000, -1.00000000000000 ) );
#6515 = DIRECTION( '', ( 1.00000000000000, -1.80700362080917E-016, 0.000000000000000 ) );
#6516 = DIRECTION( '', ( 0.000000000000000, 0.000000000000000, -1.00000000000000 ) );
#6517 = DIRECTION( '', ( 1.00000000000000, 0.000000000000000, 0.000000000000000 ) );
#6518 = DIRECTION( '', ( 0.000000000000000, 0.000000000000000, -1.00000000000000 ) );
#6519 = DIRECTION( '', ( 0.000000000000000, 1.00000000000000, 0.000000000000000 ) );
#6520 = DIRECTION( '', ( -1.00000000000000, 1.08420217248550E-016, 0.000000000000000 ) );
#6521 = CARTESIAN_POINT( '', ( 5.00000000000000, 0.000000000000000, 4.60000000000000 ) );
#6522 = DIRECTION( '', ( 0.000000000000000, 0.000000000000000, 1.00000000000000 ) );
#6523 = DIRECTION( '', ( 1.00000000000000, 0.000000000000000, 0.000000000000000 ) );
#6524 = CARTESIAN_POINT( '', ( 0.450000000000000, -1.88500000000000, 1.66500000000000 ) );
#6525 = DIRECTION( '', ( 1.00000000000000, 3.70435742265881E-016, 0.000000000000000 ) );
#6526 = DIRECTION( '', ( -3.70435742265881E-016, 1.00000000000000, 0.000000000000000 ) );
#6527 = CARTESIAN_POINT( '', ( -0.450000000000000, -1.88500000000000, 1.66500000000000 ) );
#6528 = DIRECTION( '', ( 1.00000000000000, -3.70435742265881E-016, 0.000000000000000 ) );
#6529 = DIRECTION( '', ( 3.70435742265881E-016, 1.00000000000000, 0.000000000000000 ) );
#6530 = DIRECTION( '', ( 1.00000000000000, 0.000000000000000, 0.000000000000000 ) );
#6531 = DIRECTION( '', ( 0.000000000000000, 0.000000000000000, -1.00000000000000 ) );
#6532 = DIRECTION( '', ( 0.287347885566345, 0.957826285221152, 0.000000000000000 ) );
#6533 = DIRECTION( '', ( -1.00000000000000, 1.80700362080917E-016, 0.000000000000000 ) );
#6534 = DIRECTION( '', ( 0.000000000000000, 1.00000000000000, 0.000000000000000 ) );
#6535 = DIRECTION( '', ( 1.00000000000000, 0.000000000000000, 0.000000000000000 ) );
#6536 = DIRECTION( '', ( 0.000000000000000, -1.00000000000000, 0.000000000000000 ) );
#6537 = DIRECTION( '', ( -1.00000000000000, 0.000000000000000, 0.000000000000000 ) );
#6538 = DIRECTION( '', ( -1.00000000000000, 0.000000000000000, 0.000000000000000 ) );
#6539 = DIRECTION( '', ( -0.0673048883030502, -0.224349627676834, -0.972181719932945 ) );
#6540 = DIRECTION( '', ( 0.000000000000000, 0.000000000000000, -1.00000000000000 ) );
#6541 = DIRECTION( '', ( 0.000000000000000, 0.000000000000000, -1.00000000000000 ) );
#6542 = CARTESIAN_POINT( '', ( 0.450000000000000, -1.36500000000000, -1.16500000000000 ) );
#6543 = DIRECTION( '', ( 1.00000000000000, 3.70435742265881E-016, 0.000000000000000 ) );
#6544 = DIRECTION( '', ( -3.70435742265881E-016, 1.00000000000000, 0.000000000000000 ) );
#6545 = DIRECTION( '', ( -3.70435742265881E-016, 1.00000000000000, 0.000000000000000 ) );
#6546 = CARTESIAN_POINT( '', ( 0.450000000000000, -1.36500000000000, -1.16500000000000 ) );
#6547 = DIRECTION( '', ( 1.00000000000000, 3.70435742265881E-016, 0.000000000000000 ) );
#6548 = DIRECTION( '', ( -3.70435742265881E-016, 1.00000000000000, 0.000000000000000 ) );
#6549 = DIRECTION( '', ( -0.978980419737605, -0.203954254112002, 0.000000000000000 ) );
#6550 = DIRECTION( '', ( 0.000000000000000, 0.000000000000000, 1.00000000000000 ) );
#6551 = CARTESIAN_POINT( '', ( -0.450000000000000, -1.36500000000000, -1.16500000000000 ) );
#6552 = DIRECTION( '', ( 1.00000000000000, -3.70435742265881E-016, 0.000000000000000 ) );
#6553 = DIRECTION( '', ( 3.70435742265881E-016, 1.00000000000000, 0.000000000000000 ) );
#6554 = DIRECTION( '', ( 3.70435742265881E-016, 1.00000000000000, 0.000000000000000 ) );
#6555 = CARTESIAN_POINT( '', ( -0.450000000000000, -1.36500000000000, -1.16500000000000 ) );
#6556 = DIRECTION( '', ( 1.00000000000000, -3.70435742265881E-016, 0.000000000000000 ) );
#6557 = DIRECTION( '', ( 3.70435742265881E-016, 1.00000000000000, 0.000000000000000 ) );
#6558 = DIRECTION( '', ( 0.000000000000000, 0.000000000000000, -1.00000000000000 ) );
#6559 = DIRECTION( '', ( -0.832050294337844, 0.000000000000000, -0.554700196225229 ) );
#6560 = DIRECTION( '', ( 1.00000000000000, 0.000000000000000, 0.000000000000000 ) );
#6561 = DIRECTION( '', ( 0.832050294337844, 0.000000000000000, -0.554700196225229 ) );
#6562 = DIRECTION( '', ( 0.000000000000000, 0.000000000000000, 1.00000000000000 ) );
#6563 = DIRECTION( '', ( 0.000000000000000, 0.000000000000000, -1.00000000000000 ) );
#6564 = DIRECTION( '', ( 0.287347885566345, 0.957826285221151, 0.000000000000000 ) );
#6565 = DIRECTION( '', ( 0.276172385369497, 0.920574617898323, -0.276172385369498 ) );
#6566 = DIRECTION( '', ( 0.000000000000000, 0.000000000000000, -1.00000000000000 ) );
#6567 = DIRECTION( '', ( 1.00000000000000, 0.000000000000000, 0.000000000000000 ) );
#6568 = DIRECTION( '', ( 0.000000000000000, -0.265156483021042, -0.964205392803790 ) );
#6569 = DIRECTION( '', ( 0.000000000000000, 0.000000000000000, 1.00000000000000 ) );
#6570 = DIRECTION( '', ( 0.000000000000000, 1.00000000000000, 0.000000000000000 ) );
#6571 = DIRECTION( '', ( -1.00000000000000, 0.000000000000000, 0.000000000000000 ) );
#6572 = DIRECTION( '', ( 0.000000000000000, -1.00000000000000, 0.000000000000000 ) );
#6573 = DIRECTION( '', ( 0.000000000000000, 1.00000000000000, 0.000000000000000 ) );
#6574 = DIRECTION( '', ( 0.000000000000000, 0.000000000000000, -1.00000000000000 ) );
#6575 = DIRECTION( '', ( 0.000000000000000, 0.000000000000000, -1.00000000000000 ) );
#6576 = DIRECTION( '', ( 0.000000000000000, 0.000000000000000, -1.00000000000000 ) );
#6577 = CARTESIAN_POINT( '', ( 0.000000000000000, 0.000000000000000, 4.50000000000000 ) );
#6578 = DIRECTION( '', ( 0.000000000000000, 0.000000000000000, -1.00000000000000 ) );
#6579 = DIRECTION( '', ( 0.000000000000000, 1.00000000000000, 0.000000000000000 ) );
#6580 = DIRECTION( '', ( 0.000000000000000, 0.000000000000000, -1.00000000000000 ) );
#6581 = DIRECTION( '', ( 1.00000000000000, -1.08420217248550E-016, 0.000000000000000 ) );
#6582 = DIRECTION( '', ( -1.00000000000000, 0.000000000000000, 0.000000000000000 ) );
#6583 = DIRECTION( '', ( 1.00000000000000, 1.16164518480590E-016, 0.000000000000000 ) );
#6584 = DIRECTION( '', ( 0.000000000000000, -1.00000000000000, 0.000000000000000 ) );
#6585 = DIRECTION( '', ( 0.000000000000000, 0.000000000000000, 1.00000000000000 ) );
#6586 = DIRECTION( '', ( -1.00000000000000, 0.000000000000000, 0.000000000000000 ) );
#6587 = CARTESIAN_POINT( '', ( -5.00000000000000, 0.000000000000000, 4.60000000000000 ) );
#6588 = DIRECTION( '', ( 0.000000000000000, 0.000000000000000, 1.00000000000000 ) );
#6589 = DIRECTION( '', ( 1.00000000000000, 0.000000000000000, 0.000000000000000 ) );
#6590 = DIRECTION( '', ( 0.287347885566345, -0.957826285221151, 0.000000000000000 ) );
#6591 = DIRECTION( '', ( -0.0673048883030502, 0.224349627676834, 0.972181719932945 ) );
#6592 = DIRECTION( '', ( -1.00000000000000, 0.000000000000000, 9.03501810404588E-017 ) );
#6593 = DIRECTION( '', ( 1.00000000000000, 0.000000000000000, 0.000000000000000 ) );
#6594 = DIRECTION( '', ( 0.707106781186548, -0.707106781186548, 0.000000000000000 ) );
#6595 = DIRECTION( '', ( 1.00000000000000, 0.000000000000000, 0.000000000000000 ) );
#6596 = DIRECTION( '', ( 0.000000000000000, 0.000000000000000, 1.00000000000000 ) );
#6597 = DIRECTION( '', ( 0.000000000000000, 0.265156483021042, 0.964205392803790 ) );
#6598 = DIRECTION( '', ( 0.000000000000000, 0.000000000000000, -1.00000000000000 ) );
#6599 = DIRECTION( '', ( 1.92747052886313E-015, -1.00000000000000, 0.000000000000000 ) );
#6600 = DIRECTION( '', ( -1.00000000000000, 1.80700362080917E-016, 0.000000000000000 ) );
#6601 = DIRECTION( '', ( -1.00000000000000, 0.000000000000000, 0.000000000000000 ) );
#6602 = DIRECTION( '', ( -1.00000000000000, 0.000000000000000, 0.000000000000000 ) );
#6603 = DIRECTION( '', ( -1.00000000000000, 0.000000000000000, 0.000000000000000 ) );
#6604 = DIRECTION( '', ( 0.000000000000000, 0.265156483021042, 0.964205392803790 ) );
#6605 = DIRECTION( '', ( -1.00000000000000, 0.000000000000000, 0.000000000000000 ) );
#6606 = DIRECTION( '', ( -1.00000000000000, 0.000000000000000, 0.000000000000000 ) );
#6607 = CARTESIAN_POINT( '', ( -5.00000000000000, 0.000000000000000, 5.00000000000000 ) );
#6608 = DIRECTION( '', ( 0.000000000000000, 0.000000000000000, -1.00000000000000 ) );
#6609 = DIRECTION( '', ( 1.00000000000000, 0.000000000000000, 0.000000000000000 ) );
#6610 = DIRECTION( '', ( 0.000000000000000, 0.000000000000000, 1.00000000000000 ) );
#6611 = DIRECTION( '', ( 0.276172385369497, 0.920574617898323, -0.276172385369498 ) );
#6612 = DIRECTION( '', ( 0.000000000000000, 1.00000000000000, 0.000000000000000 ) );
#6613 = DIRECTION( '', ( -1.00000000000000, 0.000000000000000, 9.03501810404588E-017 ) );
#6614 = DIRECTION( '', ( -1.00000000000000, 0.000000000000000, 0.000000000000000 ) );
#6615 = DIRECTION( '', ( 0.000000000000000, 0.000000000000000, -1.00000000000000 ) );
#6616 = DIRECTION( '', ( 0.000000000000000, 0.000000000000000, -1.00000000000000 ) );
ENDSEC;
END-ISO-10303-21;
