ISO-10303-21;
HEADER;
FILE_DESCRIPTION (( 'STEP AP214' ),
    '1' );
FILE_NAME ('BC846B RF.STEP',
    '2023-06-20T19:51:19',
    ( '' ),
    ( '' ),
    'SwSTEP 2.0',
    'SolidWorks 2021',
    '' );
FILE_SCHEMA (( 'AUTOMOTIVE_DESIGN' ));
ENDSEC;

DATA;
#1 = DIRECTION ( 'NONE',  ( -0.000000000000000000, 1.000000000000000000, -0.000000000000000000 ) ) ;
#2 = DIRECTION ( 'NONE',  ( -0.000000000000000000, -0.000000000000000000, -1.000000000000000000 ) ) ;
#3 = ORIENTED_EDGE ( 'NONE', *, *, #1401, .T. ) ;
#4 = CARTESIAN_POINT ( 'NONE',  ( -0.6303242831416646652, 0.4199999999999860512, -0.7500000000000000000 ) ) ;
#5 = VECTOR ( 'NONE', #823, 1000.000000000000227 ) ;
#6 = CARTESIAN_POINT ( 'NONE',  ( -0.6874999999999997780, 0.4199999999999860512, -0.7500000000000000000 ) ) ;
#7 = ORIENTED_EDGE ( 'NONE', *, *, #66, .T. ) ;
#8 = VECTOR ( 'NONE', #287, 1000.000000000000227 ) ;
#9 = SURFACE_STYLE_FILL_AREA ( #134 ) ;
#10 = EDGE_CURVE ( 'NONE', #479, #1057, #1772, .T. ) ;
#11 = ORIENTED_EDGE ( 'NONE', *, *, #1903, .T. ) ;
#12 = EDGE_CURVE ( 'NONE', #1782, #142, #1944, .T. ) ;
#13 = VECTOR ( 'NONE', #108, 1000.000000000000000 ) ;
#14 = DIRECTION ( 'NONE',  ( 0.000000000000000000, 1.000000000000000000, 0.000000000000000000 ) ) ;
#15 = PLANE ( 'NONE',  #1575 ) ;
#16 = VECTOR ( 'NONE', #358, 1000.000000000000000 ) ;
#17 = CARTESIAN_POINT ( 'NONE',  ( 0.6875000000000002220, 0.4199999999999862732, -0.2000000000000000111 ) ) ;
#18 = CARTESIAN_POINT ( 'NONE',  ( 0.000000000000000000, 0.1000000000000000472, 0.000000000000000000 ) ) ;
#19 = ORIENTED_EDGE ( 'NONE', *, *, #355, .F. ) ;
#20 = MECHANICAL_DESIGN_GEOMETRIC_PRESENTATION_REPRESENTATION (  '', ( #1663 ), #340 ) ;
#21 = PLANE ( 'NONE',  #1357 ) ;
#22 = AXIS2_PLACEMENT_3D ( 'NONE', #859, #1475, #106 ) ;
#23 = CIRCLE ( 'NONE', #1593, 0.05000000000000002359 ) ;
#24 = ORIENTED_EDGE ( 'NONE', *, *, #745, .F. ) ;
#25 = AXIS2_PLACEMENT_3D ( 'NONE', #150, #1407, #765 ) ;
#26 = FACE_OUTER_BOUND ( 'NONE', #310, .T. ) ;
#27 = LINE ( 'NONE', #1382, #1874 ) ;
#28 = CARTESIAN_POINT ( 'NONE',  ( -0.6874999999999997780, 0.5599999999999860645, -1.149999999999999911 ) ) ;
#29 = CARTESIAN_POINT ( 'NONE',  ( 0.5914002825831664589, 0.1430413449519969682, 1.401400282583166845 ) ) ;
#30 = VERTEX_POINT ( 'NONE', #1469 ) ;
#31 = LINE ( 'NONE', #638, #361 ) ;
#32 = VERTEX_POINT ( 'NONE', #98 ) ;
#33 = SURFACE_STYLE_USAGE ( .BOTH. , #834 ) ;
#34 = DIRECTION ( 'NONE',  ( -1.000000000000000000, 0.000000000000000000, 0.000000000000000000 ) ) ;
#35 = ADVANCED_FACE ( 'NONE', ( #1322 ), #1793, .F. ) ;
#36 = DIRECTION ( 'NONE',  ( 0.000000000000000000, 0.000000000000000000, 1.000000000000000000 ) ) ;
#37 = ADVANCED_FACE ( 'NONE', ( #860 ), #1476, .F. ) ;
#38 = ORIENTED_EDGE ( 'NONE', *, *, #1612, .F. ) ;
#39 = EDGE_CURVE ( 'NONE', #1898, #863, #1811, .T. ) ;
#40 = FACE_OUTER_BOUND ( 'NONE', #446, .T. ) ;
#41 = ORIENTED_EDGE ( 'NONE', *, *, #1484, .F. ) ;
#42 = CARTESIAN_POINT ( 'NONE',  ( -0.6500000000000001332, 0.5600000000000124878, 1.460000000000000187 ) ) ;
#43 = COLOUR_RGB ( '',1.000000000000000000, 1.000000000000000000, 1.000000000000000000 ) ;
#44 = EDGE_LOOP ( 'NONE', ( #439, #11, #298, #821 ) ) ;
#45 =( BOUNDED_CURVE ( )  B_SPLINE_CURVE ( 3, ( #775, #1087, #1513, #139 ),
 .UNSPECIFIED., .F., .F. ) 
 B_SPLINE_CURVE_WITH_KNOTS ( ( 4, 4 ),
 ( 1.570796326794896558, 3.001966313430250555 ),
 .UNSPECIFIED. ) 
 CURVE ( )  GEOMETRIC_REPRESENTATION_ITEM ( )  RATIONAL_B_SPLINE_CURVE ( ( 1.000000000000000000, 0.8364730534818471952, 0.8364730534818471952, 1.000000000000000000 ) ) 
 REPRESENTATION_ITEM ( '' )  );
#46 = DIRECTION ( 'NONE',  ( -1.000000000000000000, 0.000000000000000000, 0.000000000000000000 ) ) ;
#47 = DIRECTION ( 'NONE',  ( -0.1378445374916255906, -0.9808148484639899189, -0.1378445374916253963 ) ) ;
#48 = AXIS2_PLACEMENT_3D ( 'NONE', #1229, #173, #938 ) ;
#49 = CARTESIAN_POINT ( 'NONE',  ( -0.7374999999999997113, 0.2499999999999998335, -1.149999999999999911 ) ) ;
#50 = CIRCLE ( 'NONE', #175, 0.2350802003947944363 ) ;
#51 = CLOSED_SHELL ( 'NONE', ( #64, #1945, #183, #270, #1730, #1785, #1040, #1118, #726, #1185, #1320, #204, #539, #1645 ) ) ;
#52 = DIRECTION ( 'NONE',  ( 9.035018104046912237E-16, 1.000000000000000000, 0.000000000000000000 ) ) ;
#53 = CARTESIAN_POINT ( 'NONE',  ( -0.9561818345681925013, 0.01549244315827741532, -0.7500000000000000000 ) ) ;
#54 = CARTESIAN_POINT ( 'NONE',  ( -0.9725802003947938701, 0.2500000000000000000, 0.7500000000000000000 ) ) ;
#55 = VERTEX_POINT ( 'NONE', #1963 ) ;
#56 = MECHANICAL_DESIGN_GEOMETRIC_PRESENTATION_REPRESENTATION (  '', ( #696 ), #1044 ) ;
#57 = CARTESIAN_POINT ( 'NONE',  ( 0.7374999999999998224, 0.2500000000000001665, -0.2000000000000000111 ) ) ;
#58 = LINE ( 'NONE', #480, #438 ) ;
#59 = LINE ( 'NONE', #497, #114 ) ;
#60 = PLANE ( 'NONE',  #460 ) ;
#61 = CARTESIAN_POINT ( 'NONE',  ( 0.7375000000000001554, 0.3699999999999862288, 0.2000000000000000111 ) ) ;
#62 = UNCERTAINTY_MEASURE_WITH_UNIT (LENGTH_MEASURE( 1.000000000000000082E-05 ), #935, 'distance_accuracy_value', 'NONE');
#63 = LINE ( 'NONE', #850, #788 ) ;
#64 = ADVANCED_FACE ( 'NONE', ( #1498 ), #1195, .F. ) ;
#65 = ORIENTED_EDGE ( 'NONE', *, *, #1137, .T. ) ;
#66 = EDGE_CURVE ( 'NONE', #1363, #1750, #1184, .T. ) ;
#67 = ADVANCED_FACE ( 'NONE', ( #1692 ), #1973, .F. ) ;
#68 = CARTESIAN_POINT ( 'NONE',  ( -0.9725802003947938701, 0.2500000000000000000, 1.149999999999999911 ) ) ;
#69 = CARTESIAN_POINT ( 'NONE',  ( 0.5418868791460879075, 0.1000000000000000472, 1.351886879146088294 ) ) ;
#70 = MANIFOLD_SOLID_BREP ( 'Boss-Extrude2', #1623 ) ;
#71 = CARTESIAN_POINT ( 'NONE',  ( -0.000000000000000000, 0.1000000000000000472, -1.351886879146087850 ) ) ;
#72 = EDGE_LOOP ( 'NONE', ( #1203, #384, #720, #1636 ) ) ;
#73 = ORIENTED_EDGE ( 'NONE', *, *, #1002, .T. ) ;
#74 = CARTESIAN_POINT ( 'NONE',  ( 0.9725802003947940921, 0.2500000000000002220, -0.2000000000000000111 ) ) ;
#75 = CARTESIAN_POINT ( 'NONE',  ( -0.5773461991129277271, 1.076958655048003255, 1.387346199112927669 ) ) ;
#76 = DIRECTION ( 'NONE',  ( 0.000000000000000000, 0.000000000000000000, 1.000000000000000000 ) ) ;
#77 = ORIENTED_EDGE ( 'NONE', *, *, #413, .F. ) ;
#78 = STYLED_ITEM ( 'NONE', ( #1983 ), #90 ) ;
#79 = LINE ( 'NONE', #57, #1554 ) ;
#80 = FACE_OUTER_BOUND ( 'NONE', #1660, .T. ) ;
#81 = CARTESIAN_POINT ( 'NONE',  ( -0.7374999999999997113, 0.2499999999999998335, -0.7500000000000000000 ) ) ;
#82 = ORIENTED_EDGE ( 'NONE', *, *, #1380, .T. ) ;
#83 = ORIENTED_EDGE ( 'NONE', *, *, #599, .F. ) ;
#84 = CARTESIAN_POINT ( 'NONE',  ( -0.5737076770630186173, 1.102848084676154805, -1.383707677063017893 ) ) ;
#85 = VECTOR ( 'NONE', #665, 1000.000000000000000 ) ;
#86 = CARTESIAN_POINT ( 'NONE',  ( -0.3999999999999999667, 1.120000000000000107, -1.309999999999999831 ) ) ;
#87 = ORIENTED_EDGE ( 'NONE', *, *, #151, .T. ) ;
#88 = COLOUR_RGB ( '',0.2509803921568627416, 0.2509803921568627416, 0.2509803921568627416 ) ;
#89 = DIRECTION ( 'NONE',  ( 0.000000000000000000, 0.000000000000000000, -1.000000000000000000 ) ) ;
#90 = MANIFOLD_SOLID_BREP ( 'Boss-Extrude3', #555 ) ;
#91 = FACE_OUTER_BOUND ( 'NONE', #997, .T. ) ;
#92 = SHAPE_DEFINITION_REPRESENTATION ( #655, #794 ) ;
#93 = EDGE_LOOP ( 'NONE', ( #129, #266, #917, #993 ) ) ;
#94 = VECTOR ( 'NONE', #876, 1000.000000000000000 ) ;
#95 = ORIENTED_EDGE ( 'NONE', *, *, #308, .T. ) ;
#96 = LINE ( 'NONE', #1493, #178 ) ;
#97 = CARTESIAN_POINT ( 'NONE',  ( 0.5418868791460879075, 0.1000000000000000472, 1.351886879146088294 ) ) ;
#98 = CARTESIAN_POINT ( 'NONE',  ( -1.177734093675823157, -2.251356057640056715E-16, 1.149999999999999911 ) ) ;
#99 = CARTESIAN_POINT ( 'NONE',  ( -0.5450509448071578777, 1.306751329711981491, 1.355050944807158153 ) ) ;
#100 = VECTOR ( 'NONE', #1120, 1000.000000000000000 ) ;
#101 = CARTESIAN_POINT ( 'NONE',  ( 0.9561818345681928344, 0.01549244315827793053, 0.2000000000000000111 ) ) ;
#102 = ORIENTED_EDGE ( 'NONE', *, *, #126, .F. ) ;
#103 = ORIENTED_EDGE ( 'NONE', *, *, #1078, .F. ) ;
#104 = EDGE_CURVE ( 'NONE', #1968, #1782, #302, .T. ) ;
#105 = ADVANCED_FACE ( 'NONE', ( #1990 ), #578, .T. ) ;
#106 = DIRECTION ( 'NONE',  ( 0.000000000000000000, 0.000000000000000000, -1.000000000000000000 ) ) ;
#107 = CARTESIAN_POINT ( 'NONE',  ( 0.6875000000000002220, 0.3699999999999862288, 0.2000000000000000111 ) ) ;
#108 = DIRECTION ( 'NONE',  ( -0.000000000000000000, -0.000000000000000000, 1.000000000000000000 ) ) ;
#109 = DIRECTION ( 'NONE',  ( -0.9902680687415696958, -0.1391731009600696567, 0.000000000000000000 ) ) ;
#110 = ORIENTED_EDGE ( 'NONE', *, *, #865, .T. ) ;
#111 = MANIFOLD_SOLID_BREP ( 'Boss-Extrude4', #1362 ) ;
#112 = FILL_AREA_STYLE ('',( #121 ) ) ;
#113 = CARTESIAN_POINT ( 'NONE',  ( -0.6874999999999997780, 0.3699999999999860067, 0.7500000000000000000 ) ) ;
#114 = VECTOR ( 'NONE', #942, 1000.000000000000000 ) ;
#115 = DIRECTION ( 'NONE',  ( -0.9902680687415696958, -0.1391731009600696567, 0.000000000000000000 ) ) ;
#116 = VECTOR ( 'NONE', #653, 1000.000000000000000 ) ;
#117 = DIRECTION ( 'NONE',  ( -0.000000000000000000, -0.000000000000000000, -1.000000000000000000 ) ) ;
#118 = FACE_OUTER_BOUND ( 'NONE', #637, .T. ) ;
#119 = ORIENTED_EDGE ( 'NONE', *, *, #413, .T. ) ;
#120 = VERTEX_POINT ( 'NONE', #1416 ) ;
#121 = FILL_AREA_STYLE_COLOUR ( '', #88 ) ;
#122 = CARTESIAN_POINT ( 'NONE',  ( -0.7374999999999997113, 0.3699999999999860067, 1.149999999999999911 ) ) ;
#123 = EDGE_CURVE ( 'NONE', #1025, #1008, #1356, .T. ) ;
#124 =( LENGTH_UNIT ( ) NAMED_UNIT ( * ) SI_UNIT ( .MILLI., .METRE. ) );
#125 = ADVANCED_FACE ( 'NONE', ( #1427 ), #918, .F. ) ;
#126 = EDGE_CURVE ( 'NONE', #350, #1409, #1872, .T. ) ;
#127 = DIRECTION ( 'NONE',  ( -0.000000000000000000, -0.000000000000000000, -1.000000000000000000 ) ) ;
#128 = DIRECTION ( 'NONE',  ( -1.807003620809381659E-15, 1.000000000000000000, 0.000000000000000000 ) ) ;
#129 = ORIENTED_EDGE ( 'NONE', *, *, #780, .T. ) ;
#130 = ORIENTED_EDGE ( 'NONE', *, *, #367, .F. ) ;
#131 = CYLINDRICAL_SURFACE ( 'NONE', #1406, 0.09508020039479428420 ) ;
#132 = CARTESIAN_POINT ( 'NONE',  ( 0.5737076770630182843, 1.102848084676155027, 1.383707677063018560 ) ) ;
#133 = ORIENTED_EDGE ( 'NONE', *, *, #126, .T. ) ;
#134 = FILL_AREA_STYLE ('',( #1508 ) ) ;
#135 = PLANE ( 'NONE',  #810 ) ;
#136 = CARTESIAN_POINT ( 'NONE',  ( 0.7374999999999998224, 0.2500000000000001665, 0.2000000000000000111 ) ) ;
#137 = ORIENTED_EDGE ( 'NONE', *, *, #1164, .F. ) ;
#138 = ORIENTED_EDGE ( 'NONE', *, *, #867, .T. ) ;
#139 = CARTESIAN_POINT ( 'NONE',  ( -0.5773461991129277271, 1.076958655048003255, 1.387346199112927669 ) ) ;
#140 = VECTOR ( 'NONE', #1373, 1000.000000000000000 ) ;
#141 = CARTESIAN_POINT ( 'NONE',  ( -0.5278327956758491757, 1.120000000000000107, 1.381297132566660313 ) ) ;
#142 = VERTEX_POINT ( 'NONE', #53 ) ;
#143 = FILL_AREA_STYLE_COLOUR ( '', #929 ) ;
#144 = VECTOR ( 'NONE', #928, 1000.000000000000000 ) ;
#145 = STYLED_ITEM ( 'NONE', ( #1370 ), #70 ) ;
#146 = FACE_OUTER_BOUND ( 'NONE', #1102, .T. ) ;
#147 = DIRECTION ( 'NONE',  ( -1.000000000000000000, 0.000000000000000000, 0.000000000000000000 ) ) ;
#148 = ORIENTED_EDGE ( 'NONE', *, *, #1100, .T. ) ;
#149 = ORIENTED_EDGE ( 'NONE', *, *, #249, .F. ) ;
#150 = CARTESIAN_POINT ( 'NONE',  ( -0.3999999999999999667, 1.070000000000000284, -1.209999999999999742 ) ) ;
#151 = EDGE_CURVE ( 'NONE', #777, #545, #31, .T. ) ;
#152 = EDGE_CURVE ( 'NONE', #1325, #1902, #1244, .T. ) ;
#153 = DIRECTION ( 'NONE',  ( 0.000000000000000000, 0.000000000000000000, 1.000000000000000000 ) ) ;
#154 =( GEOMETRIC_REPRESENTATION_CONTEXT ( 3 ) GLOBAL_UNCERTAINTY_ASSIGNED_CONTEXT ( ( #1449 ) ) GLOBAL_UNIT_ASSIGNED_CONTEXT ( ( #905, #628, #975 ) ) REPRESENTATION_CONTEXT ( 'NONE', 'WORKASPACE' ) );
#155 = ORIENTED_EDGE ( 'NONE', *, *, #1545, .F. ) ;
#156 = DIRECTION ( 'NONE',  ( 1.000000000000000000, -0.000000000000000000, -0.000000000000000000 ) ) ;
#157 = CARTESIAN_POINT ( 'NONE',  ( 0.000000000000000000, 1.120000000000000107, 1.381297132566660757 ) ) ;
#158 = LINE ( 'NONE', #1976, #1647 ) ;
#159 = ORIENTED_EDGE ( 'NONE', *, *, #1379, .F. ) ;
#160 = CARTESIAN_POINT ( 'NONE',  ( 0.7375000000000001554, 0.3699999999999862288, 0.2000000000000000111 ) ) ;
#161 = DIRECTION ( 'NONE',  ( 0.000000000000000000, 0.000000000000000000, 1.000000000000000000 ) ) ;
#162 = ADVANCED_FACE ( 'NONE', ( #778 ), #164, .F. ) ;
#163 = EDGE_CURVE ( 'NONE', #1813, #1235, #658, .T. ) ;
#164 = PLANE ( 'NONE',  #1774 ) ;
#165 = PLANE ( 'NONE',  #1878 ) ;
#166 = DIRECTION ( 'NONE',  ( 0.000000000000000000, 0.000000000000000000, -1.000000000000000000 ) ) ;
#167 = DIRECTION ( 'NONE',  ( 0.000000000000000000, 0.000000000000000000, 1.000000000000000000 ) ) ;
#168 = ORIENTED_EDGE ( 'NONE', *, *, #416, .T. ) ;
#169 = VECTOR ( 'NONE', #729, 1000.000000000000000 ) ;
#170 = DIRECTION ( 'NONE',  ( -0.000000000000000000, -0.000000000000000000, -1.000000000000000000 ) ) ;
#171 = ORIENTED_EDGE ( 'NONE', *, *, #1784, .F. ) ;
#172 = AXIS2_PLACEMENT_3D ( 'NONE', #1975, #1, #453 ) ;
#173 = DIRECTION ( 'NONE',  ( 0.06975647374411868273, -0.9975640502598247528, 0.000000000000000000 ) ) ;
#174 = CARTESIAN_POINT ( 'NONE',  ( 0.9561818345681928344, 0.01549244315827793053, -0.2000000000000000111 ) ) ;
#175 = AXIS2_PLACEMENT_3D ( 'NONE', #68, #672, #351 ) ;
#176 = PLANE ( 'NONE',  #276 ) ;
#177 = EDGE_LOOP ( 'NONE', ( #477, #1932 ) ) ;
#178 = VECTOR ( 'NONE', #1955, 1000.000000000000227 ) ;
#179 = DIRECTION ( 'NONE',  ( -0.000000000000000000, -0.000000000000000000, -1.000000000000000000 ) ) ;
#180 = CIRCLE ( 'NONE', #434, 0.05000000000000002359 ) ;
#181 = ORIENTED_EDGE ( 'NONE', *, *, #1061, .T. ) ;
#182 = VECTOR ( 'NONE', #693, 1000.000000000000000 ) ;
#183 = ADVANCED_FACE ( 'NONE', ( #1388 ), #1565, .T. ) ;
#184 = EDGE_CURVE ( 'NONE', #598, #902, #189, .T. ) ;
#185 = DIRECTION ( 'NONE',  ( -0.000000000000000000, -0.000000000000000000, -1.000000000000000000 ) ) ;
#186 = DIRECTION ( 'NONE',  ( -0.06975647374412032031, 0.9975640502598245307, 0.000000000000000000 ) ) ;
#187 = CARTESIAN_POINT ( 'NONE',  ( -0.3999999999999999667, 1.070000000000000284, -1.209999999999999742 ) ) ;
#188 = ORIENTED_EDGE ( 'NONE', *, *, #452, .F. ) ;
#189 = LINE ( 'NONE', #1083, #1776 ) ;
#190 = VECTOR ( 'NONE', #1112, 1000.000000000000000 ) ;
#191 = ORIENTED_EDGE ( 'NONE', *, *, #1121, .T. ) ;
#192 = DIRECTION ( 'NONE',  ( 0.06975647374412034807, 0.9975640502598245307, -0.000000000000000000 ) ) ;
#193 = CARTESIAN_POINT ( 'NONE',  ( 0.5877617605332572381, 0.1171519153238453487, 1.397761760533257958 ) ) ;
#194 = DIRECTION ( 'NONE',  ( 0.9975640502598246417, 0.06975647374412033419, 0.000000000000000000 ) ) ;
#195 = ORIENTED_EDGE ( 'NONE', *, *, #599, .T. ) ;
#196 = CARTESIAN_POINT ( 'NONE',  ( -0.8774999999999998357, 0.3699999999999860067, 0.7500000000000000000 ) ) ;
#197 = DIRECTION ( 'NONE',  ( 1.000000000000000000, 0.000000000000000000, -0.000000000000000000 ) ) ;
#198 = AXIS2_PLACEMENT_3D ( 'NONE', #773, #1674, #901 ) ;
#199 = ORIENTED_EDGE ( 'NONE', *, *, #1041, .F. ) ;
#200 = CARTESIAN_POINT ( 'NONE',  ( -0.8774999999999998357, 0.3699999999999860067, -0.7500000000000000000 ) ) ;
#201 = DIRECTION ( 'NONE',  ( -0.000000000000000000, -0.000000000000000000, -1.000000000000000000 ) ) ;
#202 = VECTOR ( 'NONE', #728, 1000.000000000000227 ) ;
#203 = DIRECTION ( 'NONE',  ( -1.000000000000000000, 0.000000000000000000, 0.000000000000000000 ) ) ;
#204 = ADVANCED_FACE ( 'NONE', ( #1396 ), #21, .F. ) ;
#205 = AXIS2_PLACEMENT_3D ( 'NONE', #1894, #1119, #1739 ) ;
#206 = APPLICATION_PROTOCOL_DEFINITION ( 'draft international standard', 'automotive_design', 1998, #1832 ) ;
#207 = AXIS2_PLACEMENT_3D ( 'NONE', #1204, #450, #724 ) ;
#208 = ORIENTED_EDGE ( 'NONE', *, *, #473, .F. ) ;
#209 = EDGE_CURVE ( 'NONE', #1287, #1064, #1109, .T. ) ;
#210 = EDGE_CURVE ( 'NONE', #1917, #777, #1253, .T. ) ;
#211 = DIRECTION ( 'NONE',  ( 0.000000000000000000, 0.000000000000000000, 1.000000000000000000 ) ) ;
#212 = DIRECTION ( 'NONE',  ( -0.000000000000000000, -0.000000000000000000, -1.000000000000000000 ) ) ;
#213 = VECTOR ( 'NONE', #1879, 1000.000000000000000 ) ;
#214 = ORIENTED_EDGE ( 'NONE', *, *, #1883, .F. ) ;
#215 = VECTOR ( 'NONE', #1780, 1000.000000000000114 ) ;
#216 = EDGE_CURVE ( 'NONE', #719, #1459, #1871, .T. ) ;
#217 = CARTESIAN_POINT ( 'NONE',  ( -0.3999999999999999667, 1.070000000000000284, -1.209999999999999742 ) ) ;
#218 = CARTESIAN_POINT ( 'NONE',  ( -0.6874999999999997780, 0.5599999999999860645, -0.7500000000000000000 ) ) ;
#219 = DIRECTION ( 'NONE',  ( -0.000000000000000000, -0.000000000000000000, 1.000000000000000000 ) ) ;
#220 = ORIENTED_EDGE ( 'NONE', *, *, #660, .T. ) ;
#221 = CARTESIAN_POINT ( 'NONE',  ( -0.5773461991129278381, 1.076958655048003255, -1.387346199112927447 ) ) ;
#222 = LINE ( 'NONE', #61, #932 ) ;
#223 = DIRECTION ( 'NONE',  ( -0.1391731009600696845, 0.9902680687415698069, 0.000000000000000000 ) ) ;
#224 = EDGE_CURVE ( 'NONE', #989, #1788, #1438, .T. ) ;
#225 = EDGE_CURVE ( 'NONE', #362, #1235, #415, .T. ) ;
#226 = ORIENTED_EDGE ( 'NONE', *, *, #1366, .T. ) ;
#227 = CARTESIAN_POINT ( 'NONE',  ( -0.9561818345681925013, 0.01549244315827741532, 0.7500000000000000000 ) ) ;
#228 = LINE ( 'NONE', #673, #5 ) ;
#229 = PRODUCT ( 'BC846B RF', 'BC846B RF', '', ( #846 ) ) ;
#230 = DIRECTION ( 'NONE',  ( 0.000000000000000000, 1.000000000000000000, 0.000000000000000000 ) ) ;
#231 = VERTEX_POINT ( 'NONE', #1599 ) ;
#232 = FACE_OUTER_BOUND ( 'NONE', #1778, .T. ) ;
#233 = CARTESIAN_POINT ( 'NONE',  ( -0.6874999999999997780, 0.3699999999999860067, 1.149999999999999911 ) ) ;
#234 = ORIENTED_EDGE ( 'NONE', *, *, #854, .T. ) ;
#235 =( GEOMETRIC_REPRESENTATION_CONTEXT ( 3 ) GLOBAL_UNCERTAINTY_ASSIGNED_CONTEXT ( ( #62 ) ) GLOBAL_UNIT_ASSIGNED_CONTEXT ( ( #935, #1717, #341 ) ) REPRESENTATION_CONTEXT ( 'NONE', 'WORKASPACE' ) );
#236 = PLANE ( 'NONE',  #1561 ) ;
#237 = DIRECTION ( 'NONE',  ( 0.9902680687415708061, 0.1391731009600623570, -0.000000000000000000 ) ) ;
#238 = ORIENTED_EDGE ( 'NONE', *, *, #1499, .T. ) ;
#239 = ORIENTED_EDGE ( 'NONE', *, *, #1499, .F. ) ;
#240 = CARTESIAN_POINT ( 'NONE',  ( -0.7374999999999997113, 0.3699999999999860067, 0.7500000000000000000 ) ) ;
#241 = VECTOR ( 'NONE', #1653, 1000.000000000000000 ) ;
#242 = CARTESIAN_POINT ( 'NONE',  ( -0.6874999999999997780, 0.3699999999999860067, -0.7500000000000000000 ) ) ;
#243 = ORIENTED_EDGE ( 'NONE', *, *, #12, .F. ) ;
#244 = EDGE_CURVE ( 'NONE', #1962, #799, #1088, .T. ) ;
#245 = VECTOR ( 'NONE', #1861, 1000.000000000000000 ) ;
#246 = CARTESIAN_POINT ( 'NONE',  ( -0.5418868791460881296, 0.1000000000000000472, -1.351886879146087850 ) ) ;
#247 = VECTOR ( 'NONE', #338, 1000.000000000000000 ) ;
#248 = ADVANCED_FACE ( 'NONE', ( #1762 ), #512, .F. ) ;
#249 = EDGE_CURVE ( 'NONE', #856, #857, #222, .T. ) ;
#250 = LINE ( 'NONE', #1965, #202 ) ;
#251 = VERTEX_POINT ( 'NONE', #669 ) ;
#252 = ORIENTED_EDGE ( 'NONE', *, *, #1542, .F. ) ;
#253 = DIRECTION ( 'NONE',  ( -0.000000000000000000, 1.000000000000000000, -0.000000000000000000 ) ) ;
#254 = FACE_OUTER_BOUND ( 'NONE', #577, .T. ) ;
#255 = VERTEX_POINT ( 'NONE', #373 ) ;
#256 = PLANE ( 'NONE',  #1783 ) ;
#257 = LINE ( 'NONE', #278, #682 ) ;
#258 = ORIENTED_EDGE ( 'NONE', *, *, #1440, .T. ) ;
#259 = ORIENTED_EDGE ( 'NONE', *, *, #837, .F. ) ;
#260 =( LENGTH_UNIT ( ) NAMED_UNIT ( * ) SI_UNIT ( .MILLI., .METRE. ) );
#261 =( BOUNDED_CURVE ( )  B_SPLINE_CURVE ( 3, ( #586, #132, #1971, #1483 ),
 .UNSPECIFIED., .F., .F. ) 
 B_SPLINE_CURVE_WITH_KNOTS ( ( 4, 4 ),
 ( 0.1396263401595425890, 1.570796326794896558 ),
 .UNSPECIFIED. ) 
 CURVE ( )  GEOMETRIC_REPRESENTATION_ITEM ( )  RATIONAL_B_SPLINE_CURVE ( ( 1.000000000000000000, 0.8364730534818471952, 0.8364730534818471952, 1.000000000000000000 ) ) 
 REPRESENTATION_ITEM ( '' )  );
#262 = LINE ( 'NONE', #868, #1825 ) ;
#263 = ORIENTED_EDGE ( 'NONE', *, *, #184, .F. ) ;
#264 = CARTESIAN_POINT ( 'NONE',  ( 0.5945167397724616665, 0.1652160900778142927, -1.404516739772461165 ) ) ;
#265 = DIRECTION ( 'NONE',  ( -0.000000000000000000, -0.000000000000000000, 1.000000000000000000 ) ) ;
#266 = ORIENTED_EDGE ( 'NONE', *, *, #534, .T. ) ;
#267 = VERTEX_POINT ( 'NONE', #563 ) ;
#268 = DIRECTION ( 'NONE',  ( -0.000000000000000000, -0.000000000000000000, -1.000000000000000000 ) ) ;
#269 = CARTESIAN_POINT ( 'NONE',  ( 0.6875000000000002220, 0.4199999999999862732, 0.2000000000000000111 ) ) ;
#270 = ADVANCED_FACE ( 'NONE', ( #407 ), #1797, .F. ) ;
#271 = AXIS2_PLACEMENT_3D ( 'NONE', #1877, #1454, #836 ) ;
#272 = EDGE_CURVE ( 'NONE', #902, #1161, #841, .T. ) ;
#273 = FILL_AREA_STYLE ('',( #143 ) ) ;
#274 = VECTOR ( 'NONE', #1905, 1000.000000000000114 ) ;
#275 = VERTEX_POINT ( 'NONE', #75 ) ;
#276 = AXIS2_PLACEMENT_3D ( 'NONE', #1066, #1095, #1705 ) ;
#277 = CARTESIAN_POINT ( 'NONE',  ( -1.177734093675823157, -2.251356057640056715E-16, 0.7500000000000000000 ) ) ;
#278 = CARTESIAN_POINT ( 'NONE',  ( -0.9659477408923691222, 0.1551514101946531721, 0.7500000000000000000 ) ) ;
#279 = VERTEX_POINT ( 'NONE', #1017 ) ;
#280 = CIRCLE ( 'NONE', #1497, 0.1000000000000000472 ) ;
#281 = ORIENTED_EDGE ( 'NONE', *, *, #712, .F. ) ;
#282 = SURFACE_STYLE_FILL_AREA ( #112 ) ;
#283 = DIRECTION ( 'NONE',  ( 0.000000000000000000, 0.000000000000000000, 1.000000000000000000 ) ) ;
#284 = ORIENTED_EDGE ( 'NONE', *, *, #210, .T. ) ;
#285 = DIRECTION ( 'NONE',  ( 0.000000000000000000, 0.000000000000000000, -1.000000000000000000 ) ) ;
#286 = CARTESIAN_POINT ( 'NONE',  ( -0.6303242831416646652, 0.4199999999999860512, 1.149999999999999911 ) ) ;
#287 = DIRECTION ( 'NONE',  ( -0.9975640502598246417, -0.06975647374411866886, 0.000000000000000000 ) ) ;
#288 = ORIENTED_EDGE ( 'NONE', *, *, #353, .T. ) ;
#289 = ORIENTED_EDGE ( 'NONE', *, *, #1100, .F. ) ;
#290 = SURFACE_STYLE_USAGE ( .BOTH. , #1175 ) ;
#291 = DIRECTION ( 'NONE',  ( 1.000000000000000000, 1.807003620809381659E-15, -0.000000000000000000 ) ) ;
#292 = VERTEX_POINT ( 'NONE', #1642 ) ;
#293 = EDGE_CURVE ( 'NONE', #371, #231, #1448, .T. ) ;
#294 = EDGE_CURVE ( 'NONE', #1409, #30, #257, .T. ) ;
#295 = DIRECTION ( 'NONE',  ( -0.1391731009600696845, 0.9902680687415698069, 0.000000000000000000 ) ) ;
#296 = LINE ( 'NONE', #1240, #140 ) ;
#297 = VERTEX_POINT ( 'NONE', #734 ) ;
#298 = ORIENTED_EDGE ( 'NONE', *, *, #1188, .F. ) ;
#299 = DIRECTION ( 'NONE',  ( 1.807003620809381659E-15, -1.000000000000000000, 0.000000000000000000 ) ) ;
#300 = LINE ( 'NONE', #1853, #342 ) ;
#301 = ORIENTED_EDGE ( 'NONE', *, *, #1014, .T. ) ;
#302 = LINE ( 'NONE', #907, #1709 ) ;
#303 = STYLED_ITEM ( 'NONE', ( #960 ), #1385 ) ;
#304 = CLOSED_SHELL ( 'NONE', ( #1228, #1991, #951, #974, #1249, #1189, #1227, #1215, #661, #1696, #35, #125, #832, #1859, #333, #393, #1671, #725, #105, #1139, #620 ) ) ;
#305 = DIRECTION ( 'NONE',  ( 0.000000000000000000, 0.000000000000000000, -1.000000000000000000 ) ) ;
#306 = CARTESIAN_POINT ( 'NONE',  ( 0.6499999999999999112, 0.5599999999999860645, 1.460000000000000187 ) ) ;
#307 = ADVANCED_FACE ( 'NONE', ( #118 ), #1344, .F. ) ;
#308 = EDGE_CURVE ( 'NONE', #927, #1564, #1957, .T. ) ;
#309 = ORIENTED_EDGE ( 'NONE', *, *, #803, .T. ) ;
#310 = EDGE_LOOP ( 'NONE', ( #1181, #498, #587, #1295 ) ) ;
#311 = CARTESIAN_POINT ( 'NONE',  ( -0.7374999999999994893, 0.2500000000000000000, 0.7500000000000000000 ) ) ;
#312 = CARTESIAN_POINT ( 'NONE',  ( -0.6500000000000001332, 0.5599999999999860645, 0.7500000000000000000 ) ) ;
#313 = AXIS2_PLACEMENT_3D ( 'NONE', #1309, #524, #1143 ) ;
#314 = VERTEX_POINT ( 'NONE', #818 ) ;
#315 = DIRECTION ( 'NONE',  ( -0.9902680687415708061, 0.1391731009600623570, 0.000000000000000000 ) ) ;
#316 = LINE ( 'NONE', #306, #1326 ) ;
#317 = DIRECTION ( 'NONE',  ( 0.000000000000000000, 1.000000000000000000, 0.000000000000000000 ) ) ;
#318 = DIRECTION ( 'NONE',  ( 1.000000000000000000, 0.000000000000000000, 0.000000000000000000 ) ) ;
#319 = VERTEX_POINT ( 'NONE', #717 ) ;
#320 = EDGE_LOOP ( 'NONE', ( #343, #1182, #816, #148 ) ) ;
#321 = DIRECTION ( 'NONE',  ( 1.000000000000000000, -2.710505431214075841E-15, 0.000000000000000000 ) ) ;
#322 = VERTEX_POINT ( 'NONE', #1585 ) ;
#323 = CARTESIAN_POINT ( 'NONE',  ( 0.6500000000000001332, 0.5599999999999862865, 0.2000000000000000111 ) ) ;
#324 = CARTESIAN_POINT ( 'NONE',  ( 0.5418868791460879075, 0.1500000000000000500, 0.000000000000000000 ) ) ;
#325 = FACE_OUTER_BOUND ( 'NONE', #735, .T. ) ;
#326 = DIRECTION ( 'NONE',  ( 0.000000000000000000, -1.000000000000000000, 0.000000000000000000 ) ) ;
#327 = MECHANICAL_DESIGN_GEOMETRIC_PRESENTATION_REPRESENTATION (  '', ( #78 ), #579 ) ;
#328 = ORIENTED_EDGE ( 'NONE', *, *, #123, .F. ) ;
#329 = ADVANCED_FACE ( 'NONE', ( #525 ), #1966, .F. ) ;
#330 = VECTOR ( 'NONE', #582, 1000.000000000000227 ) ;
#331 = CARTESIAN_POINT ( 'NONE',  ( -0.6500000000000001332, 0.5599999999999860645, 0.7500000000000000000 ) ) ;
#332 = EDGE_CURVE ( 'NONE', #887, #32, #1333, .T. ) ;
#333 = ADVANCED_FACE ( 'NONE', ( #423 ), #1736, .T. ) ;
#334 = ORIENTED_EDGE ( 'NONE', *, *, #1250, .F. ) ;
#335 = AXIS2_PLACEMENT_3D ( 'NONE', #1868, #457, #481 ) ;
#336 = CARTESIAN_POINT ( 'NONE',  ( -1.177734093675823157, -2.251356057640056715E-16, -1.149999999999999911 ) ) ;
#337 = LINE ( 'NONE', #1232, #365 ) ;
#338 = DIRECTION ( 'NONE',  ( -0.000000000000000000, -0.000000000000000000, 1.000000000000000000 ) ) ;
#339 = ORIENTED_EDGE ( 'NONE', *, *, #1485, .T. ) ;
#340 =( GEOMETRIC_REPRESENTATION_CONTEXT ( 3 ) GLOBAL_UNCERTAINTY_ASSIGNED_CONTEXT ( ( #1285 ) ) GLOBAL_UNIT_ASSIGNED_CONTEXT ( ( #260, #1020, #858 ) ) REPRESENTATION_CONTEXT ( 'NONE', 'WORKASPACE' ) );
#341 =( NAMED_UNIT ( * ) SI_UNIT ( $, .STERADIAN. ) SOLID_ANGLE_UNIT ( ) );
#342 = VECTOR ( 'NONE', #1690, 1000.000000000000000 ) ;
#343 = ORIENTED_EDGE ( 'NONE', *, *, #1907, .T. ) ;
#344 = VECTOR ( 'NONE', #1819, 1000.000000000000000 ) ;
#345 = DIRECTION ( 'NONE',  ( 0.000000000000000000, 0.000000000000000000, 1.000000000000000000 ) ) ;
#346 = DIRECTION ( 'NONE',  ( -1.000000000000000000, 0.000000000000000000, 0.000000000000000000 ) ) ;
#347 = ORIENTED_EDGE ( 'NONE', *, *, #1276, .F. ) ;
#348 = CARTESIAN_POINT ( 'NONE',  ( -0.6874999999999997780, 0.4199999999999861067, 0.7500000000000000000 ) ) ;
#349 = DIRECTION ( 'NONE',  ( 9.035018104046912237E-16, 1.000000000000000000, 0.000000000000000000 ) ) ;
#350 = VERTEX_POINT ( 'NONE', #1510 ) ;
#351 = DIRECTION ( 'NONE',  ( 1.000000000000000000, 0.000000000000000000, 0.000000000000000000 ) ) ;
#352 = FACE_OUTER_BOUND ( 'NONE', #523, .T. ) ;
#353 = EDGE_CURVE ( 'NONE', #1107, #764, #27, .T. ) ;
#354 = ORIENTED_EDGE ( 'NONE', *, *, #1484, .T. ) ;
#355 = EDGE_CURVE ( 'NONE', #522, #297, #296, .T. ) ;
#356 = CARTESIAN_POINT ( 'NONE',  ( -0.6500000000000001332, 0.5599999999999860645, -1.149999999999999911 ) ) ;
#357 = EDGE_LOOP ( 'NONE', ( #1387, #1628, #1047, #1655 ) ) ;
#358 = DIRECTION ( 'NONE',  ( -0.000000000000000000, -0.000000000000000000, -1.000000000000000000 ) ) ;
#359 = CARTESIAN_POINT ( 'NONE',  ( -1.187500000000000000, 0.1396589670363753144, -0.7500000000000000000 ) ) ;
#360 = DIRECTION ( 'NONE',  ( 1.000000000000000000, 0.000000000000000000, 0.000000000000000000 ) ) ;
#361 = VECTOR ( 'NONE', #500, 1000.000000000000000 ) ;
#362 = VERTEX_POINT ( 'NONE', #174 ) ;
#363 = FACE_OUTER_BOUND ( 'NONE', #1451, .T. ) ;
#364 = CARTESIAN_POINT ( 'NONE',  ( 0.5773461991129275050, 1.076958655048003255, 1.381297132566660313 ) ) ;
#365 = VECTOR ( 'NONE', #1979, 1000.000000000000114 ) ;
#366 = CARTESIAN_POINT ( 'NONE',  ( -0.9561818345681925013, 0.01549244315827741532, 0.7500000000000000000 ) ) ;
#367 = EDGE_CURVE ( 'NONE', #1512, #350, #1086, .T. ) ;
#368 = VECTOR ( 'NONE', #1919, 1000.000000000000000 ) ;
#369 = EDGE_CURVE ( 'NONE', #856, #1141, #591, .T. ) ;
#370 = ORIENTED_EDGE ( 'NONE', *, *, #925, .T. ) ;
#371 = VERTEX_POINT ( 'NONE', #1404 ) ;
#372 = LINE ( 'NONE', #499, #1916 ) ;
#373 = CARTESIAN_POINT ( 'NONE',  ( 0.8775000000000003908, 0.3699999999999862288, 0.2000000000000000111 ) ) ;
#374 = LINE ( 'NONE', #681, #215 ) ;
#375 = ORIENTED_EDGE ( 'NONE', *, *, #1318, .F. ) ;
#376 = AXIS2_PLACEMENT_3D ( 'NONE', #1468, #212, #1763 ) ;
#377 = DIRECTION ( 'NONE',  ( -0.000000000000000000, -0.000000000000000000, -1.000000000000000000 ) ) ;
#378 = CARTESIAN_POINT ( 'NONE',  ( 0.6875000000000002220, 0.3699999999999862288, 0.2000000000000000111 ) ) ;
#379 = DIRECTION ( 'NONE',  ( 1.000000000000000000, 0.000000000000000000, 0.000000000000000000 ) ) ;
#380 = EDGE_LOOP ( 'NONE', ( #605, #188, #1707, #1940 ) ) ;
#381 = ORIENTED_EDGE ( 'NONE', *, *, #1035, .T. ) ;
#382 = CARTESIAN_POINT ( 'NONE',  ( 0.5737076770630183953, 1.102848084676154805, -1.383707677063017893 ) ) ;
#383 = DIRECTION ( 'NONE',  ( 0.000000000000000000, 0.000000000000000000, 1.000000000000000000 ) ) ;
#384 = ORIENTED_EDGE ( 'NONE', *, *, #559, .F. ) ;
#385 = DIRECTION ( 'NONE',  ( 0.000000000000000000, -0.000000000000000000, -1.000000000000000000 ) ) ;
#386 = DIRECTION ( 'NONE',  ( -9.035018104046912237E-16, -1.000000000000000000, -0.000000000000000000 ) ) ;
#387 = EDGE_LOOP ( 'NONE', ( #731, #381, #1126, #408, #875, #912, #751, #676, #191, #838, #3, #65 ) ) ;
#388 = ORIENTED_EDGE ( 'NONE', *, *, #1967, .F. ) ;
#389 = DIRECTION ( 'NONE',  ( 1.807003620809381659E-15, -1.000000000000000000, 0.000000000000000000 ) ) ;
#390 = LINE ( 'NONE', #1587, #1405 ) ;
#391 = ADVANCED_FACE ( 'NONE', ( #1218 ), #1704, .F. ) ;
#392 = DIRECTION ( 'NONE',  ( -0.1378445374916257848, 0.9808148484639899189, -0.1378445374916257848 ) ) ;
#393 = ADVANCED_FACE ( 'NONE', ( #1391 ), #1063, .T. ) ;
#394 = EDGE_CURVE ( 'NONE', #1564, #1757, #432, .T. ) ;
#395 = VECTOR ( 'NONE', #1849, 999.9999999999998863 ) ;
#396 = FACE_OUTER_BOUND ( 'NONE', #44, .T. ) ;
#397 = DIRECTION ( 'NONE',  ( 0.000000000000000000, 0.000000000000000000, 1.000000000000000000 ) ) ;
#398 = ORIENTED_EDGE ( 'NONE', *, *, #394, .T. ) ;
#399 = ORIENTED_EDGE ( 'NONE', *, *, #537, .F. ) ;
#400 = DIRECTION ( 'NONE',  ( -0.000000000000000000, -0.000000000000000000, -1.000000000000000000 ) ) ;
#401 = VECTOR ( 'NONE', #1984, 1000.000000000000000 ) ;
#402 = VECTOR ( 'NONE', #1050, 1000.000000000000000 ) ;
#403 = DIRECTION ( 'NONE',  ( 1.000000000000000000, 0.000000000000000000, 0.000000000000000000 ) ) ;
#404 = ORIENTED_EDGE ( 'NONE', *, *, #713, .T. ) ;
#405 = DIRECTION ( 'NONE',  ( -0.9902680687415708061, 0.1391731009600625513, 0.000000000000000000 ) ) ;
#406 = DIRECTION ( 'NONE',  ( 0.000000000000000000, 0.000000000000000000, 1.000000000000000000 ) ) ;
#407 = FACE_OUTER_BOUND ( 'NONE', #667, .T. ) ;
#408 = ORIENTED_EDGE ( 'NONE', *, *, #948, .T. ) ;
#409 = ORIENTED_EDGE ( 'NONE', *, *, #1699, .F. ) ;
#410 = DIRECTION ( 'NONE',  ( 0.000000000000000000, 0.000000000000000000, -1.000000000000000000 ) ) ;
#411 = CARTESIAN_POINT ( 'NONE',  ( -0.6500000000000001332, 0.5599999999999860645, -1.149999999999999911 ) ) ;
#412 = ORIENTED_EDGE ( 'NONE', *, *, #1423, .F. ) ;
#413 = EDGE_CURVE ( 'NONE', #825, #1369, #785, .T. ) ;
#414 = CARTESIAN_POINT ( 'NONE',  ( -0.7374999999999997113, 0.2499999999999998335, 0.7500000000000000000 ) ) ;
#415 = LINE ( 'NONE', #1284, #899 ) ;
#416 = EDGE_CURVE ( 'NONE', #624, #545, #1829, .T. ) ;
#417 = ADVANCED_FACE ( 'NONE', ( #1538 ), #1198, .F. ) ;
#418 = EDGE_LOOP ( 'NONE', ( #1328, #1596 ) ) ;
#419 = ORIENTED_EDGE ( 'NONE', *, *, #503, .T. ) ;
#420 = CARTESIAN_POINT ( 'NONE',  ( -0.5278327956758491757, 1.120000000000000107, -1.337832795675848674 ) ) ;
#421 = FACE_OUTER_BOUND ( 'NONE', #1324, .T. ) ;
#422 = CARTESIAN_POINT ( 'NONE',  ( 1.187499999999999556, 0.1396589670363757585, -0.2000000000000000111 ) ) ;
#423 = FACE_OUTER_BOUND ( 'NONE', #1125, .T. ) ;
#424 = ORIENTED_EDGE ( 'NONE', *, *, #1060, .F. ) ;
#425 = ORIENTED_EDGE ( 'NONE', *, *, #451, .T. ) ;
#426 = LINE ( 'NONE', #1807, #623 ) ;
#427 = CARTESIAN_POINT ( 'NONE',  ( -0.5877617605332575712, 0.1171519153238454042, 1.397761760533257291 ) ) ;
#428 = AXIS2_PLACEMENT_3D ( 'NONE', #1032, #406, #1023 ) ;
#429 = VECTOR ( 'NONE', #1283, 1000.000000000000000 ) ;
#430 = AXIS2_PLACEMENT_3D ( 'NONE', #843, #1668, #410 ) ;
#431 = CARTESIAN_POINT ( 'NONE',  ( -0.6874999999999997780, 0.4199999999999861067, -1.149999999999999911 ) ) ;
#432 = LINE ( 'NONE', #1530, #395 ) ;
#433 = ORIENTED_EDGE ( 'NONE', *, *, #1882, .F. ) ;
#434 = AXIS2_PLACEMENT_3D ( 'NONE', #1299, #1450, #1608 ) ;
#435 = ORIENTED_EDGE ( 'NONE', *, *, #1315, .T. ) ;
#436 = CARTESIAN_POINT ( 'NONE',  ( -0.3999999999999999667, 1.120000000000000107, -1.109999999999999654 ) ) ;
#437 = DIRECTION ( 'NONE',  ( -1.000000000000000000, 0.000000000000000000, 0.000000000000000000 ) ) ;
#438 = VECTOR ( 'NONE', #185, 1000.000000000000000 ) ;
#439 = ORIENTED_EDGE ( 'NONE', *, *, #914, .T. ) ;
#440 = SURFACE_SIDE_STYLE ('',( #1826 ) ) ;
#441 = ORIENTED_EDGE ( 'NONE', *, *, #560, .T. ) ;
#442 = LINE ( 'NONE', #1848, #1301 ) ;
#443 = AXIS2_PLACEMENT_3D ( 'NONE', #801, #1268, #1452 ) ;
#444 = CARTESIAN_POINT ( 'NONE',  ( -0.9725802003947938701, 0.2500000000000000000, -0.7500000000000000000 ) ) ;
#445 = ORIENTED_EDGE ( 'NONE', *, *, #184, .T. ) ;
#446 = EDGE_LOOP ( 'NONE', ( #528, #433, #284, #87 ) ) ;
#447 = CARTESIAN_POINT ( 'NONE',  ( 0.8774999999999998357, 0.2500000000000002220, 0.2000000000000000111 ) ) ;
#448 = DIRECTION ( 'NONE',  ( 0.000000000000000000, 1.000000000000000000, -0.000000000000000000 ) ) ;
#449 = ORIENTED_EDGE ( 'NONE', *, *, #1854, .F. ) ;
#450 = DIRECTION ( 'NONE',  ( -0.06975647374411839130, -0.9975640502598247528, 0.000000000000000000 ) ) ;
#451 = EDGE_CURVE ( 'NONE', #1788, #522, #514, .T. ) ;
#452 = EDGE_CURVE ( 'NONE', #1355, #275, #158, .T. ) ;
#453 = DIRECTION ( 'NONE',  ( 0.000000000000000000, 0.000000000000000000, 1.000000000000000000 ) ) ;
#454 = DIRECTION ( 'NONE',  ( -0.000000000000000000, -0.000000000000000000, -1.000000000000000000 ) ) ;
#455 = ORIENTED_EDGE ( 'NONE', *, *, #1078, .T. ) ;
#456 = EDGE_LOOP ( 'NONE', ( #1456, #24, #492, #1275 ) ) ;
#457 = DIRECTION ( 'NONE',  ( 0.000000000000000000, 1.000000000000000000, 0.000000000000000000 ) ) ;
#458 =( NAMED_UNIT ( * ) SI_UNIT ( $, .STERADIAN. ) SOLID_ANGLE_UNIT ( ) );
#459 = AXIS2_PLACEMENT_3D ( 'NONE', #1775, #397, #881 ) ;
#460 = AXIS2_PLACEMENT_3D ( 'NONE', #511, #1108, #1619 ) ;
#461 = DIRECTION ( 'NONE',  ( -1.000000000000000000, 0.000000000000000000, 0.000000000000000000 ) ) ;
#462 = CARTESIAN_POINT ( 'NONE',  ( -0.6500000000000001332, 0.5599999999999860645, 1.149999999999999911 ) ) ;
#463 = ORIENTED_EDGE ( 'NONE', *, *, #1784, .T. ) ;
#464 = COLOUR_RGB ( '',0.7921568627450980005, 0.8196078431372548767, 0.9333333333333333481 ) ;
#465 = DIRECTION ( 'NONE',  ( 0.000000000000000000, 0.000000000000000000, -1.000000000000000000 ) ) ;
#466 = DIRECTION ( 'NONE',  ( 0.000000000000000000, 1.000000000000000000, 0.000000000000000000 ) ) ;
#467 = CIRCLE ( 'NONE', #1434, 0.2350802003947943253 ) ;
#468 = ORIENTED_EDGE ( 'NONE', *, *, #713, .F. ) ;
#469 = DIRECTION ( 'NONE',  ( -1.000000000000000000, 0.000000000000000000, 0.000000000000000000 ) ) ;
#470 = ORIENTED_EDGE ( 'NONE', *, *, #537, .T. ) ;
#471 = LINE ( 'NONE', #1085, #1004 ) ;
#472 = DIRECTION ( 'NONE',  ( -0.9975640502598246417, 0.06975647374412036195, 0.000000000000000000 ) ) ;
#473 = EDGE_CURVE ( 'NONE', #371, #1968, #1684, .T. ) ;
#474 = ADVANCED_FACE ( 'NONE', ( #1208 ), #1052, .F. ) ;
#475 = EDGE_CURVE ( 'NONE', #1325, #371, #715, .T. ) ;
#476 = DIRECTION ( 'NONE',  ( 0.000000000000000000, -1.000000000000000000, 0.000000000000000000 ) ) ;
#477 = ORIENTED_EDGE ( 'NONE', *, *, #833, .T. ) ;
#478 = DIRECTION ( 'NONE',  ( 9.481316825216589442E-16, 1.000000000000000000, 0.000000000000000000 ) ) ;
#479 = VERTEX_POINT ( 'NONE', #603 ) ;
#480 = CARTESIAN_POINT ( 'NONE',  ( 0.9561818345681928344, 0.01549244315827793053, 0.2000000000000000111 ) ) ;
#481 = DIRECTION ( 'NONE',  ( 0.000000000000000000, 0.000000000000000000, 1.000000000000000000 ) ) ;
#482 = CARTESIAN_POINT ( 'NONE',  ( -0.9725802003947938701, 0.2500000000000000000, -1.149999999999999911 ) ) ;
#483 = EDGE_LOOP ( 'NONE', ( #388, #1472, #133, #1007 ) ) ;
#484 = VECTOR ( 'NONE', #349, 1000.000000000000000 ) ;
#485 = ORIENTED_EDGE ( 'NONE', *, *, #925, .F. ) ;
#486 = AXIS2_PLACEMENT_3D ( 'NONE', #733, #237, #845 ) ;
#487 = CARTESIAN_POINT ( 'NONE',  ( -0.6500000000000001332, 0.1430413449519968849, 1.401400282583166845 ) ) ;
#488 = CARTESIAN_POINT ( 'NONE',  ( -0.5914002825831666810, 0.1430413449519969682, 1.401400282583166845 ) ) ;
#489 = DIRECTION ( 'NONE',  ( 0.9975640502598247528, 0.06975647374411841906, 0.000000000000000000 ) ) ;
#490 = DIRECTION ( 'NONE',  ( -1.000000000000000000, 0.000000000000000000, 0.000000000000000000 ) ) ;
#491 = PRODUCT_DEFINITION_FORMATION_WITH_SPECIFIED_SOURCE ( 'ANY', '', #229, .NOT_KNOWN. ) ;
#492 = ORIENTED_EDGE ( 'NONE', *, *, #619, .F. ) ;
#493 = EDGE_CURVE ( 'NONE', #990, #1656, #316, .T. ) ;
#494 = ADVANCED_FACE ( 'NONE', ( #920 ), #15, .F. ) ;
#495 = LINE ( 'NONE', #986, #274 ) ;
#496 = CARTESIAN_POINT ( 'NONE',  ( 0.000000000000000000, 1.070000000000000284, 1.337832795675849118 ) ) ;
#497 = CARTESIAN_POINT ( 'NONE',  ( -0.7374999999999997113, 0.3699999999999860067, 0.7500000000000000000 ) ) ;
#498 = ORIENTED_EDGE ( 'NONE', *, *, #1002, .F. ) ;
#499 = CARTESIAN_POINT ( 'NONE',  ( -0.6500000000000001332, 0.5599999999999860645, 1.460000000000000187 ) ) ;
#500 = DIRECTION ( 'NONE',  ( -0.000000000000000000, -0.000000000000000000, 1.000000000000000000 ) ) ;
#501 = CARTESIAN_POINT ( 'NONE',  ( -0.3999999999999999667, 1.070000000000000284, -1.109999999999999654 ) ) ;
#502 = VERTEX_POINT ( 'NONE', #336 ) ;
#503 = EDGE_CURVE ( 'NONE', #1409, #1566, #228, .T. ) ;
#504 = EDGE_CURVE ( 'NONE', #1025, #1873, #1247, .T. ) ;
#505 = CYLINDRICAL_SURFACE ( 'NONE', #1946, 0.1000000000000000472 ) ;
#506 = CARTESIAN_POINT ( 'NONE',  ( -0.5773461991129277271, 1.076958655048003255, -1.381297132566660091 ) ) ;
#507 = PLANE ( 'NONE',  #1067 ) ;
#508 = FILL_AREA_STYLE ('',( #1910 ) ) ;
#509 = ORIENTED_EDGE ( 'NONE', *, *, #594, .F. ) ;
#510 = ORIENTED_EDGE ( 'NONE', *, *, #1726, .T. ) ;
#511 = CARTESIAN_POINT ( 'NONE',  ( -0.3999999999999999667, 1.120000000000000107, -1.209999999999999742 ) ) ;
#512 = PLANE ( 'NONE',  #1547 ) ;
#513 = FACE_OUTER_BOUND ( 'NONE', #1375, .T. ) ;
#514 = CIRCLE ( 'NONE', #1059, 0.05000000000000002359 ) ;
#515 = AXIS2_PLACEMENT_3D ( 'NONE', #1804, #981, #128 ) ;
#516 = ORIENTED_EDGE ( 'NONE', *, *, #1402, .T. ) ;
#517 = DIRECTION ( 'NONE',  ( -0.1391731009600696845, -0.9902680687415698069, -0.000000000000000000 ) ) ;
#518 = DIRECTION ( 'NONE',  ( -0.000000000000000000, -0.000000000000000000, -1.000000000000000000 ) ) ;
#519 = VECTOR ( 'NONE', #995, 1000.000000000000000 ) ;
#520 = CARTESIAN_POINT ( 'NONE',  ( 0.000000000000000000, 1.120000000000000107, 0.000000000000000000 ) ) ;
#521 = VECTOR ( 'NONE', #52, 1000.000000000000000 ) ;
#522 = VERTEX_POINT ( 'NONE', #1104 ) ;
#523 = EDGE_LOOP ( 'NONE', ( #1446, #574, #1013, #937, #1644, #38, #748, #1281, #102, #130, #214, #1505 ) ) ;
#524 = DIRECTION ( 'NONE',  ( -0.000000000000000000, -0.000000000000000000, -1.000000000000000000 ) ) ;
#525 = FACE_OUTER_BOUND ( 'NONE', #645, .T. ) ;
#526 = CYLINDRICAL_SURFACE ( 'NONE', #376, 0.1900000000000000577 ) ;
#527 = CIRCLE ( 'NONE', #1494, 0.1000000000000000472 ) ;
#528 = ORIENTED_EDGE ( 'NONE', *, *, #416, .F. ) ;
#529 = CIRCLE ( 'NONE', #1661, 0.1900000000000000577 ) ;
#530 = FACE_OUTER_BOUND ( 'NONE', #1805, .T. ) ;
#531 = LINE ( 'NONE', #1313, #1147 ) ;
#532 = AXIS2_PLACEMENT_3D ( 'NONE', #759, #317, #786 ) ;
#533 = LINE ( 'NONE', #988, #551 ) ;
#534 = EDGE_CURVE ( 'NONE', #1601, #1355, #664, .T. ) ;
#535 = ORIENTED_EDGE ( 'NONE', *, *, #867, .F. ) ;
#536 = ORIENTED_EDGE ( 'NONE', *, *, #890, .F. ) ;
#537 = EDGE_CURVE ( 'NONE', #479, #1025, #1895, .T. ) ;
#538 = LINE ( 'NONE', #979, #1488 ) ;
#539 = ADVANCED_FACE ( 'NONE', ( #352 ), #961, .T. ) ;
#540 = CARTESIAN_POINT ( 'NONE',  ( -0.000000000000000000, 0.1500000000000000500, -1.351886879146087850 ) ) ;
#541 = ORIENTED_EDGE ( 'NONE', *, *, #770, .T. ) ;
#542 = CARTESIAN_POINT ( 'NONE',  ( 0.8775000000000003908, 0.3699999999999862288, 0.2000000000000000111 ) ) ;
#543 = DIRECTION ( 'NONE',  ( -1.000000000000000000, 0.000000000000000000, 0.000000000000000000 ) ) ;
#544 = ORIENTED_EDGE ( 'NONE', *, *, #1219, .T. ) ;
#545 = VERTEX_POINT ( 'NONE', #1603 ) ;
#546 = CARTESIAN_POINT ( 'NONE',  ( 0.6875000000000002220, 0.5599999999999862865, 0.2000000000000000111 ) ) ;
#547 = CARTESIAN_POINT ( 'NONE',  ( -1.187500000000000000, 0.1396589670363753144, -1.149999999999999911 ) ) ;
#548 = ORIENTED_EDGE ( 'NONE', *, *, #771, .T. ) ;
#549 = DIRECTION ( 'NONE',  ( 0.000000000000000000, -1.000000000000000000, 0.000000000000000000 ) ) ;
#550 = LINE ( 'NONE', #1006, #1033 ) ;
#551 = VECTOR ( 'NONE', #1136, 1000.000000000000000 ) ;
#552 = ORIENTED_EDGE ( 'NONE', *, *, #1883, .T. ) ;
#553 = EDGE_LOOP ( 'NONE', ( #1209, #226, #584, #535 ) ) ;
#554 = DIRECTION ( 'NONE',  ( -0.000000000000000000, -0.000000000000000000, 1.000000000000000000 ) ) ;
#555 = CLOSED_SHELL ( 'NONE', ( #570, #248, #494, #1761, #1570, #162, #1168, #1441, #417, #67, #746, #686, #37, #855 ) ) ;
#556 = DIRECTION ( 'NONE',  ( -0.9975640502598246417, -0.06975647374411866886, -0.000000000000000000 ) ) ;
#557 = EDGE_CURVE ( 'NONE', #1873, #1701, #1361, .T. ) ;
#558 = DIRECTION ( 'NONE',  ( -0.000000000000000000, 0.000000000000000000, -1.000000000000000000 ) ) ;
#559 = EDGE_CURVE ( 'NONE', #1141, #923, #972, .T. ) ;
#560 = EDGE_CURVE ( 'NONE', #275, #964, #939, .T. ) ;
#561 = AXIS2_PLACEMENT_3D ( 'NONE', #1495, #1049, #1792 ) ;
#562 = DIRECTION ( 'NONE',  ( -1.000000000000000000, 0.000000000000000000, 0.000000000000000000 ) ) ;
#563 = CARTESIAN_POINT ( 'NONE',  ( -0.9561818345681925013, 0.01549244315827741532, 1.149999999999999911 ) ) ;
#564 = ORIENTED_EDGE ( 'NONE', *, *, #1967, .T. ) ;
#565 = ORIENTED_EDGE ( 'NONE', *, *, #889, .T. ) ;
#566 = DIRECTION ( 'NONE',  ( -0.1378445374916255906, 0.9808148484639899189, 0.1378445374916253963 ) ) ;
#567 = CARTESIAN_POINT ( 'NONE',  ( -0.6500000000000001332, 0.5599999999999860645, -0.7500000000000000000 ) ) ;
#568 = PRODUCT_DEFINITION_CONTEXT ( 'detailed design', #1832, 'design' ) ;
#569 = EDGE_CURVE ( 'NONE', #1431, #319, #1867, .T. ) ;
#570 = ADVANCED_FACE ( 'NONE', ( #1732 ), #1412, .T. ) ;
#571 = FACE_OUTER_BOUND ( 'NONE', #93, .T. ) ;
#572 = CARTESIAN_POINT ( 'NONE',  ( -0.6303242831416646652, 0.4199999999999860512, -0.7500000000000000000 ) ) ;
#573 = ORIENTED_EDGE ( 'NONE', *, *, #504, .F. ) ;
#574 = ORIENTED_EDGE ( 'NONE', *, *, #1500, .F. ) ;
#575 = CARTESIAN_POINT ( 'NONE',  ( -0.6874999999999997780, 0.5599999999999860645, 0.7500000000000000000 ) ) ;
#576 = CARTESIAN_POINT ( 'NONE',  ( -0.5418868791460881296, 0.1000000000000000472, 1.351886879146088294 ) ) ;
#577 = EDGE_LOOP ( 'NONE', ( #1670, #1582, #1221, #1019 ) ) ;
#578 = CYLINDRICAL_SURFACE ( 'NONE', #871, 0.05000000000000002359 ) ;
#579 =( GEOMETRIC_REPRESENTATION_CONTEXT ( 3 ) GLOBAL_UNCERTAINTY_ASSIGNED_CONTEXT ( ( #1747 ) ) GLOBAL_UNIT_ASSIGNED_CONTEXT ( ( #124, #609, #1226 ) ) REPRESENTATION_CONTEXT ( 'NONE', 'WORKASPACE' ) );
#580 = VECTOR ( 'NONE', #1519, 1000.000000000000000 ) ;
#581 = PLANE ( 'NONE',  #1393 ) ;
#582 = DIRECTION ( 'NONE',  ( 0.06975647374412032031, -0.9975640502598245307, 0.000000000000000000 ) ) ;
#583 = ORIENTED_EDGE ( 'NONE', *, *, #1318, .T. ) ;
#584 = ORIENTED_EDGE ( 'NONE', *, *, #780, .F. ) ;
#585 = CARTESIAN_POINT ( 'NONE',  ( 0.5450509448071576557, 1.306751329711981491, -1.355050944807157709 ) ) ;
#586 = CARTESIAN_POINT ( 'NONE',  ( 0.5773461991129275050, 1.076958655048003255, 1.387346199112927669 ) ) ;
#587 = ORIENTED_EDGE ( 'NONE', *, *, #1794, .T. ) ;
#588 = CIRCLE ( 'NONE', #1460, 0.1000000000000000472 ) ;
#589 = DIRECTION ( 'NONE',  ( -1.000000000000000000, 0.000000000000000000, 0.000000000000000000 ) ) ;
#590 = LINE ( 'NONE', #891, #1584 ) ;
#591 = LINE ( 'NONE', #136, #1259 ) ;
#592 = AXIS2_PLACEMENT_3D ( 'NONE', #607, #1700, #318 ) ;
#593 = ORIENTED_EDGE ( 'NONE', *, *, #1935, .F. ) ;
#594 = EDGE_CURVE ( 'NONE', #251, #1117, #1577, .T. ) ;
#595 = ORIENTED_EDGE ( 'NONE', *, *, #1907, .F. ) ;
#596 = DIRECTION ( 'NONE',  ( -1.000000000000000000, 0.000000000000000000, 0.000000000000000000 ) ) ;
#597 = CARTESIAN_POINT ( 'NONE',  ( -0.8774999999999999467, 0.3699999999999860067, -0.7500000000000000000 ) ) ;
#598 = VERTEX_POINT ( 'NONE', #218 ) ;
#599 = EDGE_CURVE ( 'NONE', #1148, #362, #58, .T. ) ;
#600 = EDGE_CURVE ( 'NONE', #350, #1369, #1591, .T. ) ;
#601 = CARTESIAN_POINT ( 'NONE',  ( -0.7374999999999994893, 0.2500000000000000000, -0.7500000000000000000 ) ) ;
#602 = FACE_OUTER_BOUND ( 'NONE', #1610, .T. ) ;
#603 = CARTESIAN_POINT ( 'NONE',  ( -0.5914002825831667920, 0.1430413449519969127, -1.401400282583165957 ) ) ;
#604 = EDGE_LOOP ( 'NONE', ( #957, #485, #1345, #73 ) ) ;
#605 = ORIENTED_EDGE ( 'NONE', *, *, #837, .T. ) ;
#606 = CARTESIAN_POINT ( 'NONE',  ( -0.5278327956758491757, 1.120000000000000107, 1.337832795675849118 ) ) ;
#607 = CARTESIAN_POINT ( 'NONE',  ( -0.6874999999999997780, 0.3699999999999860067, 0.7500000000000000000 ) ) ;
#608 = ORIENTED_EDGE ( 'NONE', *, *, #1964, .F. ) ;
#609 =( NAMED_UNIT ( * ) PLANE_ANGLE_UNIT ( ) SI_UNIT ( $, .RADIAN. ) );
#610 = DIRECTION ( 'NONE',  ( -0.1378445374916255906, 0.9808148484639899189, -0.1378445374916253963 ) ) ;
#611 = DIRECTION ( 'NONE',  ( -1.000000000000000000, 0.000000000000000000, 0.000000000000000000 ) ) ;
#612 = ORIENTED_EDGE ( 'NONE', *, *, #560, .F. ) ;
#613 = DIRECTION ( 'NONE',  ( 0.000000000000000000, 1.000000000000000000, 0.000000000000000000 ) ) ;
#614 = LINE ( 'NONE', #6, #756 ) ;
#615 = EDGE_LOOP ( 'NONE', ( #1817, #263, #1541, #632 ) ) ;
#616 = DIRECTION ( 'NONE',  ( -0.1378445374916257848, 0.9808148484639899189, 0.1378445374916257848 ) ) ;
#617 = CIRCLE ( 'NONE', #428, 0.2350802003947944363 ) ;
#618 = VERTEX_POINT ( 'NONE', #1753 ) ;
#619 = EDGE_CURVE ( 'NONE', #255, #314, #1464, .T. ) ;
#620 = ADVANCED_FACE ( 'NONE', ( #1559 ), #793, .T. ) ;
#621 = LINE ( 'NONE', #1857, #752 ) ;
#622 = CARTESIAN_POINT ( 'NONE',  ( 0.6303242831416646652, 0.4199999999999862732, 0.2000000000000000111 ) ) ;
#623 = VECTOR ( 'NONE', #1037, 1000.000000000000000 ) ;
#624 = VERTEX_POINT ( 'NONE', #953 ) ;
#625 = AXIS2_PLACEMENT_3D ( 'NONE', #1906, #518, #1433 ) ;
#626 = VECTOR ( 'NONE', #643, 1000.000000000000000 ) ;
#627 = LINE ( 'NONE', #635, #695 ) ;
#628 =( NAMED_UNIT ( * ) PLANE_ANGLE_UNIT ( ) SI_UNIT ( $, .RADIAN. ) );
#629 = AXIS2_PLACEMENT_3D ( 'NONE', #750, #732, #1337 ) ;
#630 = ORIENTED_EDGE ( 'NONE', *, *, #1061, .F. ) ;
#631 = DIRECTION ( 'NONE',  ( -0.000000000000000000, 1.000000000000000000, -0.000000000000000000 ) ) ;
#632 = ORIENTED_EDGE ( 'NONE', *, *, #1824, .T. ) ;
#633 = FACE_OUTER_BOUND ( 'NONE', #864, .T. ) ;
#634 = DIRECTION ( 'NONE',  ( -0.000000000000000000, -0.000000000000000000, 1.000000000000000000 ) ) ;
#635 = CARTESIAN_POINT ( 'NONE',  ( 0.6499999999999999112, 0.5599999999999860645, -1.459999999999999742 ) ) ;
#636 = CARTESIAN_POINT ( 'NONE',  ( -0.3999999999999999667, 1.120000000000000107, -1.109999999999999654 ) ) ;
#637 = EDGE_LOOP ( 'NONE', ( #398, #1415, #409, #95 ) ) ;
#638 = CARTESIAN_POINT ( 'NONE',  ( -0.6874999999999997780, 0.5599999999999860645, 0.7500000000000000000 ) ) ;
#639 = ORIENTED_EDGE ( 'NONE', *, *, #1011, .T. ) ;
#640 = SURFACE_STYLE_FILL_AREA ( #1602 ) ;
#641 = CARTESIAN_POINT ( 'NONE',  ( -0.5914002825831666810, 0.1430413449519968294, 1.460000000000000187 ) ) ;
#642 = CARTESIAN_POINT ( 'NONE',  ( -0.6500000000000001332, 0.5599999999999860645, 1.460000000000000187 ) ) ;
#643 = DIRECTION ( 'NONE',  ( -0.000000000000000000, -0.000000000000000000, -1.000000000000000000 ) ) ;
#644 = AXIS2_PLACEMENT_3D ( 'NONE', #1115, #650, #469 ) ;
#645 = EDGE_LOOP ( 'NONE', ( #1190, #1300, #1160, #949 ) ) ;
#646 = EDGE_CURVE ( 'NONE', #964, #1057, #1568, .T. ) ;
#647 = CARTESIAN_POINT ( 'NONE',  ( 0.6303242831416646652, 0.4199999999999862732, 0.2000000000000000111 ) ) ;
#648 = VECTOR ( 'NONE', #909, 1000.000000000000000 ) ;
#649 = EDGE_CURVE ( 'NONE', #275, #1008, #706, .T. ) ;
#650 = DIRECTION ( 'NONE',  ( 0.000000000000000000, 0.000000000000000000, -1.000000000000000000 ) ) ;
#651 = ORIENTED_EDGE ( 'NONE', *, *, #1882, .T. ) ;
#652 = VECTOR ( 'NONE', #1697, 1000.000000000000000 ) ;
#653 = DIRECTION ( 'NONE',  ( -0.000000000000000000, -0.000000000000000000, -1.000000000000000000 ) ) ;
#654 = DIRECTION ( 'NONE',  ( 0.9902680687415696958, -0.1391731009600696567, 0.000000000000000000 ) ) ;
#655 = PRODUCT_DEFINITION_SHAPE ( 'NONE', 'NONE',  #1640 ) ;
#656 = DIRECTION ( 'NONE',  ( 0.000000000000000000, 0.000000000000000000, 1.000000000000000000 ) ) ;
#657 = EDGE_LOOP ( 'NONE', ( #1675, #1954, #1884, #565 ) ) ;
#658 = LINE ( 'NONE', #926, #898 ) ;
#659 = CARTESIAN_POINT ( 'NONE',  ( 0.5773461991129275050, 1.076958655048003255, -1.387346199112927447 ) ) ;
#660 = EDGE_CURVE ( 'NONE', #1870, #479, #1904, .T. ) ;
#661 = ADVANCED_FACE ( 'NONE', ( #396 ), #1920, .F. ) ;
#662 = EDGE_LOOP ( 'NONE', ( #548, #1865, #1688, #1131 ) ) ;
#663 = CARTESIAN_POINT ( 'NONE',  ( -0.5418868791460881296, 0.1000000000000000472, 0.000000000000000000 ) ) ;
#664 = LINE ( 'NONE', #364, #1835 ) ;
#665 = DIRECTION ( 'NONE',  ( 9.035018104046912237E-16, 1.000000000000000000, 0.000000000000000000 ) ) ;
#666 = PRESENTATION_STYLE_ASSIGNMENT (( #1293 ) ) ;
#667 = EDGE_LOOP ( 'NONE', ( #77, #1200, #1153, #1334 ) ) ;
#668 = LINE ( 'NONE', #827, #182 ) ;
#669 = CARTESIAN_POINT ( 'NONE',  ( 1.187499999999999556, 0.1396589670363757585, 0.2000000000000000111 ) ) ;
#670 = DIRECTION ( 'NONE',  ( 0.000000000000000000, 1.000000000000000000, 0.000000000000000000 ) ) ;
#671 = EDGE_LOOP ( 'NONE', ( #1687, #1977, #1054, #1523 ) ) ;
#672 = DIRECTION ( 'NONE',  ( -0.000000000000000000, -0.000000000000000000, 1.000000000000000000 ) ) ;
#673 = CARTESIAN_POINT ( 'NONE',  ( -0.9659477408923691222, 0.1551514101946530333, 0.7500000000000000000 ) ) ;
#674 = DIRECTION ( 'NONE',  ( 1.000000000000000000, -0.000000000000000000, -0.000000000000000000 ) ) ;
#675 = SURFACE_STYLE_FILL_AREA ( #508 ) ;
#676 = ORIENTED_EDGE ( 'NONE', *, *, #12, .T. ) ;
#677 = ORIENTED_EDGE ( 'NONE', *, *, #557, .F. ) ;
#678 = DIRECTION ( 'NONE',  ( -0.000000000000000000, -0.000000000000000000, -1.000000000000000000 ) ) ;
#679 = CARTESIAN_POINT ( 'NONE',  ( -0.9659477408923691222, 0.1551514101946531721, -0.7500000000000000000 ) ) ;
#680 = UNCERTAINTY_MEASURE_WITH_UNIT (LENGTH_MEASURE( 1.000000000000000082E-05 ), #805, 'distance_accuracy_value', 'NONE');
#681 = CARTESIAN_POINT ( 'NONE',  ( -1.177734093675823157, -2.251356057640056715E-16, 0.7500000000000000000 ) ) ;
#682 = VECTOR ( 'NONE', #265, 1000.000000000000000 ) ;
#683 = ORIENTED_EDGE ( 'NONE', *, *, #1860, .F. ) ;
#684 = LINE ( 'NONE', #1765, #368 ) ;
#685 = CARTESIAN_POINT ( 'NONE',  ( -0.5914002825831667920, 0.1430413449519969127, -1.401400282583165957 ) ) ;
#686 = ADVANCED_FACE ( 'NONE', ( #1003 ), #1937, .F. ) ;
#687 = AXIS2_PLACEMENT_3D ( 'NONE', #1403, #1828, #772 ) ;
#688 = ADVANCED_FACE ( 'NONE', ( #1624 ), #236, .F. ) ;
#689 = PLANE ( 'NONE',  #1329 ) ;
#690 = CIRCLE ( 'NONE', #1749, 0.05000000000000002359 ) ;
#691 = EDGE_LOOP ( 'NONE', ( #463, #83, #1639, #874 ) ) ;
#692 = ORIENTED_EDGE ( 'NONE', *, *, #1579, .T. ) ;
#693 = DIRECTION ( 'NONE',  ( -1.000000000000000000, -0.000000000000000000, -0.000000000000000000 ) ) ;
#694 = PLANE ( 'NONE',  #1311 ) ;
#695 = VECTOR ( 'NONE', #1833, 1000.000000000000000 ) ;
#696 = STYLED_ITEM ( 'NONE', ( #666 ), #794 ) ;
#697 = EDGE_LOOP ( 'NONE', ( #1830, #1939, #906, #510, #1271, #911, #1679, #455, #541, #1213, #934, #258 ) ) ;
#698 = VECTOR ( 'NONE', #992, 1000.000000000000000 ) ;
#699 = DIRECTION ( 'NONE',  ( -4.517509052023454738E-15, -1.000000000000000000, 0.000000000000000000 ) ) ;
#700 = DIRECTION ( 'NONE',  ( -0.06975647374411841906, 0.9975640502598247528, 0.000000000000000000 ) ) ;
#701 = EDGE_LOOP ( 'NONE', ( #976, #1075, #110, #1048 ) ) ;
#702 = VERTEX_POINT ( 'NONE', #1170 ) ;
#703 = CARTESIAN_POINT ( 'NONE',  ( 0.5418868791460879075, 0.1000000000000000472, -1.351886879146087850 ) ) ;
#704 = DIRECTION ( 'NONE',  ( 0.000000000000000000, 0.000000000000000000, -1.000000000000000000 ) ) ;
#705 = CARTESIAN_POINT ( 'NONE',  ( -0.6500000000000001332, 0.5600000000000124878, -1.459999999999999742 ) ) ;
#706 = LINE ( 'NONE', #99, #940 ) ;
#707 = LINE ( 'NONE', #1501, #519 ) ;
#708 = ORIENTED_EDGE ( 'NONE', *, *, #1289, .F. ) ;
#709 = EDGE_LOOP ( 'NONE', ( #1036, #470, #1307, #309 ) ) ;
#710 = FACE_OUTER_BOUND ( 'NONE', #758, .T. ) ;
#711 = CYLINDRICAL_SURFACE ( 'NONE', #22, 0.04999999999999991257 ) ;
#712 = EDGE_CURVE ( 'NONE', #1481, #1898, #531, .T. ) ;
#713 = EDGE_CURVE ( 'NONE', #1117, #1840, #994, .T. ) ;
#714 = ORIENTED_EDGE ( 'NONE', *, *, #1188, .T. ) ;
#715 = CIRCLE ( 'NONE', #1030, 0.09508020039479428420 ) ;
#716 = FACE_OUTER_BOUND ( 'NONE', #691, .T. ) ;
#717 = CARTESIAN_POINT ( 'NONE',  ( -0.3999999999999999667, 1.120000000000000107, -1.309999999999999831 ) ) ;
#718 = AXIS2_PLACEMENT_3D ( 'NONE', #1113, #1420, #656 ) ;
#719 = VERTEX_POINT ( 'NONE', #1786 ) ;
#720 = ORIENTED_EDGE ( 'NONE', *, *, #369, .F. ) ;
#721 = CARTESIAN_POINT ( 'NONE',  ( -0.9659477408923691222, 0.1551514101946530333, -1.149999999999999911 ) ) ;
#722 = COLOUR_RGB ( '',0.7921568627450980005, 0.8196078431372548767, 0.9333333333333333481 ) ;
#723 = DIRECTION ( 'NONE',  ( 0.000000000000000000, 0.000000000000000000, -1.000000000000000000 ) ) ;
#724 = DIRECTION ( 'NONE',  ( 0.9975640502598247528, -0.06975647374411839130, 0.000000000000000000 ) ) ;
#725 = ADVANCED_FACE ( 'NONE', ( #80 ), #1304, .T. ) ;
#726 = ADVANCED_FACE ( 'NONE', ( #710 ), #1790, .T. ) ;
#727 = VECTOR ( 'NONE', #389, 1000.000000000000000 ) ;
#728 = DIRECTION ( 'NONE',  ( 0.06975647374412032031, -0.9975640502598245307, 0.000000000000000000 ) ) ;
#729 = DIRECTION ( 'NONE',  ( 9.035018104046912237E-16, 1.000000000000000000, 0.000000000000000000 ) ) ;
#730 = ORIENTED_EDGE ( 'NONE', *, *, #1122, .F. ) ;
#731 = ORIENTED_EDGE ( 'NONE', *, *, #1699, .T. ) ;
#732 = DIRECTION ( 'NONE',  ( 0.000000000000000000, 0.000000000000000000, 1.000000000000000000 ) ) ;
#733 = CARTESIAN_POINT ( 'NONE',  ( 0.5712971325666604816, 1.120000000000000107, 0.000000000000000000 ) ) ;
#734 = CARTESIAN_POINT ( 'NONE',  ( -0.6303242831416646652, 0.4199999999999860512, 1.149999999999999911 ) ) ;
#735 = EDGE_LOOP ( 'NONE', ( #1818, #757, #1810, #468, #1442, #1110, #171, #884, #1436, #1258, #809, #155 ) ) ;
#736 = ORIENTED_EDGE ( 'NONE', *, *, #1860, .T. ) ;
#737 = DIRECTION ( 'NONE',  ( -0.000000000000000000, -0.000000000000000000, -1.000000000000000000 ) ) ;
#738 = FACE_OUTER_BOUND ( 'NONE', #1043, .T. ) ;
#739 = ORIENTED_EDGE ( 'NONE', *, *, #768, .F. ) ;
#740 = SURFACE_STYLE_USAGE ( .BOTH. , #869 ) ;
#741 = MANIFOLD_SOLID_BREP ( 'Fillet1', #304 ) ;
#742 = AXIS2_PLACEMENT_3D ( 'NONE', #966, #211, #1230 ) ;
#743 = CARTESIAN_POINT ( 'NONE',  ( -0.9725802003947938701, 0.2500000000000000000, 0.7500000000000000000 ) ) ;
#744 = CARTESIAN_POINT ( 'NONE',  ( -0.8774999999999999467, 0.3699999999999860067, 1.149999999999999911 ) ) ;
#745 = EDGE_CURVE ( 'NONE', #314, #1166, #1970, .T. ) ;
#746 = ADVANCED_FACE ( 'NONE', ( #1162 ), #131, .F. ) ;
#747 = VERTEX_POINT ( 'NONE', #420 ) ;
#748 = ORIENTED_EDGE ( 'NONE', *, *, #1098, .F. ) ;
#749 = DIRECTION ( 'NONE',  ( -0.000000000000000000, 0.000000000000000000, -1.000000000000000000 ) ) ;
#750 = CARTESIAN_POINT ( 'NONE',  ( -0.6874999999999997780, 0.3699999999999860067, -0.7500000000000000000 ) ) ;
#751 = ORIENTED_EDGE ( 'NONE', *, *, #104, .T. ) ;
#752 = VECTOR ( 'NONE', #610, 1000.000000000000227 ) ;
#753 = VECTOR ( 'NONE', #392, 1000.000000000000114 ) ;
#754 = CARTESIAN_POINT ( 'NONE',  ( 1.177734093675822713, 2.638910861438200482E-16, -0.2000000000000000111 ) ) ;
#755 = CARTESIAN_POINT ( 'NONE',  ( -0.9725802003947938701, 0.2500000000000000000, -0.7500000000000000000 ) ) ;
#756 = VECTOR ( 'NONE', #796, 1000.000000000000000 ) ;
#757 = ORIENTED_EDGE ( 'NONE', *, *, #209, .F. ) ;
#758 = EDGE_LOOP ( 'NONE', ( #1222, #630, #544, #370 ) ) ;
#759 = CARTESIAN_POINT ( 'NONE',  ( -0.3999999999999999667, 1.120000000000000107, -1.209999999999999742 ) ) ;
#760 = DIRECTION ( 'NONE',  ( 0.000000000000000000, 0.000000000000000000, 1.000000000000000000 ) ) ;
#761 = ORIENTED_EDGE ( 'NONE', *, *, #1579, .F. ) ;
#762 = CYLINDRICAL_SURFACE ( 'NONE', #172, 0.1000000000000000472 ) ;
#763 = DIRECTION ( 'NONE',  ( 0.000000000000000000, 0.000000000000000000, 1.000000000000000000 ) ) ;
#764 = VERTEX_POINT ( 'NONE', #866 ) ;
#765 = DIRECTION ( 'NONE',  ( 0.000000000000000000, 0.000000000000000000, 1.000000000000000000 ) ) ;
#766 = CARTESIAN_POINT ( 'NONE',  ( 0.6875000000000002220, 0.3699999999999862288, -0.2000000000000000111 ) ) ;
#767 = ORIENTED_EDGE ( 'NONE', *, *, #1517, .F. ) ;
#768 = EDGE_CURVE ( 'NONE', #231, #1526, #1482, .T. ) ;
#769 = DIRECTION ( 'NONE',  ( 2.710505431214075841E-15, 1.000000000000000000, 0.000000000000000000 ) ) ;
#770 = EDGE_CURVE ( 'NONE', #1813, #251, #96, .T. ) ;
#771 = EDGE_CURVE ( 'NONE', #1902, #231, #1820, .T. ) ;
#772 = DIRECTION ( 'NONE',  ( 0.000000000000000000, 0.000000000000000000, 1.000000000000000000 ) ) ;
#773 = CARTESIAN_POINT ( 'NONE',  ( -0.6874999999999997780, 0.4199999999999861067, -0.7500000000000000000 ) ) ;
#774 = AXIS2_PLACEMENT_3D ( 'NONE', #862, #109, #1490 ) ;
#775 = CARTESIAN_POINT ( 'NONE',  ( -0.5278327956758491757, 1.120000000000000107, 1.337832795675849118 ) ) ;
#776 = CARTESIAN_POINT ( 'NONE',  ( 0.5914002825831664589, 0.1430413449519968294, 1.460000000000000187 ) ) ;
#777 = VERTEX_POINT ( 'NONE', #575 ) ;
#778 = FACE_OUTER_BOUND ( 'NONE', #72, .T. ) ;
#779 = AXIS2_PLACEMENT_3D ( 'NONE', #1815, #315, #305 ) ;
#780 = EDGE_CURVE ( 'NONE', #990, #1601, #1646, .T. ) ;
#781 = ORIENTED_EDGE ( 'NONE', *, *, #244, .T. ) ;
#782 = VECTOR ( 'NONE', #1598, 1000.000000000000000 ) ;
#783 = EDGE_CURVE ( 'NONE', #1572, #863, #1506, .T. ) ;
#784 = DIRECTION ( 'NONE',  ( -0.000000000000000000, 0.1391731009600625513, -0.9902680687415708061 ) ) ;
#785 = LINE ( 'NONE', #744, #648 ) ;
#786 = DIRECTION ( 'NONE',  ( 0.000000000000000000, 0.000000000000000000, 1.000000000000000000 ) ) ;
#787 = LINE ( 'NONE', #1563, #247 ) ;
#788 = VECTOR ( 'NONE', #197, 1000.000000000000000 ) ;
#789 = DIRECTION ( 'NONE',  ( -1.000000000000000000, 0.000000000000000000, 0.000000000000000000 ) ) ;
#790 = VECTOR ( 'NONE', #1157, 1000.000000000000000 ) ;
#791 = EDGE_LOOP ( 'NONE', ( #1626, #1605, #831, #1231 ) ) ;
#792 = LINE ( 'NONE', #1134, #1070 ) ;
#793 = CYLINDRICAL_SURFACE ( 'NONE', #1980, 0.04999999999999991257 ) ;
#794 = ADVANCED_BREP_SHAPE_REPRESENTATION ( 'BC846B RF', ( #70, #90, #1385, #741, #111, #1627 ), #154 ) ;
#795 = DIRECTION ( 'NONE',  ( 0.000000000000000000, -1.000000000000000000, 0.000000000000000000 ) ) ;
#796 = DIRECTION ( 'NONE',  ( -0.000000000000000000, -0.000000000000000000, -1.000000000000000000 ) ) ;
#797 = ORIENTED_EDGE ( 'NONE', *, *, #1485, .F. ) ;
#798 = CARTESIAN_POINT ( 'NONE',  ( -0.6874999999999997780, 0.4199999999999861067, 0.7500000000000000000 ) ) ;
#799 = VERTEX_POINT ( 'NONE', #703 ) ;
#800 = LINE ( 'NONE', #1418, #1685 ) ;
#801 = CARTESIAN_POINT ( 'NONE',  ( -0.6874999999999997780, 0.3699999999999860067, 0.7500000000000000000 ) ) ;
#802 = DIRECTION ( 'NONE',  ( -9.035018104046912237E-16, -1.000000000000000000, 0.000000000000000000 ) ) ;
#803 = EDGE_CURVE ( 'NONE', #1008, #1057, #426, .T. ) ;
#804 = EDGE_CURVE ( 'NONE', #314, #120, #1657, .T. ) ;
#805 =( LENGTH_UNIT ( ) NAMED_UNIT ( * ) SI_UNIT ( .MILLI., .METRE. ) );
#806 = VERTEX_POINT ( 'NONE', #436 ) ;
#807 = CARTESIAN_POINT ( 'NONE',  ( 0.9659477408923693442, 0.1551514101946533664, 0.2000000000000000111 ) ) ;
#808 = FACE_OUTER_BOUND ( 'NONE', #483, .T. ) ;
#809 = ORIENTED_EDGE ( 'NONE', *, *, #1397, .F. ) ;
#810 = AXIS2_PLACEMENT_3D ( 'NONE', #1694, #784, #1703 ) ;
#811 = CIRCLE ( 'NONE', #970, 0.05000000000000002359 ) ;
#812 = AXIS2_PLACEMENT_3D ( 'NONE', #107, #558, #1178 ) ;
#813 = LINE ( 'NONE', #1432, #1302 ) ;
#814 = DIRECTION ( 'NONE',  ( -0.000000000000000000, -0.000000000000000000, 1.000000000000000000 ) ) ;
#815 = CARTESIAN_POINT ( 'NONE',  ( 0.6303242831416646652, 0.4199999999999862732, 0.2000000000000000111 ) ) ;
#816 = ORIENTED_EDGE ( 'NONE', *, *, #1121, .F. ) ;
#817 = CARTESIAN_POINT ( 'NONE',  ( -1.187500000000000000, 0.1396589670363753144, 0.7500000000000000000 ) ) ;
#818 = CARTESIAN_POINT ( 'NONE',  ( 0.6875000000000002220, 0.5599999999999862865, 0.2000000000000000111 ) ) ;
#819 = CARTESIAN_POINT ( 'NONE',  ( 0.6499999999999999112, 0.5599999999999860645, 1.460000000000000187 ) ) ;
#820 = VECTOR ( 'NONE', #1310, 1000.000000000000227 ) ;
#821 = ORIENTED_EDGE ( 'NONE', *, *, #493, .T. ) ;
#822 = DIRECTION ( 'NONE',  ( 1.000000000000000000, -0.000000000000000000, -0.000000000000000000 ) ) ;
#823 = DIRECTION ( 'NONE',  ( -0.9975640502598246417, -0.06975647374411866886, -0.000000000000000000 ) ) ;
#824 = CARTESIAN_POINT ( 'NONE',  ( 0.8775000000000003908, 0.3699999999999862288, -0.2000000000000000111 ) ) ;
#825 = VERTEX_POINT ( 'NONE', #1319 ) ;
#826 = ORIENTED_EDGE ( 'NONE', *, *, #1648, .T. ) ;
#827 = CARTESIAN_POINT ( 'NONE',  ( 0.6500000000000001332, 0.5599999999999862865, -0.2000000000000000111 ) ) ;
#828 = DIRECTION ( 'NONE',  ( 0.000000000000000000, 0.000000000000000000, 1.000000000000000000 ) ) ;
#829 = DIRECTION ( 'NONE',  ( 0.000000000000000000, 0.000000000000000000, 1.000000000000000000 ) ) ;
#830 = EDGE_CURVE ( 'NONE', #1806, #1893, #1009, .T. ) ;
#831 = ORIENTED_EDGE ( 'NONE', *, *, #244, .F. ) ;
#832 = ADVANCED_FACE ( 'NONE', ( #1474 ), #176, .T. ) ;
#833 = EDGE_CURVE ( 'NONE', #806, #1606, #527, .T. ) ;
#834 = SURFACE_SIDE_STYLE ('',( #640 ) ) ;
#835 = CARTESIAN_POINT ( 'NONE',  ( 0.5680307390213757968, 0.1000000000000000472, 1.378030739021376405 ) ) ;
#836 = DIRECTION ( 'NONE',  ( -1.000000000000000000, 0.000000000000000000, 0.000000000000000000 ) ) ;
#837 = EDGE_CURVE ( 'NONE', #842, #275, #45, .T. ) ;
#838 = ORIENTED_EDGE ( 'NONE', *, *, #1517, .T. ) ;
#839 = LINE ( 'NONE', #348, #429 ) ;
#840 = DIRECTION ( 'NONE',  ( 0.000000000000000000, 1.000000000000000000, 0.000000000000000000 ) ) ;
#841 = CIRCLE ( 'NONE', #1649, 0.1900000000000000577 ) ;
#842 = VERTEX_POINT ( 'NONE', #606 ) ;
#843 = CARTESIAN_POINT ( 'NONE',  ( 0.000000000000000000, 1.070000000000000284, -1.337832795675848674 ) ) ;
#844 = VECTOR ( 'NONE', #219, 1000.000000000000000 ) ;
#845 = DIRECTION ( 'NONE',  ( 0.000000000000000000, 0.000000000000000000, 1.000000000000000000 ) ) ;
#846 = PRODUCT_CONTEXT ( 'NONE', #931, 'mechanical' ) ;
#847 = ORIENTED_EDGE ( 'NONE', *, *, #660, .F. ) ;
#848 = ORIENTED_EDGE ( 'NONE', *, *, #1823, .T. ) ;
#849 = DIRECTION ( 'NONE',  ( -0.000000000000000000, -0.000000000000000000, 1.000000000000000000 ) ) ;
#850 = CARTESIAN_POINT ( 'NONE',  ( 0.5712971325666604816, 1.120000000000000107, 1.337832795675849118 ) ) ;
#851 = DIRECTION ( 'NONE',  ( 0.9975640502598247528, 0.06975647374411841906, 0.000000000000000000 ) ) ;
#852 = CARTESIAN_POINT ( 'NONE',  ( 0.9659477408923693442, 0.1551514101946533664, -0.2000000000000000111 ) ) ;
#853 = CARTESIAN_POINT ( 'NONE',  ( 0.7374999999999998224, 0.2500000000000001665, 0.2000000000000000111 ) ) ;
#854 = EDGE_CURVE ( 'NONE', #319, #1893, #1105, .T. ) ;
#855 = ADVANCED_FACE ( 'NONE', ( #325 ), #1392, .T. ) ;
#856 = VERTEX_POINT ( 'NONE', #160 ) ;
#857 = VERTEX_POINT ( 'NONE', #1852 ) ;
#858 =( NAMED_UNIT ( * ) SI_UNIT ( $, .STERADIAN. ) SOLID_ANGLE_UNIT ( ) );
#859 = CARTESIAN_POINT ( 'NONE',  ( -0.000000000000000000, 0.1500000000000000500, 1.351886879146088294 ) ) ;
#860 = FACE_OUTER_BOUND ( 'NONE', #697, .T. ) ;
#861 = CYLINDRICAL_SURFACE ( 'NONE', #1199, 0.05000000000000002359 ) ;
#862 = CARTESIAN_POINT ( 'NONE',  ( -0.6303242831416646652, 0.4199999999999860512, -0.7500000000000000000 ) ) ;
#863 = VERTEX_POINT ( 'NONE', #17 ) ;
#864 = EDGE_LOOP ( 'NONE', ( #1466, #1928, #1084, #252 ) ) ;
#865 = EDGE_CURVE ( 'NONE', #618, #945, #1550, .T. ) ;
#866 = CARTESIAN_POINT ( 'NONE',  ( -0.7374999999999997113, 0.3699999999999860067, -1.149999999999999911 ) ) ;
#867 = EDGE_CURVE ( 'NONE', #1057, #990, #627, .T. ) ;
#868 = CARTESIAN_POINT ( 'NONE',  ( -0.9659477408923691222, 0.1551514101946530333, 1.149999999999999911 ) ) ;
#869 = SURFACE_SIDE_STYLE ('',( #1029 ) ) ;
#870 = VECTOR ( 'NONE', #147, 1000.000000000000000 ) ;
#871 = AXIS2_PLACEMENT_3D ( 'NONE', #1662, #285, #589 ) ;
#872 = DIRECTION ( 'NONE',  ( -0.1378445374916257848, -0.9808148484639899189, 0.1378445374916257848 ) ) ;
#873 = CARTESIAN_POINT ( 'NONE',  ( -0.7374999999999997113, 0.2499999999999998335, 1.149999999999999911 ) ) ;
#874 = ORIENTED_EDGE ( 'NONE', *, *, #559, .T. ) ;
#875 = ORIENTED_EDGE ( 'NONE', *, *, #475, .T. ) ;
#876 = DIRECTION ( 'NONE',  ( -0.000000000000000000, -0.000000000000000000, -1.000000000000000000 ) ) ;
#877 = PLANE ( 'NONE',  #561 ) ;
#878 = VECTOR ( 'NONE', #253, 1000.000000000000000 ) ;
#879 = CIRCLE ( 'NONE', #1496, 0.1900000000000000577 ) ;
#880 = VECTOR ( 'NONE', #1507, 1000.000000000000000 ) ;
#881 = DIRECTION ( 'NONE',  ( 1.000000000000000000, 0.000000000000000000, 0.000000000000000000 ) ) ;
#882 = DIRECTION ( 'NONE',  ( 0.000000000000000000, -1.000000000000000000, 0.000000000000000000 ) ) ;
#883 = EDGE_LOOP ( 'NONE', ( #19, #1989, #893, #354 ) ) ;
#884 = ORIENTED_EDGE ( 'NONE', *, *, #1348, .F. ) ;
#885 = DIRECTION ( 'NONE',  ( -1.000000000000000000, 0.000000000000000000, 0.000000000000000000 ) ) ;
#886 = LINE ( 'NONE', #567, #880 ) ;
#887 = VERTEX_POINT ( 'NONE', #1713 ) ;
#888 = VECTOR ( 'NONE', #201, 1000.000000000000000 ) ;
#889 = EDGE_CURVE ( 'NONE', #279, #1287, #1242, .T. ) ;
#890 = EDGE_CURVE ( 'NONE', #1431, #1806, #1924, .T. ) ;
#891 = CARTESIAN_POINT ( 'NONE',  ( -0.3999999999999999667, 1.070000000000000284, -1.309999999999999831 ) ) ;
#892 = DIRECTION ( 'NONE',  ( 0.000000000000000000, 0.000000000000000000, -1.000000000000000000 ) ) ;
#893 = ORIENTED_EDGE ( 'NONE', *, *, #1500, .T. ) ;
#894 = ORIENTED_EDGE ( 'NONE', *, *, #1648, .F. ) ;
#895 = DIRECTION ( 'NONE',  ( -1.807003620809381659E-15, 1.000000000000000000, 0.000000000000000000 ) ) ;
#896 = ORIENTED_EDGE ( 'NONE', *, *, #1612, .T. ) ;
#897 =( NAMED_UNIT ( * ) PLANE_ANGLE_UNIT ( ) SI_UNIT ( $, .RADIAN. ) );
#898 = VECTOR ( 'NONE', #179, 1000.000000000000000 ) ;
#899 = VECTOR ( 'NONE', #1128, 1000.000000000000000 ) ;
#900 = DIRECTION ( 'NONE',  ( -0.000000000000000000, -0.000000000000000000, 1.000000000000000000 ) ) ;
#901 = DIRECTION ( 'NONE',  ( -1.000000000000000000, 9.481316825216589442E-16, 0.000000000000000000 ) ) ;
#902 = VERTEX_POINT ( 'NONE', #28 ) ;
#903 = ORIENTED_EDGE ( 'NONE', *, *, #1011, .F. ) ;
#904 = PLANE ( 'NONE',  #1487 ) ;
#905 =( LENGTH_UNIT ( ) NAMED_UNIT ( * ) SI_UNIT ( .MILLI., .METRE. ) );
#906 = ORIENTED_EDGE ( 'NONE', *, *, #980, .T. ) ;
#907 = CARTESIAN_POINT ( 'NONE',  ( -1.187500000000000000, 0.1396589670363753144, -0.7500000000000000000 ) ) ;
#908 = PLANE ( 'NONE',  #1913 ) ;
#909 = DIRECTION ( 'NONE',  ( 1.807003620809381659E-15, -1.000000000000000000, 0.000000000000000000 ) ) ;
#910 = ADVANCED_FACE ( 'NONE', ( #1223 ), #1248, .T. ) ;
#911 = ORIENTED_EDGE ( 'NONE', *, *, #369, .T. ) ;
#912 = ORIENTED_EDGE ( 'NONE', *, *, #473, .T. ) ;
#913 = CARTESIAN_POINT ( 'NONE',  ( -0.8774999999999999467, 0.3699999999999860067, -0.7500000000000000000 ) ) ;
#914 = EDGE_CURVE ( 'NONE', #1656, #1873, #337, .T. ) ;
#915 = EDGE_CURVE ( 'NONE', #1512, #825, #1080, .T. ) ;
#916 = DIRECTION ( 'NONE',  ( -0.000000000000000000, -0.000000000000000000, -1.000000000000000000 ) ) ;
#917 = ORIENTED_EDGE ( 'NONE', *, *, #1274, .F. ) ;
#918 = CYLINDRICAL_SURFACE ( 'NONE', #963, 0.1000000000000000472 ) ;
#919 = DIRECTION ( 'NONE',  ( 1.000000000000000000, 0.000000000000000000, 0.000000000000000000 ) ) ;
#920 = FACE_OUTER_BOUND ( 'NONE', #1142, .T. ) ;
#921 = CARTESIAN_POINT ( 'NONE',  ( 0.5278327956758489536, 1.120000000000000107, -1.337832795675848674 ) ) ;
#922 = DIRECTION ( 'NONE',  ( 1.000000000000000000, 0.000000000000000000, 0.000000000000000000 ) ) ;
#923 = VERTEX_POINT ( 'NONE', #1689 ) ;
#924 = EDGE_CURVE ( 'NONE', #1152, #279, #1425, .T. ) ;
#925 = EDGE_CURVE ( 'NONE', #719, #989, #1211, .T. ) ;
#926 = CARTESIAN_POINT ( 'NONE',  ( 1.177734093675822713, 2.638910861438200482E-16, 0.2000000000000000111 ) ) ;
#927 = VERTEX_POINT ( 'NONE', #4 ) ;
#928 = DIRECTION ( 'NONE',  ( -0.000000000000000000, -0.000000000000000000, -1.000000000000000000 ) ) ;
#929 = COLOUR_RGB ( '',0.7921568627450980005, 0.8196078431372548767, 0.9333333333333333481 ) ;
#930 = DIRECTION ( 'NONE',  ( -0.06975647374412034807, -0.9975640502598245307, 0.000000000000000000 ) ) ;
#931 = APPLICATION_CONTEXT ( 'automotive_design' ) ;
#932 = VECTOR ( 'NONE', #1746, 1000.000000000000000 ) ;
#933 = CARTESIAN_POINT ( 'NONE',  ( 0.6875000000000002220, 0.3699999999999862288, -0.2000000000000000111 ) ) ;
#934 = ORIENTED_EDGE ( 'NONE', *, *, #924, .T. ) ;
#935 =( LENGTH_UNIT ( ) NAMED_UNIT ( * ) SI_UNIT ( .MILLI., .METRE. ) );
#936 = CIRCLE ( 'NONE', #271, 0.05000000000000002359 ) ;
#937 = ORIENTED_EDGE ( 'NONE', *, *, #216, .F. ) ;
#938 = DIRECTION ( 'NONE',  ( 0.9975640502598246417, 0.06975647374411866886, 0.000000000000000000 ) ) ;
#939 = LINE ( 'NONE', #506, #100 ) ;
#940 = VECTOR ( 'NONE', #1766, 1000.000000000000227 ) ;
#941 = AXIS2_PLACEMENT_3D ( 'NONE', #1834, #1650, #1193 ) ;
#942 = DIRECTION ( 'NONE',  ( -0.000000000000000000, -0.000000000000000000, 1.000000000000000000 ) ) ;
#943 = DIRECTION ( 'NONE',  ( -1.000000000000000000, 0.000000000000000000, 0.000000000000000000 ) ) ;
#944 = AXIS2_PLACEMENT_3D ( 'NONE', #269, #448, #1961 ) ;
#945 = VERTEX_POINT ( 'NONE', #921 ) ;
#946 = DIRECTION ( 'NONE',  ( -0.000000000000000000, -0.000000000000000000, -1.000000000000000000 ) ) ;
#947 = AXIS2_PLACEMENT_3D ( 'NONE', #1941, #554, #885 ) ;
#948 = EDGE_CURVE ( 'NONE', #1417, #1325, #1677, .T. ) ;
#949 = ORIENTED_EDGE ( 'NONE', *, *, #1164, .T. ) ;
#950 = ADVANCED_FACE ( 'NONE', ( #1988 ), #904, .F. ) ;
#951 = ADVANCED_FACE ( 'NONE', ( #1260, #962 ), #507, .F. ) ;
#952 = DIRECTION ( 'NONE',  ( -0.000000000000000000, -0.000000000000000000, -1.000000000000000000 ) ) ;
#953 = CARTESIAN_POINT ( 'NONE',  ( -0.6500000000000001332, 0.5599999999999860645, 1.149999999999999911 ) ) ;
#954 = VECTOR ( 'NONE', #1887, 1000.000000000000000 ) ;
#955 = PLANE ( 'NONE',  #1132 ) ;
#956 = DIRECTION ( 'NONE',  ( 0.000000000000000000, 0.000000000000000000, 1.000000000000000000 ) ) ;
#957 = ORIENTED_EDGE ( 'NONE', *, *, #224, .F. ) ;
#958 = LINE ( 'NONE', #1424, #521 ) ;
#959 = ORIENTED_EDGE ( 'NONE', *, *, #151, .F. ) ;
#960 = PRESENTATION_STYLE_ASSIGNMENT (( #33 ) ) ;
#961 = PLANE ( 'NONE',  #443 ) ;
#962 = FACE_BOUND ( 'NONE', #418, .T. ) ;
#963 = AXIS2_PLACEMENT_3D ( 'NONE', #1536, #631, #1891 ) ;
#964 = VERTEX_POINT ( 'NONE', #973 ) ;
#965 = LINE ( 'NONE', #807, #16 ) ;
#966 = CARTESIAN_POINT ( 'NONE',  ( -0.5418868791460881296, 0.1500000000000000500, 0.000000000000000000 ) ) ;
#967 = FACE_OUTER_BOUND ( 'NONE', #1532, .T. ) ;
#968 = ORIENTED_EDGE ( 'NONE', *, *, #293, .T. ) ;
#969 = VECTOR ( 'NONE', #1305, 999.9999999999998863 ) ;
#970 = AXIS2_PLACEMENT_3D ( 'NONE', #1576, #952, #46 ) ;
#971 = CARTESIAN_POINT ( 'NONE',  ( -0.7374999999999994893, 0.2500000000000000000, -0.7500000000000000000 ) ) ;
#972 = LINE ( 'NONE', #1279, #954 ) ;
#973 = CARTESIAN_POINT ( 'NONE',  ( -0.5773461991129278381, 1.076958655048003255, -1.387346199112927447 ) ) ;
#974 = ADVANCED_FACE ( 'NONE', ( #1269 ), #1604, .T. ) ;
#975 =( NAMED_UNIT ( * ) SI_UNIT ( $, .STERADIAN. ) SOLID_ANGLE_UNIT ( ) );
#976 = ORIENTED_EDGE ( 'NONE', *, *, #1854, .T. ) ;
#977 = ORIENTED_EDGE ( 'NONE', *, *, #272, .F. ) ;
#978 = EDGE_CURVE ( 'NONE', #799, #1701, #533, .T. ) ;
#979 = CARTESIAN_POINT ( 'NONE',  ( -0.6303242831416646652, 0.4199999999999860512, 0.7500000000000000000 ) ) ;
#980 = EDGE_CURVE ( 'NONE', #120, #1481, #1723, .T. ) ;
#981 = DIRECTION ( 'NONE',  ( 1.000000000000000000, 1.807003620809381659E-15, 0.000000000000000000 ) ) ;
#982 = UNCERTAINTY_MEASURE_WITH_UNIT (LENGTH_MEASURE( 1.000000000000000082E-05 ), #1103, 'distance_accuracy_value', 'NONE');
#983 = CARTESIAN_POINT ( 'NONE',  ( -0.6303242831416646652, 0.4199999999999860512, -0.7500000000000000000 ) ) ;
#984 = VECTOR ( 'NONE', #1129, 999.9999999999998863 ) ;
#985 = ORIENTED_EDGE ( 'NONE', *, *, #1791, .F. ) ;
#986 = CARTESIAN_POINT ( 'NONE',  ( -1.177734093675823157, -2.251356057640056715E-16, 1.149999999999999911 ) ) ;
#987 = DIRECTION ( 'NONE',  ( 0.000000000000000000, 0.000000000000000000, 1.000000000000000000 ) ) ;
#988 = CARTESIAN_POINT ( 'NONE',  ( 0.5418868791460879075, 0.1000000000000000472, 0.000000000000000000 ) ) ;
#989 = VERTEX_POINT ( 'NONE', #1413 ) ;
#990 = VERTEX_POINT ( 'NONE', #1151 ) ;
#991 = LINE ( 'NONE', #1770, #727 ) ;
#992 = DIRECTION ( 'NONE',  ( 1.000000000000000000, -0.000000000000000000, -0.000000000000000000 ) ) ;
#993 = ORIENTED_EDGE ( 'NONE', *, *, #493, .F. ) ;
#994 = LINE ( 'NONE', #852, #790 ) ;
#995 = DIRECTION ( 'NONE',  ( -0.000000000000000000, -0.000000000000000000, -1.000000000000000000 ) ) ;
#996 = VERTEX_POINT ( 'NONE', #1594 ) ;
#997 = EDGE_LOOP ( 'NONE', ( #159, #683, #896, #181 ) ) ;
#998 = CARTESIAN_POINT ( 'NONE',  ( -0.3999999999999999667, 1.120000000000000107, -1.209999999999999742 ) ) ;
#999 = DIRECTION ( 'NONE',  ( 1.000000000000000000, 0.000000000000000000, 0.000000000000000000 ) ) ;
#1000 = CARTESIAN_POINT ( 'NONE',  ( -1.177734093675823157, -2.251356057640056715E-16, -0.7500000000000000000 ) ) ;
#1001 = ADVANCED_FACE ( 'NONE', ( #1756 ), #689, .F. ) ;
#1002 = EDGE_CURVE ( 'NONE', #1459, #1788, #59, .T. ) ;
#1003 = FACE_OUTER_BOUND ( 'NONE', #657, .T. ) ;
#1004 = VECTOR ( 'NONE', #1062, 1000.000000000000000 ) ;
#1005 = COLOUR_RGB ( '',0.7921568627450980005, 0.8196078431372548767, 0.9333333333333333481 ) ;
#1006 = CARTESIAN_POINT ( 'NONE',  ( 1.177734093675822713, 2.638910861438200482E-16, 0.2000000000000000111 ) ) ;
#1007 = ORIENTED_EDGE ( 'NONE', *, *, #294, .T. ) ;
#1008 = VERTEX_POINT ( 'NONE', #642 ) ;
#1009 = LINE ( 'NONE', #1629, #878 ) ;
#1010 = DIRECTION ( 'NONE',  ( -0.000000000000000000, -0.000000000000000000, 1.000000000000000000 ) ) ;
#1011 = EDGE_CURVE ( 'NONE', #1806, #1431, #588, .T. ) ;
#1012 = CIRCLE ( 'NONE', #1789, 0.2350802003947944363 ) ;
#1013 = ORIENTED_EDGE ( 'NONE', *, *, #1794, .F. ) ;
#1014 = EDGE_CURVE ( 'NONE', #764, #1812, #936, .T. ) ;
#1015 = EDGE_CURVE ( 'NONE', #1750, #764, #1123, .T. ) ;
#1016 = CARTESIAN_POINT ( 'NONE',  ( -0.6874999999999997780, 0.3699999999999860067, -0.7500000000000000000 ) ) ;
#1017 = CARTESIAN_POINT ( 'NONE',  ( 0.8774999999999998357, 0.2500000000000002220, 0.2000000000000000111 ) ) ;
#1018 = ORIENTED_EDGE ( 'NONE', *, *, #294, .F. ) ;
#1019 = ORIENTED_EDGE ( 'NONE', *, *, #712, .T. ) ;
#1020 =( NAMED_UNIT ( * ) PLANE_ANGLE_UNIT ( ) SI_UNIT ( $, .RADIAN. ) );
#1021 = CARTESIAN_POINT ( 'NONE',  ( -0.3999999999999999667, 1.070000000000000284, -1.109999999999999654 ) ) ;
#1022 = EDGE_LOOP ( 'NONE', ( #516, #1643, #1923, #1399 ) ) ;
#1023 = DIRECTION ( 'NONE',  ( 1.000000000000000000, 0.000000000000000000, 0.000000000000000000 ) ) ;
#1024 = DIRECTION ( 'NONE',  ( 1.000000000000000000, 0.000000000000000000, 0.000000000000000000 ) ) ;
#1025 = VERTEX_POINT ( 'NONE', #488 ) ;
#1026 = ORIENTED_EDGE ( 'NONE', *, *, #225, .T. ) ;
#1027 = CARTESIAN_POINT ( 'NONE',  ( -0.9725802003947938701, 0.2500000000000000000, -1.149999999999999911 ) ) ;
#1028 = PLANE ( 'NONE',  #941 ) ;
#1029 = SURFACE_STYLE_FILL_AREA ( #273 ) ;
#1030 = AXIS2_PLACEMENT_3D ( 'NONE', #755, #454, #1985 ) ;
#1031 = AXIS2_PLACEMENT_3D ( 'NONE', #324, #892, #611 ) ;
#1032 = CARTESIAN_POINT ( 'NONE',  ( -0.9725802003947938701, 0.2500000000000000000, -0.7500000000000000000 ) ) ;
#1033 = VECTOR ( 'NONE', #1625, 1000.000000000000000 ) ;
#1034 = ORIENTED_EDGE ( 'NONE', *, *, #948, .F. ) ;
#1035 = EDGE_CURVE ( 'NONE', #1911, #598, #1922, .T. ) ;
#1036 = ORIENTED_EDGE ( 'NONE', *, *, #10, .F. ) ;
#1037 = DIRECTION ( 'NONE',  ( 0.000000000000000000, 0.000000000000000000, -1.000000000000000000 ) ) ;
#1038 = PLANE ( 'NONE',  #1885 ) ;
#1039 = EDGE_LOOP ( 'NONE', ( #1455, #41, #1316, #651 ) ) ;
#1040 = ADVANCED_FACE ( 'NONE', ( #1571 ), #955, .F. ) ;
#1041 = EDGE_CURVE ( 'NONE', #996, #1734, #1169, .T. ) ;
#1042 = DIRECTION ( 'NONE',  ( 0.06975647374412032031, -0.9975640502598245307, 0.000000000000000000 ) ) ;
#1043 = EDGE_LOOP ( 'NONE', ( #1411, #1018, #419, #1317 ) ) ;
#1044 =( GEOMETRIC_REPRESENTATION_CONTEXT ( 3 ) GLOBAL_UNCERTAINTY_ASSIGNED_CONTEXT ( ( #680 ) ) GLOBAL_UNIT_ASSIGNED_CONTEXT ( ( #805, #1421, #1140 ) ) REPRESENTATION_CONTEXT ( 'NONE', 'WORKASPACE' ) );
#1045 = DIRECTION ( 'NONE',  ( -0.06975647374411841906, 0.9975640502598247528, 0.000000000000000000 ) ) ;
#1046 = CARTESIAN_POINT ( 'NONE',  ( -0.8774999999999999467, 0.3699999999999860067, 0.7500000000000000000 ) ) ;
#1047 = ORIENTED_EDGE ( 'NONE', *, *, #1137, .F. ) ;
#1048 = ORIENTED_EDGE ( 'NONE', *, *, #1423, .T. ) ;
#1049 = DIRECTION ( 'NONE',  ( 0.06975647374411868273, -0.9975640502598247528, 0.000000000000000000 ) ) ;
#1050 = DIRECTION ( 'NONE',  ( -0.000000000000000000, -0.000000000000000000, -1.000000000000000000 ) ) ;
#1051 = DIRECTION ( 'NONE',  ( -0.9975640502598247528, -0.06975647374411841906, 0.000000000000000000 ) ) ;
#1052 = PLANE ( 'NONE',  #198 ) ;
#1053 = ORIENTED_EDGE ( 'NONE', *, *, #980, .F. ) ;
#1054 = ORIENTED_EDGE ( 'NONE', *, *, #1609, .T. ) ;
#1055 = DIRECTION ( 'NONE',  ( -0.000000000000000000, -0.000000000000000000, -1.000000000000000000 ) ) ;
#1056 = LINE ( 'NONE', #1096, #213 ) ;
#1057 = VERTEX_POINT ( 'NONE', #1292 ) ;
#1058 = FILL_AREA_STYLE_COLOUR ( '', #1005 ) ;
#1059 = AXIS2_PLACEMENT_3D ( 'NONE', #1695, #166, #1359 ) ;
#1060 = EDGE_CURVE ( 'NONE', #1757, #902, #1733, .T. ) ;
#1061 = EDGE_CURVE ( 'NONE', #1383, #267, #1741, .T. ) ;
#1062 = DIRECTION ( 'NONE',  ( -0.000000000000000000, -0.000000000000000000, -1.000000000000000000 ) ) ;
#1063 = CYLINDRICAL_SURFACE ( 'NONE', #1031, 0.05000000000000002359 ) ;
#1064 = VERTEX_POINT ( 'NONE', #824 ) ;
#1065 = ORIENTED_EDGE ( 'NONE', *, *, #1569, .T. ) ;
#1066 = CARTESIAN_POINT ( 'NONE',  ( -0.3999999999999999667, 1.070000000000000284, -1.209999999999999742 ) ) ;
#1067 = AXIS2_PLACEMENT_3D ( 'NONE', #520, #795, #1767 ) ;
#1068 = CARTESIAN_POINT ( 'NONE',  ( -1.177734093675823157, -2.251356057640056715E-16, 0.7500000000000000000 ) ) ;
#1069 = ORIENTED_EDGE ( 'NONE', *, *, #1729, .F. ) ;
#1070 = VECTOR ( 'NONE', #192, 1000.000000000000227 ) ;
#1071 = AXIS2_PLACEMENT_3D ( 'NONE', #1844, #115, #1527 ) ;
#1072 = CIRCLE ( 'NONE', #1921, 0.1000000000000000472 ) ;
#1073 = PLANE ( 'NONE',  #779 ) ;
#1074 = DIRECTION ( 'NONE',  ( -2.710505431214075841E-15, -1.000000000000000000, -0.000000000000000000 ) ) ;
#1075 = ORIENTED_EDGE ( 'NONE', *, *, #1672, .T. ) ;
#1076 = AXIS2_PLACEMENT_3D ( 'NONE', #540, #1145, #1927 ) ;
#1077 = EDGE_CURVE ( 'NONE', #1870, #799, #1444, .T. ) ;
#1078 = EDGE_CURVE ( 'NONE', #1148, #1813, #550, .T. ) ;
#1079 = ORIENTED_EDGE ( 'NONE', *, *, #1289, .T. ) ;
#1080 = LINE ( 'NONE', #1841, #1943 ) ;
#1081 = CARTESIAN_POINT ( 'NONE',  ( -0.5418868791460881296, 0.1000000000000000472, -1.351886879146087850 ) ) ;
#1082 = EDGE_LOOP ( 'NONE', ( #894, #959, #552, #1335 ) ) ;
#1083 = CARTESIAN_POINT ( 'NONE',  ( -0.6874999999999997780, 0.5599999999999860645, -0.7500000000000000000 ) ) ;
#1084 = ORIENTED_EDGE ( 'NONE', *, *, #649, .T. ) ;
#1085 = CARTESIAN_POINT ( 'NONE',  ( -0.8774999999999998357, 0.3699999999999860067, -0.7500000000000000000 ) ) ;
#1086 = LINE ( 'NONE', #1046, #580 ) ;
#1087 = CARTESIAN_POINT ( 'NONE',  ( -0.5539766555511370649, 1.120000000000000107, 1.363976655551136785 ) ) ;
#1088 =( BOUNDED_CURVE ( )  B_SPLINE_CURVE ( 3, ( #1180, #1478, #1900, #1351 ),
 .UNSPECIFIED., .F., .T. ) 
 B_SPLINE_CURVE_WITH_KNOTS ( ( 4, 4 ),
 ( 0.1396263401595442544, 1.570796326794897668 ),
 .UNSPECIFIED. ) 
 CURVE ( )  GEOMETRIC_REPRESENTATION_ITEM ( )  RATIONAL_B_SPLINE_CURVE ( ( 1.000000000000000000, 0.8364730534818473062, 0.8364730534818473062, 1.000000000000000000 ) ) 
 REPRESENTATION_ITEM ( '' )  );
#1089 = FACE_OUTER_BOUND ( 'NONE', #320, .T. ) ;
#1090 = EDGE_LOOP ( 'NONE', ( #1553, #334, #1798, #1504, #595, #239, #1069, #739, #1777, #761, #977, #424 ) ) ;
#1091 = DIRECTION ( 'NONE',  ( -1.000000000000000000, 9.481316825216589442E-16, 0.000000000000000000 ) ) ;
#1092 = ORIENTED_EDGE ( 'NONE', *, *, #924, .F. ) ;
#1093 = CARTESIAN_POINT ( 'NONE',  ( -0.6874999999999997780, 0.4199999999999860512, -0.7500000000000000000 ) ) ;
#1094 = DIRECTION ( 'NONE',  ( -1.000000000000000000, 0.000000000000000000, 0.000000000000000000 ) ) ;
#1095 = DIRECTION ( 'NONE',  ( 0.000000000000000000, 1.000000000000000000, 0.000000000000000000 ) ) ;
#1096 = CARTESIAN_POINT ( 'NONE',  ( -0.6874999999999997780, 0.4199999999999860512, 0.7500000000000000000 ) ) ;
#1097 = ORIENTED_EDGE ( 'NONE', *, *, #504, .T. ) ;
#1098 = EDGE_CURVE ( 'NONE', #1566, #702, #250, .T. ) ;
#1099 = SURFACE_STYLE_USAGE ( .BOTH. , #1864 ) ;
#1100 = EDGE_CURVE ( 'NONE', #142, #55, #1314, .T. ) ;
#1101 = VECTOR ( 'NONE', #346, 1000.000000000000000 ) ;
#1102 = EDGE_LOOP ( 'NONE', ( #536, #1724, #234, #1225 ) ) ;
#1103 =( LENGTH_UNIT ( ) NAMED_UNIT ( * ) SI_UNIT ( .MILLI., .METRE. ) );
#1104 = CARTESIAN_POINT ( 'NONE',  ( -0.6874999999999997780, 0.4199999999999860512, 1.149999999999999911 ) ) ;
#1105 = CIRCLE ( 'NONE', #532, 0.1000000000000000472 ) ;
#1106 = CARTESIAN_POINT ( 'NONE',  ( -0.3999999999999999667, 1.070000000000000284, -1.209999999999999742 ) ) ;
#1107 = VERTEX_POINT ( 'NONE', #1471 ) ;
#1108 = DIRECTION ( 'NONE',  ( 0.000000000000000000, 1.000000000000000000, 0.000000000000000000 ) ) ;
#1109 = LINE ( 'NONE', #1708, #1711 ) ;
#1110 = ORIENTED_EDGE ( 'NONE', *, *, #225, .F. ) ;
#1111 = LINE ( 'NONE', #1590, #1171 ) ;
#1112 = DIRECTION ( 'NONE',  ( 1.000000000000000000, -0.000000000000000000, -0.000000000000000000 ) ) ;
#1113 = CARTESIAN_POINT ( 'NONE',  ( -0.3999999999999999667, 1.070000000000000284, -1.209999999999999742 ) ) ;
#1114 = LINE ( 'NONE', #1926, #1395 ) ;
#1115 = CARTESIAN_POINT ( 'NONE',  ( -0.9725802003947938701, 0.2500000000000000000, 0.7500000000000000000 ) ) ;
#1116 = CARTESIAN_POINT ( 'NONE',  ( -0.7374999999999994893, 0.2500000000000000000, -1.149999999999999911 ) ) ;
#1117 = VERTEX_POINT ( 'NONE', #422 ) ;
#1118 = ADVANCED_FACE ( 'NONE', ( #91 ), #256, .F. ) ;
#1119 = DIRECTION ( 'NONE',  ( 0.000000000000000000, 0.000000000000000000, 1.000000000000000000 ) ) ;
#1120 = DIRECTION ( 'NONE',  ( -0.000000000000000000, 0.000000000000000000, -1.000000000000000000 ) ) ;
#1121 = EDGE_CURVE ( 'NONE', #142, #1363, #617, .T. ) ;
#1122 = EDGE_CURVE ( 'NONE', #251, #1152, #1463, .T. ) ;
#1123 = LINE ( 'NONE', #49, #85 ) ;
#1124 = VECTOR ( 'NONE', #946, 1000.000000000000000 ) ;
#1125 = EDGE_LOOP ( 'NONE', ( #848, #399, #847, #1925 ) ) ;
#1126 = ORIENTED_EDGE ( 'NONE', *, *, #1634, .T. ) ;
#1127 = DIRECTION ( 'NONE',  ( -0.9975640502598247528, 0.06975647374411847457, 0.000000000000000000 ) ) ;
#1128 = DIRECTION ( 'NONE',  ( 0.9975640502598247528, -0.06975647374411847457, -0.000000000000000000 ) ) ;
#1129 = DIRECTION ( 'NONE',  ( -0.1391731009600696845, 0.9902680687415698069, 0.000000000000000000 ) ) ;
#1130 = ADVANCED_FACE ( 'NONE', ( #1930 ), #861, .F. ) ;
#1131 = ORIENTED_EDGE ( 'NONE', *, *, #152, .T. ) ;
#1132 = AXIS2_PLACEMENT_3D ( 'NONE', #1578, #194, #186 ) ;
#1133 = VECTOR ( 'NONE', #489, 1000.000000000000114 ) ;
#1134 = CARTESIAN_POINT ( 'NONE',  ( 1.187499999999999556, 0.1396589670363757585, -0.2000000000000000111 ) ) ;
#1135 = DIRECTION ( 'NONE',  ( -0.000000000000000000, -0.000000000000000000, 1.000000000000000000 ) ) ;
#1136 = DIRECTION ( 'NONE',  ( -0.000000000000000000, -0.000000000000000000, 1.000000000000000000 ) ) ;
#1137 = EDGE_CURVE ( 'NONE', #1364, #927, #1796, .T. ) ;
#1138 = AXIS2_PLACEMENT_3D ( 'NONE', #378, #987, #1094 ) ;
#1139 = ADVANCED_FACE ( 'NONE', ( #1350 ), #1186, .T. ) ;
#1140 =( NAMED_UNIT ( * ) SI_UNIT ( $, .STERADIAN. ) SOLID_ANGLE_UNIT ( ) );
#1141 = VERTEX_POINT ( 'NONE', #853 ) ;
#1142 = EDGE_LOOP ( 'NONE', ( #1210, #281, #1053, #583 ) ) ;
#1143 = DIRECTION ( 'NONE',  ( -1.000000000000000000, 0.000000000000000000, 0.000000000000000000 ) ) ;
#1144 = DIRECTION ( 'NONE',  ( -0.06975647374412032031, 0.9975640502598245307, 0.000000000000000000 ) ) ;
#1145 = DIRECTION ( 'NONE',  ( -1.000000000000000000, 0.000000000000000000, 0.000000000000000000 ) ) ;
#1146 = CIRCLE ( 'NONE', #1241, 0.09508020039479428420 ) ;
#1147 = VECTOR ( 'NONE', #1929, 1000.000000000000000 ) ;
#1148 = VERTEX_POINT ( 'NONE', #101 ) ;
#1149 = PLANE ( 'NONE',  #1330 ) ;
#1150 = CARTESIAN_POINT ( 'NONE',  ( -0.5680307390213759078, 0.1000000000000000333, -1.378030739021375739 ) ) ;
#1151 = CARTESIAN_POINT ( 'NONE',  ( 0.6499999999999999112, 0.5599999999999860645, -1.459999999999999742 ) ) ;
#1152 = VERTEX_POINT ( 'NONE', #1477 ) ;
#1153 = ORIENTED_EDGE ( 'NONE', *, *, #367, .T. ) ;
#1154 = CARTESIAN_POINT ( 'NONE',  ( 0.5278327956758489536, 1.120000000000000107, -1.337832795675848674 ) ) ;
#1155 = DIRECTION ( 'NONE',  ( -0.000000000000000000, -0.000000000000000000, 1.000000000000000000 ) ) ;
#1156 = CARTESIAN_POINT ( 'NONE',  ( -0.5945167397724617775, 0.1652160900778142927, -1.404516739772461165 ) ) ;
#1157 = DIRECTION ( 'NONE',  ( -0.9975640502598247528, 0.06975647374411839130, -0.000000000000000000 ) ) ;
#1158 = PRODUCT_RELATED_PRODUCT_CATEGORY ( 'part', '', ( #229 ) ) ;
#1159 = CARTESIAN_POINT ( 'NONE',  ( 0.9659477408923693442, 0.1551514101946533664, 0.2000000000000000111 ) ) ;
#1160 = ORIENTED_EDGE ( 'NONE', *, *, #104, .F. ) ;
#1161 = VERTEX_POINT ( 'NONE', #1172 ) ;
#1162 = FACE_OUTER_BOUND ( 'NONE', #1959, .T. ) ;
#1163 = LINE ( 'NONE', #1620, #1693 ) ;
#1164 = EDGE_CURVE ( 'NONE', #1968, #1526, #707, .T. ) ;
#1165 = VECTOR ( 'NONE', #789, 1000.000000000000000 ) ;
#1166 = VERTEX_POINT ( 'NONE', #1323 ) ;
#1167 = EDGE_CURVE ( 'NONE', #1566, #887, #1938, .T. ) ;
#1168 = ADVANCED_FACE ( 'NONE', ( #716 ), #1332, .T. ) ;
#1169 = CIRCLE ( 'NONE', #718, 0.1000000000000000472 ) ;
#1170 = CARTESIAN_POINT ( 'NONE',  ( -1.177734093675823157, -2.251356057640056715E-16, 0.7500000000000000000 ) ) ;
#1171 = VECTOR ( 'NONE', #822, 1000.000000000000000 ) ;
#1172 = CARTESIAN_POINT ( 'NONE',  ( -0.8774999999999998357, 0.3699999999999860067, -1.149999999999999911 ) ) ;
#1173 = ORIENTED_EDGE ( 'NONE', *, *, #768, .T. ) ;
#1174 = ORIENTED_EDGE ( 'NONE', *, *, #770, .F. ) ;
#1175 = SURFACE_SIDE_STYLE ('',( #282 ) ) ;
#1176 = DIRECTION ( 'NONE',  ( -1.000000000000000000, 0.000000000000000000, 0.000000000000000000 ) ) ;
#1177 = AXIS2_PLACEMENT_3D ( 'NONE', #312, #476, #153 ) ;
#1178 = DIRECTION ( 'NONE',  ( -1.000000000000000000, 0.000000000000000000, 0.000000000000000000 ) ) ;
#1179 = DIRECTION ( 'NONE',  ( -0.9975640502598247528, -0.06975647374411841906, -0.000000000000000000 ) ) ;
#1180 = CARTESIAN_POINT ( 'NONE',  ( 0.5914002825831665699, 0.1430413449519969127, -1.401400282583165957 ) ) ;
#1181 = ORIENTED_EDGE ( 'NONE', *, *, #451, .F. ) ;
#1182 = ORIENTED_EDGE ( 'NONE', *, *, #66, .F. ) ;
#1183 = CARTESIAN_POINT ( 'NONE',  ( 0.9659477408923693442, 0.1551514101946533664, -0.2000000000000000111 ) ) ;
#1184 = LINE ( 'NONE', #601, #402 ) ;
#1185 = ADVANCED_FACE ( 'NONE', ( #1615 ), #581, .F. ) ;
#1186 = CYLINDRICAL_SURFACE ( 'NONE', #459, 0.05000000000000002359 ) ;
#1187 = DIRECTION ( 'NONE',  ( 0.9975640502598246417, 0.06975647374412033419, -0.000000000000000000 ) ) ;
#1188 = EDGE_CURVE ( 'NONE', #990, #1962, #1641, .T. ) ;
#1189 = ADVANCED_FACE ( 'NONE', ( #571 ), #1803, .T. ) ;
#1190 = ORIENTED_EDGE ( 'NONE', *, *, #1729, .T. ) ;
#1191 = ORIENTED_EDGE ( 'NONE', *, *, #272, .T. ) ;
#1192 = CARTESIAN_POINT ( 'NONE',  ( 0.6875000000000002220, 0.4199999999999862732, 0.2000000000000000111 ) ) ;
#1193 = DIRECTION ( 'NONE',  ( 0.000000000000000000, -0.000000000000000000, 1.000000000000000000 ) ) ;
#1194 = ORIENTED_EDGE ( 'NONE', *, *, #1542, .T. ) ;
#1195 = PLANE ( 'NONE',  #1071 ) ;
#1196 = VECTOR ( 'NONE', #1298, 1000.000000000000000 ) ;
#1197 = CARTESIAN_POINT ( 'NONE',  ( -0.9561818345681925013, 0.01549244315827741532, -0.7500000000000000000 ) ) ;
#1198 = PLANE ( 'NONE',  #1680 ) ;
#1199 = AXIS2_PLACEMENT_3D ( 'NONE', #1016, #117, #543 ) ;
#1200 = ORIENTED_EDGE ( 'NONE', *, *, #915, .F. ) ;
#1201 = EDGE_LOOP ( 'NONE', ( #404, #797, #730, #1479 ) ) ;
#1202 = CARTESIAN_POINT ( 'NONE',  ( 1.177734093675822713, 2.638910861438200482E-16, 0.2000000000000000111 ) ) ;
#1203 = ORIENTED_EDGE ( 'NONE', *, *, #1348, .T. ) ;
#1204 = CARTESIAN_POINT ( 'NONE',  ( 0.9659477408923693442, 0.1551514101946533664, 0.2000000000000000111 ) ) ;
#1205 = VECTOR ( 'NONE', #465, 1000.000000000000000 ) ;
#1206 = FACE_OUTER_BOUND ( 'NONE', #1266, .T. ) ;
#1207 = AXIS2_PLACEMENT_3D ( 'NONE', #1773, #405, #89 ) ;
#1208 = FACE_OUTER_BOUND ( 'NONE', #357, .T. ) ;
#1209 = ORIENTED_EDGE ( 'NONE', *, *, #646, .F. ) ;
#1210 = ORIENTED_EDGE ( 'NONE', *, *, #1397, .T. ) ;
#1211 = LINE ( 'NONE', #311, #652 ) ;
#1212 = FACE_OUTER_BOUND ( 'NONE', #1262, .T. ) ;
#1213 = ORIENTED_EDGE ( 'NONE', *, *, #1122, .T. ) ;
#1214 = ORIENTED_EDGE ( 'NONE', *, *, #1077, .F. ) ;
#1215 = ADVANCED_FACE ( 'NONE', ( #1518 ), #135, .F. ) ;
#1216 = EDGE_CURVE ( 'NONE', #996, #1606, #590, .T. ) ;
#1217 = CARTESIAN_POINT ( 'NONE',  ( -0.8774999999999997247, 0.2499999999999997780, -0.7500000000000000000 ) ) ;
#1218 = FACE_OUTER_BOUND ( 'NONE', #662, .T. ) ;
#1219 = EDGE_CURVE ( 'NONE', #1383, #719, #1622, .T. ) ;
#1220 =( BOUNDED_CURVE ( )  B_SPLINE_CURVE ( 3, ( #576, #1942, #427, #1349 ),
 .UNSPECIFIED., .F., .F. ) 
 B_SPLINE_CURVE_WITH_KNOTS ( ( 4, 4 ),
 ( 1.570796326794897668, 3.001966313430251887 ),
 .UNSPECIFIED. ) 
 CURVE ( )  GEOMETRIC_REPRESENTATION_ITEM ( )  RATIONAL_B_SPLINE_CURVE ( ( 1.000000000000000000, 0.8364730534818471952, 0.8364730534818471952, 1.000000000000000000 ) ) 
 REPRESENTATION_ITEM ( '' )  );
#1221 = ORIENTED_EDGE ( 'NONE', *, *, #1726, .F. ) ;
#1222 = ORIENTED_EDGE ( 'NONE', *, *, #1380, .F. ) ;
#1223 = FACE_OUTER_BOUND ( 'NONE', #671, .T. ) ;
#1224 = CARTESIAN_POINT ( 'NONE',  ( -0.6500000000000001332, 0.5599999999999860645, 0.7500000000000000000 ) ) ;
#1225 = ORIENTED_EDGE ( 'NONE', *, *, #830, .F. ) ;
#1226 =( NAMED_UNIT ( * ) SI_UNIT ( $, .STERADIAN. ) SOLID_ANGLE_UNIT ( ) );
#1227 = ADVANCED_FACE ( 'NONE', ( #633 ), #908, .T. ) ;
#1228 = ADVANCED_FACE ( 'NONE', ( #146 ), #762, .F. ) ;
#1229 = CARTESIAN_POINT ( 'NONE',  ( -0.9659477408923691222, 0.1551514101946530333, -0.7500000000000000000 ) ) ;
#1230 = DIRECTION ( 'NONE',  ( 1.000000000000000000, 0.000000000000000000, 0.000000000000000000 ) ) ;
#1231 = ORIENTED_EDGE ( 'NONE', *, *, #1903, .F. ) ;
#1232 = CARTESIAN_POINT ( 'NONE',  ( 0.6499999999999999112, 0.5600000000000124878, 1.460000000000000187 ) ) ;
#1233 = VECTOR ( 'NONE', #674, 1000.000000000000000 ) ;
#1234 = DIRECTION ( 'NONE',  ( -1.000000000000000000, 0.000000000000000000, 0.000000000000000000 ) ) ;
#1235 = VERTEX_POINT ( 'NONE', #754 ) ;
#1236 = CIRCLE ( 'NONE', #205, 0.2350802003947943253 ) ;
#1237 = CARTESIAN_POINT ( 'NONE',  ( -0.6874999999999997780, 0.3699999999999860067, 0.7500000000000000000 ) ) ;
#1238 = ORIENTED_EDGE ( 'NONE', *, *, #163, .F. ) ;
#1239 = CARTESIAN_POINT ( 'NONE',  ( 0.8774999999999998357, 0.2500000000000002220, -0.2000000000000000111 ) ) ;
#1240 = CARTESIAN_POINT ( 'NONE',  ( -0.6874999999999997780, 0.4199999999999861067, 1.149999999999999911 ) ) ;
#1241 = AXIS2_PLACEMENT_3D ( 'NONE', #74, #678, #1297 ) ;
#1242 = LINE ( 'NONE', #447, #245 ) ;
#1243 = DIRECTION ( 'NONE',  ( -0.000000000000000000, -0.000000000000000000, 1.000000000000000000 ) ) ;
#1244 = LINE ( 'NONE', #1543, #1124 ) ;
#1245 = ORIENTED_EDGE ( 'NONE', *, *, #332, .T. ) ;
#1246 = DIRECTION ( 'NONE',  ( 0.000000000000000000, 1.000000000000000000, 0.000000000000000000 ) ) ;
#1247 = LINE ( 'NONE', #487, #190 ) ;
#1248 = CYLINDRICAL_SURFACE ( 'NONE', #335, 0.1000000000000000472 ) ;
#1249 = ADVANCED_FACE ( 'NONE', ( #1206 ), #1073, .T. ) ;
#1250 = EDGE_CURVE ( 'NONE', #1812, #1564, #1683, .T. ) ;
#1251 = CARTESIAN_POINT ( 'NONE',  ( -0.6500000000000001332, 0.5599999999999860645, -0.7500000000000000000 ) ) ;
#1252 = EDGE_LOOP ( 'NONE', ( #1531, #509, #1174, #1972 ) ) ;
#1253 = LINE ( 'NONE', #331, #1165 ) ;
#1254 = ORIENTED_EDGE ( 'NONE', *, *, #745, .T. ) ;
#1255 = LINE ( 'NONE', #663, #116 ) ;
#1256 = PRESENTATION_LAYER_ASSIGNMENT (  '', '', ( #78 ) ) ;
#1257 = DIRECTION ( 'NONE',  ( -0.000000000000000000, 1.000000000000000000, -0.000000000000000000 ) ) ;
#1258 = ORIENTED_EDGE ( 'NONE', *, *, #39, .F. ) ;
#1259 = VECTOR ( 'NONE', #1074, 1000.000000000000000 ) ;
#1260 = FACE_OUTER_BOUND ( 'NONE', #701, .T. ) ;
#1261 = FACE_OUTER_BOUND ( 'NONE', #1022, .T. ) ;
#1262 = EDGE_LOOP ( 'NONE', ( #677, #573, #1378, #1352 ) ) ;
#1263 = CARTESIAN_POINT ( 'NONE',  ( 1.177734093675822713, 2.638910861438200482E-16, 0.2000000000000000111 ) ) ;
#1264 = PRESENTATION_STYLE_ASSIGNMENT (( #1099 ) ) ;
#1265 = MECHANICAL_DESIGN_GEOMETRIC_PRESENTATION_REPRESENTATION (  '', ( #145 ), #1453 ) ;
#1266 = EDGE_LOOP ( 'NONE', ( #1742, #441, #1889, #1743 ) ) ;
#1267 = CARTESIAN_POINT ( 'NONE',  ( -0.9659477408923691222, 0.1551514101946531721, 0.7500000000000000000 ) ) ;
#1268 = DIRECTION ( 'NONE',  ( 0.000000000000000000, 0.000000000000000000, -1.000000000000000000 ) ) ;
#1269 = FACE_OUTER_BOUND ( 'NONE', #553, .T. ) ;
#1270 = SURFACE_SIDE_STYLE ('',( #675 ) ) ;
#1271 = ORIENTED_EDGE ( 'NONE', *, *, #1635, .T. ) ;
#1272 = CARTESIAN_POINT ( 'NONE',  ( 0.5539766555511369539, 1.120000000000000329, -1.363976655551136341 ) ) ;
#1273 = DIRECTION ( 'NONE',  ( -1.000000000000000000, 0.000000000000000000, 0.000000000000000000 ) ) ;
#1274 = EDGE_CURVE ( 'NONE', #1656, #1355, #621, .T. ) ;
#1275 = ORIENTED_EDGE ( 'NONE', *, *, #1522, .T. ) ;
#1276 = EDGE_CURVE ( 'NONE', #1962, #479, #442, .T. ) ;
#1277 = EDGE_CURVE ( 'NONE', #1893, #319, #1551, .T. ) ;
#1278 = DIRECTION ( 'NONE',  ( -1.000000000000000000, 0.000000000000000000, 0.000000000000000000 ) ) ;
#1279 = CARTESIAN_POINT ( 'NONE',  ( 0.7374999999999998224, 0.2500000000000001665, 0.2000000000000000111 ) ) ;
#1280 = DIRECTION ( 'NONE',  ( 0.000000000000000000, 0.000000000000000000, 1.000000000000000000 ) ) ;
#1281 = ORIENTED_EDGE ( 'NONE', *, *, #503, .F. ) ;
#1282 = ORIENTED_EDGE ( 'NONE', *, *, #1634, .F. ) ;
#1283 = DIRECTION ( 'NONE',  ( 1.000000000000000000, -9.481316825216589442E-16, 0.000000000000000000 ) ) ;
#1284 = CARTESIAN_POINT ( 'NONE',  ( 1.177734093675822713, 2.638910861438200482E-16, -0.2000000000000000111 ) ) ;
#1285 = UNCERTAINTY_MEASURE_WITH_UNIT (LENGTH_MEASURE( 1.000000000000000082E-05 ), #260, 'distance_accuracy_value', 'NONE');
#1286 = LINE ( 'NONE', #983, #984 ) ;
#1287 = VERTEX_POINT ( 'NONE', #1239 ) ;
#1288 = ADVANCED_FACE ( 'NONE', ( #602 ), #165, .F. ) ;
#1289 = EDGE_CURVE ( 'NONE', #1417, #1161, #471, .T. ) ;
#1290 =( NAMED_UNIT ( * ) PLANE_ANGLE_UNIT ( ) SI_UNIT ( $, .RADIAN. ) );
#1291 = CARTESIAN_POINT ( 'NONE',  ( 0.5914002825831664589, 0.1430413449519969682, 1.401400282583166845 ) ) ;
#1292 = CARTESIAN_POINT ( 'NONE',  ( -0.6500000000000001332, 0.5599999999999860645, -1.459999999999999742 ) ) ;
#1293 = SURFACE_STYLE_USAGE ( .BOTH. , #1270 ) ;
#1294 = AXIS2_PLACEMENT_3D ( 'NONE', #444, #2, #1858 ) ;
#1295 = ORIENTED_EDGE ( 'NONE', *, *, #1947, .T. ) ;
#1296 = ORIENTED_EDGE ( 'NONE', *, *, #1609, .F. ) ;
#1297 = DIRECTION ( 'NONE',  ( -1.000000000000000000, 0.000000000000000000, 0.000000000000000000 ) ) ;
#1298 = DIRECTION ( 'NONE',  ( -0.000000000000000000, -0.000000000000000000, -1.000000000000000000 ) ) ;
#1299 = CARTESIAN_POINT ( 'NONE',  ( 0.6875000000000002220, 0.3699999999999862288, 0.2000000000000000111 ) ) ;
#1300 = ORIENTED_EDGE ( 'NONE', *, *, #1480, .F. ) ;
#1301 = VECTOR ( 'NONE', #1372, 1000.000000000000000 ) ;
#1302 = VECTOR ( 'NONE', #1278, 1000.000000000000000 ) ;
#1303 = CARTESIAN_POINT ( 'NONE',  ( -0.3999999999999999667, 1.070000000000000284, -1.309999999999999831 ) ) ;
#1304 = CYLINDRICAL_SURFACE ( 'NONE', #430, 0.04999999999999991257 ) ;
#1305 = DIRECTION ( 'NONE',  ( -0.1391731009600696845, -0.9902680687415698069, -0.000000000000000000 ) ) ;
#1306 = VECTOR ( 'NONE', #400, 1000.000000000000000 ) ;
#1307 = ORIENTED_EDGE ( 'NONE', *, *, #123, .T. ) ;
#1308 = VECTOR ( 'NONE', #1981, 1000.000000000000000 ) ;
#1309 = CARTESIAN_POINT ( 'NONE',  ( 0.6875000000000002220, 0.3699999999999862288, 0.2000000000000000111 ) ) ;
#1310 = DIRECTION ( 'NONE',  ( 0.06975647374412032031, -0.9975640502598245307, 0.000000000000000000 ) ) ;
#1311 = AXIS2_PLACEMENT_3D ( 'NONE', #233, #704, #403 ) ;
#1312 = ORIENTED_EDGE ( 'NONE', *, *, #1379, .T. ) ;
#1313 = CARTESIAN_POINT ( 'NONE',  ( 0.6303242831416646652, 0.4199999999999862732, 0.2000000000000000111 ) ) ;
#1314 = LINE ( 'NONE', #1197, #1714 ) ;
#1315 = EDGE_CURVE ( 'NONE', #297, #624, #1673, .T. ) ;
#1316 = ORIENTED_EDGE ( 'NONE', *, *, #1611, .T. ) ;
#1317 = ORIENTED_EDGE ( 'NONE', *, *, #1167, .T. ) ;
#1318 = EDGE_CURVE ( 'NONE', #120, #292, #1837, .T. ) ;
#1319 = CARTESIAN_POINT ( 'NONE',  ( -0.8774999999999998357, 0.3699999999999860067, 1.149999999999999911 ) ) ;
#1320 = ADVANCED_FACE ( 'NONE', ( #26 ), #1548, .F. ) ;
#1321 = PLANE ( 'NONE',  #1953 ) ;
#1322 = FACE_OUTER_BOUND ( 'NONE', #1799, .T. ) ;
#1323 = CARTESIAN_POINT ( 'NONE',  ( 0.6875000000000002220, 0.5599999999999862865, -0.2000000000000000111 ) ) ;
#1324 = EDGE_LOOP ( 'NONE', ( #593, #199 ) ) ;
#1325 = VERTEX_POINT ( 'NONE', #1217 ) ;
#1326 = VECTOR ( 'NONE', #763, 1000.000000000000000 ) ;
#1327 = LINE ( 'NONE', #1068, #1400 ) ;
#1328 = ORIENTED_EDGE ( 'NONE', *, *, #1277, .F. ) ;
#1329 = AXIS2_PLACEMENT_3D ( 'NONE', #81, #1435, #802 ) ;
#1330 = AXIS2_PLACEMENT_3D ( 'NONE', #1263, #1467, #1127 ) ;
#1331 = PRESENTATION_LAYER_ASSIGNMENT (  '', '', ( #145 ) ) ;
#1332 = CYLINDRICAL_SURFACE ( 'NONE', #1360, 0.2350802003947943253 ) ;
#1333 = LINE ( 'NONE', #1950, #330 ) ;
#1334 = ORIENTED_EDGE ( 'NONE', *, *, #600, .T. ) ;
#1335 = ORIENTED_EDGE ( 'NONE', *, *, #915, .T. ) ;
#1336 = DIRECTION ( 'NONE',  ( -0.9975640502598246417, -0.06975647374411866886, 0.000000000000000000 ) ) ;
#1337 = DIRECTION ( 'NONE',  ( 1.000000000000000000, 0.000000000000000000, -0.000000000000000000 ) ) ;
#1338 = AXIS2_PLACEMENT_3D ( 'NONE', #54, #1155, #1273 ) ;
#1339 = ADVANCED_FACE ( 'NONE', ( #1529 ), #1381, .F. ) ;
#1340 =( LENGTH_UNIT ( ) NAMED_UNIT ( * ) SI_UNIT ( .MILLI., .METRE. ) );
#1341 = EDGE_CURVE ( 'NONE', #1235, #1117, #792, .T. ) ;
#1342 = ADVANCED_FACE ( 'NONE', ( #363 ), #505, .T. ) ;
#1343 = CARTESIAN_POINT ( 'NONE',  ( -0.6874999999999997780, 0.4199999999999861067, -0.7500000000000000000 ) ) ;
#1344 = PLANE ( 'NONE',  #774 ) ;
#1345 = ORIENTED_EDGE ( 'NONE', *, *, #216, .T. ) ;
#1346 = ORIENTED_EDGE ( 'NONE', *, *, #353, .F. ) ;
#1347 = PRESENTATION_STYLE_ASSIGNMENT (( #290 ) ) ;
#1348 = EDGE_CURVE ( 'NONE', #857, #923, #79, .T. ) ;
#1349 = CARTESIAN_POINT ( 'NONE',  ( -0.5914002825831666810, 0.1430413449519969682, 1.401400282583166845 ) ) ;
#1350 = FACE_OUTER_BOUND ( 'NONE', #1491, .T. ) ;
#1351 = CARTESIAN_POINT ( 'NONE',  ( 0.5418868791460879075, 0.1000000000000000472, -1.351886879146087850 ) ) ;
#1352 = ORIENTED_EDGE ( 'NONE', *, *, #1992, .F. ) ;
#1353 = ORIENTED_EDGE ( 'NONE', *, *, #890, .T. ) ;
#1354 = CARTESIAN_POINT ( 'NONE',  ( 0.6500000000000001332, 0.5599999999999862865, 0.2000000000000000111 ) ) ;
#1355 = VERTEX_POINT ( 'NONE', #1886 ) ;
#1356 = LINE ( 'NONE', #42, #1614 ) ;
#1357 = AXIS2_PLACEMENT_3D ( 'NONE', #798, #478, #1091 ) ;
#1358 = DIRECTION ( 'NONE',  ( -0.000000000000000000, -0.000000000000000000, 1.000000000000000000 ) ) ;
#1359 = DIRECTION ( 'NONE',  ( -1.000000000000000000, 0.000000000000000000, 0.000000000000000000 ) ) ;
#1360 = AXIS2_PLACEMENT_3D ( 'NONE', #1949, #127, #562 ) ;
#1361 =( BOUNDED_CURVE ( )  B_SPLINE_CURVE ( 3, ( #1291, #193, #835, #69 ),
 .UNSPECIFIED., .F., .F. ) 
 B_SPLINE_CURVE_WITH_KNOTS ( ( 4, 4 ),
 ( 3.281218993749335233, 4.712388980384690562 ),
 .UNSPECIFIED. ) 
 CURVE ( )  GEOMETRIC_REPRESENTATION_ITEM ( )  RATIONAL_B_SPLINE_CURVE ( ( 1.000000000000000000, 0.8364730534818468621, 0.8364730534818468621, 1.000000000000000000 ) ) 
 REPRESENTATION_ITEM ( '' )  );
#1362 = CLOSED_SHELL ( 'NONE', ( #1342, #910, #1845, #1462 ) ) ;
#1363 = VERTEX_POINT ( 'NONE', #971 ) ;
#1364 = VERTEX_POINT ( 'NONE', #1093 ) ;
#1365 = DIRECTION ( 'NONE',  ( -1.000000000000000000, 0.000000000000000000, 0.000000000000000000 ) ) ;
#1366 = EDGE_CURVE ( 'NONE', #964, #1601, #1111, .T. ) ;
#1367 = EDGE_CURVE ( 'NONE', #863, #857, #690, .T. ) ;
#1368 = PLANE ( 'NONE',  #629 ) ;
#1369 = VERTEX_POINT ( 'NONE', #1443 ) ;
#1370 = PRESENTATION_STYLE_ASSIGNMENT (( #1802 ) ) ;
#1371 = PRESENTATION_LAYER_ASSIGNMENT (  '', '', ( #1663 ) ) ;
#1372 = DIRECTION ( 'NONE',  ( -1.000000000000000000, -0.000000000000000000, 0.000000000000000000 ) ) ;
#1373 = DIRECTION ( 'NONE',  ( 1.000000000000000000, -9.481316825216589442E-16, 0.000000000000000000 ) ) ;
#1374 = ORIENTED_EDGE ( 'NONE', *, *, #1520, .T. ) ;
#1375 = EDGE_LOOP ( 'NONE', ( #1191, #708, #1282, #445 ) ) ;
#1376 = DIRECTION ( 'NONE',  ( -0.000000000000000000, -0.000000000000000000, 1.000000000000000000 ) ) ;
#1377 = CARTESIAN_POINT ( 'NONE',  ( 0.5914002825831665699, 0.1430413449519969127, -1.401400282583165957 ) ) ;
#1378 = ORIENTED_EDGE ( 'NONE', *, *, #1823, .F. ) ;
#1379 = EDGE_CURVE ( 'NONE', #32, #267, #495, .T. ) ;
#1380 = EDGE_CURVE ( 'NONE', #267, #989, #50, .T. ) ;
#1381 = PLANE ( 'NONE',  #48 ) ;
#1382 = CARTESIAN_POINT ( 'NONE',  ( -0.7374999999999997113, 0.3699999999999860067, -0.7500000000000000000 ) ) ;
#1383 = VERTEX_POINT ( 'NONE', #227 ) ;
#1384 = CARTESIAN_POINT ( 'NONE',  ( 0.9725802003947940921, 0.2500000000000002220, 0.2000000000000000111 ) ) ;
#1385 = MANIFOLD_SOLID_BREP ( 'Mirror1', #51 ) ;
#1386 = CARTESIAN_POINT ( 'NONE',  ( 0.6303242831416646652, 0.4199999999999862732, -0.2000000000000000111 ) ) ;
#1387 = ORIENTED_EDGE ( 'NONE', *, *, #1250, .T. ) ;
#1388 = FACE_OUTER_BOUND ( 'NONE', #1082, .T. ) ;
#1389 = STYLED_ITEM ( 'NONE', ( #1264 ), #111 ) ;
#1390 = DIRECTION ( 'NONE',  ( 0.000000000000000000, 0.1391731009600621627, 0.9902680687415708061 ) ) ;
#1391 = FACE_OUTER_BOUND ( 'NONE', #791, .T. ) ;
#1392 = PLANE ( 'NONE',  #1555 ) ;
#1393 = AXIS2_PLACEMENT_3D ( 'NONE', #414, #1956, #386 ) ;
#1394 = DIRECTION ( 'NONE',  ( -1.000000000000000000, 0.000000000000000000, 0.000000000000000000 ) ) ;
#1395 = VECTOR ( 'NONE', #1725, 1000.000000000000000 ) ;
#1396 = FACE_OUTER_BOUND ( 'NONE', #883, .T. ) ;
#1397 = EDGE_CURVE ( 'NONE', #292, #1898, #800, .T. ) ;
#1398 = AXIS2_PLACEMENT_3D ( 'NONE', #1027, #737, #1800 ) ;
#1399 = ORIENTED_EDGE ( 'NONE', *, *, #1992, .T. ) ;
#1400 = VECTOR ( 'NONE', #1243, 1000.000000000000000 ) ;
#1401 = EDGE_CURVE ( 'NONE', #1107, #1364, #811, .T. ) ;
#1402 = EDGE_CURVE ( 'NONE', #1667, #1870, #1255, .T. ) ;
#1403 = CARTESIAN_POINT ( 'NONE',  ( -0.3999999999999999667, 1.120000000000000107, -1.209999999999999742 ) ) ;
#1404 = CARTESIAN_POINT ( 'NONE',  ( -0.9659477408923691222, 0.1551514101946531721, -0.7500000000000000000 ) ) ;
#1405 = VECTOR ( 'NONE', #223, 999.9999999999998863 ) ;
#1406 = AXIS2_PLACEMENT_3D ( 'NONE', #1779, #268, #1960 ) ;
#1407 = DIRECTION ( 'NONE',  ( 0.000000000000000000, 1.000000000000000000, 0.000000000000000000 ) ) ;
#1408 = CARTESIAN_POINT ( 'NONE',  ( -0.9725802003947938701, 0.2500000000000000000, -0.7500000000000000000 ) ) ;
#1409 = VERTEX_POINT ( 'NONE', #1267 ) ;
#1410 = CARTESIAN_POINT ( 'NONE',  ( -0.7374999999999997113, 0.2499999999999998335, 0.7500000000000000000 ) ) ;
#1411 = ORIENTED_EDGE ( 'NONE', *, *, #1759, .F. ) ;
#1412 = CYLINDRICAL_SURFACE ( 'NONE', #625, 0.1900000000000000577 ) ;
#1413 = CARTESIAN_POINT ( 'NONE',  ( -0.7374999999999994893, 0.2500000000000000000, 1.149999999999999911 ) ) ;
#1414 = CARTESIAN_POINT ( 'NONE',  ( -0.9725802003947938701, 0.2500000000000000000, 1.149999999999999911 ) ) ;
#1415 = ORIENTED_EDGE ( 'NONE', *, *, #1824, .F. ) ;
#1416 = CARTESIAN_POINT ( 'NONE',  ( 0.6500000000000001332, 0.5599999999999862865, 0.2000000000000000111 ) ) ;
#1417 = VERTEX_POINT ( 'NONE', #200 ) ;
#1418 = CARTESIAN_POINT ( 'NONE',  ( 0.6303242831416646652, 0.4199999999999862732, -0.2000000000000000111 ) ) ;
#1419 = CARTESIAN_POINT ( 'NONE',  ( -0.5604418491853447870, 1.197239354699317415, -1.370441849185344507 ) ) ;
#1420 = DIRECTION ( 'NONE',  ( 0.000000000000000000, 1.000000000000000000, 0.000000000000000000 ) ) ;
#1421 =( NAMED_UNIT ( * ) PLANE_ANGLE_UNIT ( ) SI_UNIT ( $, .RADIAN. ) );
#1422 = ORIENTED_EDGE ( 'NONE', *, *, #569, .F. ) ;
#1423 = EDGE_CURVE ( 'NONE', #945, #747, #813, .T. ) ;
#1424 = CARTESIAN_POINT ( 'NONE',  ( -0.7374999999999997113, 0.2499999999999998335, -0.7500000000000000000 ) ) ;
#1425 = CIRCLE ( 'NONE', #1745, 0.09508020039479428420 ) ;
#1426 = EDGE_CURVE ( 'NONE', #1141, #1148, #1236, .T. ) ;
#1427 = FACE_OUTER_BOUND ( 'NONE', #1511, .T. ) ;
#1428 = CYLINDRICAL_SURFACE ( 'NONE', #1338, 0.09508020039479428420 ) ;
#1429 = MECHANICAL_DESIGN_GEOMETRIC_PRESENTATION_REPRESENTATION (  '', ( #303 ), #1850 ) ;
#1430 = VECTOR ( 'NONE', #851, 1000.000000000000114 ) ;
#1431 = VERTEX_POINT ( 'NONE', #1303 ) ;
#1432 = CARTESIAN_POINT ( 'NONE',  ( -0.5712971325666607036, 1.120000000000000107, -1.337832795675848674 ) ) ;
#1433 = DIRECTION ( 'NONE',  ( -1.000000000000000000, 0.000000000000000000, 0.000000000000000000 ) ) ;
#1434 = AXIS2_PLACEMENT_3D ( 'NONE', #1809, #283, #1176 ) ;
#1435 = DIRECTION ( 'NONE',  ( -1.000000000000000000, 9.035018104046912237E-16, 0.000000000000000000 ) ) ;
#1436 = ORIENTED_EDGE ( 'NONE', *, *, #1367, .F. ) ;
#1437 = CARTESIAN_POINT ( 'NONE',  ( -0.5278327956758491757, 1.120000000000000107, -1.337832795675848674 ) ) ;
#1438 = LINE ( 'NONE', #873, #169 ) ;
#1439 = CARTESIAN_POINT ( 'NONE',  ( -0.5418868791460881296, 0.1000000000000000472, 1.351886879146088294 ) ) ;
#1440 = EDGE_CURVE ( 'NONE', #279, #255, #684, .T. ) ;
#1441 = ADVANCED_FACE ( 'NONE', ( #530 ), #1149, .F. ) ;
#1442 = ORIENTED_EDGE ( 'NONE', *, *, #1341, .F. ) ;
#1443 = CARTESIAN_POINT ( 'NONE',  ( -0.8774999999999997247, 0.2499999999999997780, 1.149999999999999911 ) ) ;
#1444 = LINE ( 'NONE', #71, #1233 ) ;
#1445 = ORIENTED_EDGE ( 'NONE', *, *, #1216, .T. ) ;
#1446 = ORIENTED_EDGE ( 'NONE', *, *, #1611, .F. ) ;
#1447 = CARTESIAN_POINT ( 'NONE',  ( -0.6303242831416646652, 0.4199999999999860512, -1.149999999999999911 ) ) ;
#1448 = LINE ( 'NONE', #679, #1196 ) ;
#1449 = UNCERTAINTY_MEASURE_WITH_UNIT (LENGTH_MEASURE( 1.000000000000000082E-05 ), #905, 'distance_accuracy_value', 'NONE');
#1450 = DIRECTION ( 'NONE',  ( -0.000000000000000000, -0.000000000000000000, -1.000000000000000000 ) ) ;
#1451 = EDGE_LOOP ( 'NONE', ( #1768, #1445, #1710, #1296 ) ) ;
#1452 = DIRECTION ( 'NONE',  ( 1.000000000000000000, 0.000000000000000000, 0.000000000000000000 ) ) ;
#1453 =( GEOMETRIC_REPRESENTATION_CONTEXT ( 3 ) GLOBAL_UNCERTAINTY_ASSIGNED_CONTEXT ( ( #1586 ) ) GLOBAL_UNIT_ASSIGNED_CONTEXT ( ( #1340, #897, #458 ) ) REPRESENTATION_CONTEXT ( 'NONE', 'WORKASPACE' ) );
#1454 = DIRECTION ( 'NONE',  ( -0.000000000000000000, -0.000000000000000000, -1.000000000000000000 ) ) ;
#1455 = ORIENTED_EDGE ( 'NONE', *, *, #1315, .F. ) ;
#1456 = ORIENTED_EDGE ( 'NONE', *, *, #1934, .T. ) ;
#1457 = CARTESIAN_POINT ( 'NONE',  ( -0.5539766555511370649, 1.120000000000000329, -1.363976655551136341 ) ) ;
#1458 = LINE ( 'NONE', #1600, #698 ) ;
#1459 = VERTEX_POINT ( 'NONE', #240 ) ;
#1460 = AXIS2_PLACEMENT_3D ( 'NONE', #1106, #230, #36 ) ;
#1461 = DIRECTION ( 'NONE',  ( -1.000000000000000000, 4.517509052023454738E-15, 0.000000000000000000 ) ) ;
#1462 = ADVANCED_FACE ( 'NONE', ( #1735 ), #60, .T. ) ;
#1463 = LINE ( 'NONE', #1159, #241 ) ;
#1464 = CIRCLE ( 'NONE', #1138, 0.1900000000000000577 ) ;
#1465 = DIRECTION ( 'NONE',  ( 1.000000000000000000, 0.000000000000000000, 0.000000000000000000 ) ) ;
#1466 = ORIENTED_EDGE ( 'NONE', *, *, #1274, .T. ) ;
#1467 = DIRECTION ( 'NONE',  ( 0.06975647374411847457, 0.9975640502598247528, -0.000000000000000000 ) ) ;
#1468 = CARTESIAN_POINT ( 'NONE',  ( -0.6874999999999997780, 0.3699999999999860067, -0.7500000000000000000 ) ) ;
#1469 = CARTESIAN_POINT ( 'NONE',  ( -0.9659477408923691222, 0.1551514101946531721, 1.149999999999999911 ) ) ;
#1470 = CARTESIAN_POINT ( 'NONE',  ( -0.5877617605332574602, 0.1171519153238453487, -1.397761760533257736 ) ) ;
#1471 = CARTESIAN_POINT ( 'NONE',  ( -0.7374999999999997113, 0.3699999999999860067, -0.7500000000000000000 ) ) ;
#1472 = ORIENTED_EDGE ( 'NONE', *, *, #600, .F. ) ;
#1473 = VECTOR ( 'NONE', #1257, 1000.000000000000000 ) ;
#1474 = FACE_OUTER_BOUND ( 'NONE', #1822, .T. ) ;
#1475 = DIRECTION ( 'NONE',  ( 1.000000000000000000, 0.000000000000000000, 0.000000000000000000 ) ) ;
#1476 = PLANE ( 'NONE',  #812 ) ;
#1477 = CARTESIAN_POINT ( 'NONE',  ( 0.9659477408923693442, 0.1551514101946533664, 0.2000000000000000111 ) ) ;
#1478 = CARTESIAN_POINT ( 'NONE',  ( 0.5877617605332569051, 0.1171519153238452932, -1.397761760533257291 ) ) ;
#1479 = ORIENTED_EDGE ( 'NONE', *, *, #594, .T. ) ;
#1480 = EDGE_CURVE ( 'NONE', #1782, #502, #1114, .T. ) ;
#1481 = VERTEX_POINT ( 'NONE', #647 ) ;
#1482 = LINE ( 'NONE', #721, #1751 ) ;
#1483 = CARTESIAN_POINT ( 'NONE',  ( 0.5278327956758489536, 1.120000000000000107, 1.337832795675849118 ) ) ;
#1484 = EDGE_CURVE ( 'NONE', #1836, #297, #538, .T. ) ;
#1485 = EDGE_CURVE ( 'NONE', #1152, #1840, #965, .T. ) ;
#1486 = CARTESIAN_POINT ( 'NONE',  ( 0.6875000000000002220, 0.4199999999999862732, -0.2000000000000000111 ) ) ;
#1487 = AXIS2_PLACEMENT_3D ( 'NONE', #1525, #1280, #1896 ) ;
#1488 = VECTOR ( 'NONE', #849, 1000.000000000000000 ) ;
#1489 = DIRECTION ( 'NONE',  ( -0.000000000000000000, -0.000000000000000000, -1.000000000000000000 ) ) ;
#1490 = DIRECTION ( 'NONE',  ( 0.1391731009600696567, -0.9902680687415696958, 0.000000000000000000 ) ) ;
#1491 = EDGE_LOOP ( 'NONE', ( #1374, #1986, #985, #1831 ) ) ;
#1492 = ORIENTED_EDGE ( 'NONE', *, *, #1276, .T. ) ;
#1493 = CARTESIAN_POINT ( 'NONE',  ( 1.187499999999999556, 0.1396589670363757585, 0.2000000000000000111 ) ) ;
#1494 = AXIS2_PLACEMENT_3D ( 'NONE', #1539, #613, #167 ) ;
#1495 = CARTESIAN_POINT ( 'NONE',  ( -0.9659477408923691222, 0.1551514101946530333, 0.7500000000000000000 ) ) ;
#1496 = AXIS2_PLACEMENT_3D ( 'NONE', #766, #161, #943 ) ;
#1497 = AXIS2_PLACEMENT_3D ( 'NONE', #998, #840, #383 ) ;
#1498 = FACE_OUTER_BOUND ( 'NONE', #1039, .T. ) ;
#1499 = EDGE_CURVE ( 'NONE', #502, #55, #1573, .T. ) ;
#1500 = EDGE_CURVE ( 'NONE', #322, #1836, #839, .T. ) ;
#1501 = CARTESIAN_POINT ( 'NONE',  ( -1.187500000000000000, 0.1396589670363753144, -0.7500000000000000000 ) ) ;
#1502 = CARTESIAN_POINT ( 'NONE',  ( 0.6500000000000001332, 0.5599999999999862865, 0.2000000000000000111 ) ) ;
#1503 =( BOUNDED_CURVE ( )  B_SPLINE_CURVE ( 3, ( #1437, #1457, #84, #221 ),
 .UNSPECIFIED., .F., .T. ) 
 B_SPLINE_CURVE_WITH_KNOTS ( ( 4, 4 ),
 ( 1.570796326794897668, 3.001966313430250555 ),
 .UNSPECIFIED. ) 
 CURVE ( )  GEOMETRIC_REPRESENTATION_ITEM ( )  RATIONAL_B_SPLINE_CURVE ( ( 1.000000000000000000, 0.8364730534818474172, 0.8364730534818474172, 1.000000000000000000 ) ) 
 REPRESENTATION_ITEM ( '' )  );
#1504 = ORIENTED_EDGE ( 'NONE', *, *, #1015, .F. ) ;
#1505 = ORIENTED_EDGE ( 'NONE', *, *, #210, .F. ) ;
#1506 = LINE ( 'NONE', #1192, #1306 ) ;
#1507 = DIRECTION ( 'NONE',  ( -0.000000000000000000, -0.000000000000000000, -1.000000000000000000 ) ) ;
#1508 = FILL_AREA_STYLE_COLOUR ( '', #43 ) ;
#1509 = CARTESIAN_POINT ( 'NONE',  ( -0.6874999999999997780, 0.3699999999999860067, 0.7500000000000000000 ) ) ;
#1510 = CARTESIAN_POINT ( 'NONE',  ( -0.8774999999999997247, 0.2499999999999997780, 0.7500000000000000000 ) ) ;
#1511 = EDGE_LOOP ( 'NONE', ( #1422, #903, #1978, #1546 ) ) ;
#1512 = VERTEX_POINT ( 'NONE', #196 ) ;
#1513 = CARTESIAN_POINT ( 'NONE',  ( -0.5737076770630185063, 1.102848084676155027, 1.383707677063018560 ) ) ;
#1514 = LINE ( 'NONE', #141, #1308 ) ;
#1515 = MECHANICAL_DESIGN_GEOMETRIC_PRESENTATION_REPRESENTATION (  '', ( #1389 ), #235 ) ;
#1516 = AXIS2_PLACEMENT_3D ( 'NONE', #1237, #1855, #490 ) ;
#1517 = EDGE_CURVE ( 'NONE', #1363, #1107, #958, .T. ) ;
#1518 = FACE_OUTER_BOUND ( 'NONE', #1702, .T. ) ;
#1519 = DIRECTION ( 'NONE',  ( 1.807003620809381659E-15, -1.000000000000000000, 0.000000000000000000 ) ) ;
#1520 = EDGE_CURVE ( 'NONE', #1601, #945, #1982, .T. ) ;
#1521 = VECTOR ( 'NONE', #295, 999.9999999999998863 ) ;
#1522 = EDGE_CURVE ( 'NONE', #255, #1064, #1890, .T. ) ;
#1523 = ORIENTED_EDGE ( 'NONE', *, *, #1580, .F. ) ;
#1524 = EDGE_LOOP ( 'NONE', ( #1556, #375, #1769, #1254 ) ) ;
#1525 = CARTESIAN_POINT ( 'NONE',  ( -0.6874999999999997780, 0.3699999999999860067, -1.149999999999999911 ) ) ;
#1526 = VERTEX_POINT ( 'NONE', #1607 ) ;
#1527 = DIRECTION ( 'NONE',  ( 0.1391731009600696567, -0.9902680687415696958, 0.000000000000000000 ) ) ;
#1528 = CIRCLE ( 'NONE', #1592, 0.09508020039479428420 ) ;
#1529 = FACE_OUTER_BOUND ( 'NONE', #1589, .T. ) ;
#1530 = CARTESIAN_POINT ( 'NONE',  ( -0.6303242831416646652, 0.4199999999999860512, -1.149999999999999911 ) ) ;
#1531 = ORIENTED_EDGE ( 'NONE', *, *, #1341, .T. ) ;
#1532 = EDGE_LOOP ( 'NONE', ( #220, #347, #781, #1214 ) ) ;
#1533 = CARTESIAN_POINT ( 'NONE',  ( 0.5278327956758489536, 1.120000000000000107, -1.381297132566660091 ) ) ;
#1534 = CARTESIAN_POINT ( 'NONE',  ( -0.8774999999999997247, 0.2499999999999997780, -1.149999999999999911 ) ) ;
#1535 = ORIENTED_EDGE ( 'NONE', *, *, #914, .F. ) ;
#1536 = CARTESIAN_POINT ( 'NONE',  ( -0.3999999999999999667, 1.070000000000000284, -1.209999999999999742 ) ) ;
#1537 = CARTESIAN_POINT ( 'NONE',  ( -1.177734093675823157, -2.251356057640056715E-16, -0.7500000000000000000 ) ) ;
#1538 = FACE_OUTER_BOUND ( 'NONE', #1252, .T. ) ;
#1539 = CARTESIAN_POINT ( 'NONE',  ( -0.3999999999999999667, 1.120000000000000107, -1.209999999999999742 ) ) ;
#1540 = DIRECTION ( 'NONE',  ( 0.000000000000000000, 0.000000000000000000, -1.000000000000000000 ) ) ;
#1541 = ORIENTED_EDGE ( 'NONE', *, *, #1035, .F. ) ;
#1542 = EDGE_CURVE ( 'NONE', #1656, #1008, #372, .T. ) ;
#1543 = CARTESIAN_POINT ( 'NONE',  ( -0.8774999999999997247, 0.2499999999999997780, -0.7500000000000000000 ) ) ;
#1544 = EDGE_CURVE ( 'NONE', #747, #964, #1503, .T. ) ;
#1545 = EDGE_CURVE ( 'NONE', #1166, #292, #668, .T. ) ;
#1546 = ORIENTED_EDGE ( 'NONE', *, *, #1277, .T. ) ;
#1547 = AXIS2_PLACEMENT_3D ( 'NONE', #1502, #882, #1633 ) ;
#1548 = CYLINDRICAL_SURFACE ( 'NONE', #1652, 0.05000000000000002359 ) ;
#1549 = DIRECTION ( 'NONE',  ( -1.000000000000000000, 0.000000000000000000, -0.000000000000000000 ) ) ;
#1550 = LINE ( 'NONE', #1533, #1205 ) ;
#1551 = CIRCLE ( 'NONE', #687, 0.1000000000000000472 ) ;
#1552 = CYLINDRICAL_SURFACE ( 'NONE', #1754, 0.2350802003947944363 ) ;
#1553 = ORIENTED_EDGE ( 'NONE', *, *, #394, .F. ) ;
#1554 = VECTOR ( 'NONE', #1752, 1000.000000000000000 ) ;
#1555 = AXIS2_PLACEMENT_3D ( 'NONE', #933, #749, #1365 ) ;
#1556 = ORIENTED_EDGE ( 'NONE', *, *, #1545, .T. ) ;
#1557 = CIRCLE ( 'NONE', #592, 0.1900000000000000577 ) ;
#1558 = DIRECTION ( 'NONE',  ( -1.000000000000000000, 0.000000000000000000, 0.000000000000000000 ) ) ;
#1559 = FACE_OUTER_BOUND ( 'NONE', #380, .T. ) ;
#1560 = CIRCLE ( 'NONE', #1755, 0.1900000000000000577 ) ;
#1561 = AXIS2_PLACEMENT_3D ( 'NONE', #1613, #549, #385 ) ;
#1562 = CARTESIAN_POINT ( 'NONE',  ( -0.6500000000000001332, 0.5599999999999860645, -0.7500000000000000000 ) ) ;
#1563 = CARTESIAN_POINT ( 'NONE',  ( -0.6500000000000001332, 0.5599999999999860645, 0.7500000000000000000 ) ) ;
#1564 = VERTEX_POINT ( 'NONE', #1447 ) ;
#1565 = CYLINDRICAL_SURFACE ( 'NONE', #1516, 0.1900000000000000577 ) ;
#1566 = VERTEX_POINT ( 'NONE', #817 ) ;
#1567 = VECTOR ( 'NONE', #634, 1000.000000000000000 ) ;
#1568 = LINE ( 'NONE', #1419, #1718 ) ;
#1569 = EDGE_CURVE ( 'NONE', #1840, #1287, #1146, .T. ) ;
#1570 = ADVANCED_FACE ( 'NONE', ( #232 ), #1912, .F. ) ;
#1571 = FACE_OUTER_BOUND ( 'NONE', #1621, .T. ) ;
#1572 = VERTEX_POINT ( 'NONE', #1760 ) ;
#1573 = LINE ( 'NONE', #1880, #1133 ) ;
#1574 = EDGE_LOOP ( 'NONE', ( #435, #168, #826, #119, #564, #1618, #1245, #1312, #82, #1764, #425, #1969 ) ) ;
#1575 = AXIS2_PLACEMENT_3D ( 'NONE', #622, #654, #1712 ) ;
#1576 = CARTESIAN_POINT ( 'NONE',  ( -0.6874999999999997780, 0.3699999999999860067, -0.7500000000000000000 ) ) ;
#1577 = LINE ( 'NONE', #1876, #888 ) ;
#1578 = CARTESIAN_POINT ( 'NONE',  ( -1.187500000000000000, 0.1396589670363753144, 0.7500000000000000000 ) ) ;
#1579 = EDGE_CURVE ( 'NONE', #1161, #1902, #991, .T. ) ;
#1580 = EDGE_CURVE ( 'NONE', #1606, #806, #280, .T. ) ;
#1581 = APPLICATION_PROTOCOL_DEFINITION ( 'draft international standard', 'automotive_design', 1998, #931 ) ;
#1582 = ORIENTED_EDGE ( 'NONE', *, *, #783, .F. ) ;
#1583 = DIRECTION ( 'NONE',  ( -1.000000000000000000, 0.000000000000000000, 0.000000000000000000 ) ) ;
#1584 = VECTOR ( 'NONE', #14, 1000.000000000000000 ) ;
#1585 = CARTESIAN_POINT ( 'NONE',  ( -0.6874999999999997780, 0.4199999999999860512, 0.7500000000000000000 ) ) ;
#1586 = UNCERTAINTY_MEASURE_WITH_UNIT (LENGTH_MEASURE( 1.000000000000000082E-05 ), #1340, 'distance_accuracy_value', 'NONE');
#1587 = CARTESIAN_POINT ( 'NONE',  ( -0.6303242831416646652, 0.4199999999999860512, 0.7500000000000000000 ) ) ;
#1588 = PRESENTATION_LAYER_ASSIGNMENT (  '', '', ( #303 ) ) ;
#1589 = EDGE_LOOP ( 'NONE', ( #1173, #137, #208, #968 ) ) ;
#1590 = CARTESIAN_POINT ( 'NONE',  ( 0.5712971325666604816, 1.076958655048003255, -1.387346199112927447 ) ) ;
#1591 = LINE ( 'NONE', #1740, #1658 ) ;
#1592 = AXIS2_PLACEMENT_3D ( 'NONE', #1414, #1540, #1234 ) ;
#1593 = AXIS2_PLACEMENT_3D ( 'NONE', #113, #723, #437 ) ;
#1594 = CARTESIAN_POINT ( 'NONE',  ( -0.3999999999999999667, 1.070000000000000284, -1.309999999999999831 ) ) ;
#1595 = CARTESIAN_POINT ( 'NONE',  ( 0.000000000000000000, 0.000000000000000000, 0.000000000000000000 ) ) ;
#1596 = ORIENTED_EDGE ( 'NONE', *, *, #854, .F. ) ;
#1597 = ORIENTED_EDGE ( 'NONE', *, *, #783, .T. ) ;
#1598 = DIRECTION ( 'NONE',  ( -0.000000000000000000, -0.000000000000000000, -1.000000000000000000 ) ) ;
#1599 = CARTESIAN_POINT ( 'NONE',  ( -0.9659477408923691222, 0.1551514101946531721, -1.149999999999999911 ) ) ;
#1600 = CARTESIAN_POINT ( 'NONE',  ( 0.6875000000000002220, 0.4199999999999862732, 0.2000000000000000111 ) ) ;
#1601 = VERTEX_POINT ( 'NONE', #659 ) ;
#1602 = FILL_AREA_STYLE ('',( #1875 ) ) ;
#1603 = CARTESIAN_POINT ( 'NONE',  ( -0.6874999999999997780, 0.5599999999999860645, 1.149999999999999911 ) ) ;
#1604 = PLANE ( 'NONE',  #1814 ) ;
#1605 = ORIENTED_EDGE ( 'NONE', *, *, #978, .F. ) ;
#1606 = VERTEX_POINT ( 'NONE', #86 ) ;
#1607 = CARTESIAN_POINT ( 'NONE',  ( -1.187500000000000000, 0.1396589670363753144, -1.149999999999999911 ) ) ;
#1608 = DIRECTION ( 'NONE',  ( -1.000000000000000000, 0.000000000000000000, 0.000000000000000000 ) ) ;
#1609 = EDGE_CURVE ( 'NONE', #1734, #806, #1163, .T. ) ;
#1610 = EDGE_LOOP ( 'NONE', ( #238, #289, #243, #1728 ) ) ;
#1611 = EDGE_CURVE ( 'NONE', #1836, #1917, #390, .T. ) ;
#1612 = EDGE_CURVE ( 'NONE', #702, #1383, #374, .T. ) ;
#1613 = CARTESIAN_POINT ( 'NONE',  ( -0.6500000000000001332, 0.5599999999999860645, -0.7500000000000000000 ) ) ;
#1614 = VECTOR ( 'NONE', #616, 1000.000000000000114 ) ;
#1615 = FACE_OUTER_BOUND ( 'NONE', #604, .T. ) ;
#1616 = VECTOR ( 'NONE', #1914, 1000.000000000000000 ) ;
#1617 = ORIENTED_EDGE ( 'NONE', *, *, #1544, .T. ) ;
#1618 = ORIENTED_EDGE ( 'NONE', *, *, #1759, .T. ) ;
#1619 = DIRECTION ( 'NONE',  ( 0.000000000000000000, -0.000000000000000000, 1.000000000000000000 ) ) ;
#1620 = CARTESIAN_POINT ( 'NONE',  ( -0.3999999999999999667, 1.070000000000000284, -1.109999999999999654 ) ) ;
#1621 = EDGE_LOOP ( 'NONE', ( #1719, #1666, #1691, #736 ) ) ;
#1622 = CIRCLE ( 'NONE', #1651, 0.2350802003947944363 ) ;
#1623 = CLOSED_SHELL ( 'NONE', ( #307, #688, #1698, #1846, #391, #1339, #329, #1288, #1908, #1001, #1130, #474, #1795, #950 ) ) ;
#1624 = FACE_OUTER_BOUND ( 'NONE', #615, .T. ) ;
#1625 = DIRECTION ( 'NONE',  ( 0.9975640502598247528, -0.06975647374411847457, -0.000000000000000000 ) ) ;
#1626 = ORIENTED_EDGE ( 'NONE', *, *, #557, .T. ) ;
#1627 = AXIS2_PLACEMENT_3D ( 'NONE', #1595, #956, #1465 ) ;
#1628 = ORIENTED_EDGE ( 'NONE', *, *, #308, .F. ) ;
#1629 = CARTESIAN_POINT ( 'NONE',  ( -0.3999999999999999667, 1.070000000000000284, -1.109999999999999654 ) ) ;
#1630 = PLANE ( 'NONE',  #944 ) ;
#1631 = DIRECTION ( 'NONE',  ( -1.000000000000000000, 0.000000000000000000, 0.000000000000000000 ) ) ;
#1632 = DIRECTION ( 'NONE',  ( 1.000000000000000000, -9.481316825216589442E-16, 0.000000000000000000 ) ) ;
#1633 = DIRECTION ( 'NONE',  ( 0.000000000000000000, -0.000000000000000000, -1.000000000000000000 ) ) ;
#1634 = EDGE_CURVE ( 'NONE', #598, #1417, #529, .T. ) ;
#1635 = EDGE_CURVE ( 'NONE', #1572, #856, #180, .T. ) ;
#1636 = ORIENTED_EDGE ( 'NONE', *, *, #249, .T. ) ;
#1637 = ORIENTED_EDGE ( 'NONE', *, *, #1520, .F. ) ;
#1638 = CARTESIAN_POINT ( 'NONE',  ( -0.6874999999999997780, 0.4199999999999860512, -1.149999999999999911 ) ) ;
#1639 = ORIENTED_EDGE ( 'NONE', *, *, #1426, .F. ) ;
#1640 = PRODUCT_DEFINITION ( 'UNKNOWN', '', #491, #568 ) ;
#1641 = LINE ( 'NONE', #264, #1682 ) ;
#1642 = CARTESIAN_POINT ( 'NONE',  ( 0.6500000000000001332, 0.5599999999999862865, -0.2000000000000000111 ) ) ;
#1643 = ORIENTED_EDGE ( 'NONE', *, *, #1077, .T. ) ;
#1644 = ORIENTED_EDGE ( 'NONE', *, *, #1219, .F. ) ;
#1645 = ADVANCED_FACE ( 'NONE', ( #1737 ), #694, .F. ) ;
#1646 = LINE ( 'NONE', #585, #1827 ) ;
#1647 = VECTOR ( 'NONE', #1549, 1000.000000000000000 ) ;
#1648 = EDGE_CURVE ( 'NONE', #545, #825, #1560, .T. ) ;
#1649 = AXIS2_PLACEMENT_3D ( 'NONE', #1654, #828, #1024 ) ;
#1650 = DIRECTION ( 'NONE',  ( 0.000000000000000000, 1.000000000000000000, 0.000000000000000000 ) ) ;
#1651 = AXIS2_PLACEMENT_3D ( 'NONE', #743, #1358, #919 ) ;
#1652 = AXIS2_PLACEMENT_3D ( 'NONE', #1509, #900, #461 ) ;
#1653 = DIRECTION ( 'NONE',  ( -0.9975640502598247528, 0.06975647374411839130, -0.000000000000000000 ) ) ;
#1654 = CARTESIAN_POINT ( 'NONE',  ( -0.6874999999999997780, 0.3699999999999860067, -1.149999999999999911 ) ) ;
#1655 = ORIENTED_EDGE ( 'NONE', *, *, #1964, .T. ) ;
#1656 = VERTEX_POINT ( 'NONE', #819 ) ;
#1657 = LINE ( 'NONE', #1354, #344 ) ;
#1658 = VECTOR ( 'NONE', #1135, 1000.000000000000000 ) ;
#1659 = CARTESIAN_POINT ( 'NONE',  ( -1.177734093675823157, -2.251356057640056715E-16, -0.7500000000000000000 ) ) ;
#1660 = EDGE_LOOP ( 'NONE', ( #1637, #1851, #1716, #412 ) ) ;
#1661 = AXIS2_PLACEMENT_3D ( 'NONE', #242, #829, #360 ) ;
#1662 = CARTESIAN_POINT ( 'NONE',  ( -0.5278327956758491757, 1.070000000000000284, 0.000000000000000000 ) ) ;
#1663 = STYLED_ITEM ( 'NONE', ( #1347 ), #741 ) ;
#1664 = DIRECTION ( 'NONE',  ( -1.000000000000000000, 0.000000000000000000, 0.000000000000000000 ) ) ;
#1665 = CARTESIAN_POINT ( 'NONE',  ( -0.9659477408923691222, 0.1551514101946530333, -0.7500000000000000000 ) ) ;
#1666 = ORIENTED_EDGE ( 'NONE', *, *, #1167, .F. ) ;
#1667 = VERTEX_POINT ( 'NONE', #1439 ) ;
#1668 = DIRECTION ( 'NONE',  ( 1.000000000000000000, 0.000000000000000000, 0.000000000000000000 ) ) ;
#1669 = FACE_OUTER_BOUND ( 'NONE', #1987, .T. ) ;
#1670 = ORIENTED_EDGE ( 'NONE', *, *, #39, .T. ) ;
#1671 = ADVANCED_FACE ( 'NONE', ( #967 ), #1901, .T. ) ;
#1672 = EDGE_CURVE ( 'NONE', #842, #618, #63, .T. ) ;
#1673 = LINE ( 'NONE', #286, #1521 ) ;
#1674 = DIRECTION ( 'NONE',  ( 9.481316825216589442E-16, 1.000000000000000000, -0.000000000000000000 ) ) ;
#1675 = ORIENTED_EDGE ( 'NONE', *, *, #209, .T. ) ;
#1676 = ORIENTED_EDGE ( 'NONE', *, *, #1367, .T. ) ;
#1677 = LINE ( 'NONE', #913, #1847 ) ;
#1678 = PLANE ( 'NONE',  #1951 ) ;
#1679 = ORIENTED_EDGE ( 'NONE', *, *, #1426, .T. ) ;
#1680 = AXIS2_PLACEMENT_3D ( 'NONE', #1816, #472, #930 ) ;
#1681 = FILL_AREA_STYLE ('',( #1058 ) ) ;
#1682 = VECTOR ( 'NONE', #872, 1000.000000000000114 ) ;
#1683 = LINE ( 'NONE', #431, #401 ) ;
#1684 = LINE ( 'NONE', #1665, #8 ) ;
#1685 = VECTOR ( 'NONE', #517, 999.9999999999998863 ) ;
#1686 = AXIS2_PLACEMENT_3D ( 'NONE', #705, #1936, #1631 ) ;
#1687 = ORIENTED_EDGE ( 'NONE', *, *, #1216, .F. ) ;
#1688 = ORIENTED_EDGE ( 'NONE', *, *, #475, .F. ) ;
#1689 = CARTESIAN_POINT ( 'NONE',  ( 0.7374999999999998224, 0.2500000000000001665, -0.2000000000000000111 ) ) ;
#1690 = DIRECTION ( 'NONE',  ( -1.000000000000000000, -0.000000000000000000, -0.000000000000000000 ) ) ;
#1691 = ORIENTED_EDGE ( 'NONE', *, *, #1098, .T. ) ;
#1692 = FACE_OUTER_BOUND ( 'NONE', #1201, .T. ) ;
#1693 = VECTOR ( 'NONE', #670, 1000.000000000000000 ) ;
#1694 = CARTESIAN_POINT ( 'NONE',  ( -0.6500000000000001332, 0.5600000000000124878, 1.460000000000000187 ) ) ;
#1695 = CARTESIAN_POINT ( 'NONE',  ( -0.6874999999999997780, 0.3699999999999860067, 1.149999999999999911 ) ) ;
#1696 = ADVANCED_FACE ( 'NONE', ( #1892 ), #1321, .F. ) ;
#1697 = DIRECTION ( 'NONE',  ( -0.000000000000000000, -0.000000000000000000, 1.000000000000000000 ) ) ;
#1698 = ADVANCED_FACE ( 'NONE', ( #513 ), #526, .T. ) ;
#1699 = EDGE_CURVE ( 'NONE', #927, #1911, #1286, .T. ) ;
#1700 = DIRECTION ( 'NONE',  ( -0.000000000000000000, -0.000000000000000000, 1.000000000000000000 ) ) ;
#1701 = VERTEX_POINT ( 'NONE', #97 ) ;
#1702 = EDGE_LOOP ( 'NONE', ( #328, #1097, #1535, #1194 ) ) ;
#1703 = DIRECTION ( 'NONE',  ( 1.000000000000000000, 0.000000000000000000, -0.000000000000000000 ) ) ;
#1704 = CYLINDRICAL_SURFACE ( 'NONE', #1294, 0.09508020039479428420 ) ;
#1705 = DIRECTION ( 'NONE',  ( 0.000000000000000000, -0.000000000000000000, 1.000000000000000000 ) ) ;
#1706 = DIRECTION ( 'NONE',  ( 0.000000000000000000, 0.000000000000000000, 1.000000000000000000 ) ) ;
#1707 = ORIENTED_EDGE ( 'NONE', *, *, #1791, .T. ) ;
#1708 = CARTESIAN_POINT ( 'NONE',  ( 0.8775000000000003908, 0.3699999999999862288, -0.2000000000000000111 ) ) ;
#1709 = VECTOR ( 'NONE', #1042, 1000.000000000000227 ) ;
#1710 = ORIENTED_EDGE ( 'NONE', *, *, #833, .F. ) ;
#1711 = VECTOR ( 'NONE', #1727, 1000.000000000000000 ) ;
#1712 = DIRECTION ( 'NONE',  ( 0.1391731009600696567, 0.9902680687415696958, 0.000000000000000000 ) ) ;
#1713 = CARTESIAN_POINT ( 'NONE',  ( -1.187500000000000000, 0.1396589670363753144, 1.149999999999999911 ) ) ;
#1714 = VECTOR ( 'NONE', #1489, 1000.000000000000000 ) ;
#1715 = LINE ( 'NONE', #776, #626 ) ;
#1716 = ORIENTED_EDGE ( 'NONE', *, *, #1544, .F. ) ;
#1717 =( NAMED_UNIT ( * ) PLANE_ANGLE_UNIT ( ) SI_UNIT ( $, .RADIAN. ) );
#1718 = VECTOR ( 'NONE', #47, 1000.000000000000227 ) ;
#1719 = ORIENTED_EDGE ( 'NONE', *, *, #332, .F. ) ;
#1720 = PRESENTATION_LAYER_ASSIGNMENT (  '', '', ( #696 ) ) ;
#1721 =( NAMED_UNIT ( * ) SI_UNIT ( $, .STERADIAN. ) SOLID_ANGLE_UNIT ( ) );
#1722 = CARTESIAN_POINT ( 'NONE',  ( -0.3999999999999999667, 1.070000000000000284, -1.309999999999999831 ) ) ;
#1723 = LINE ( 'NONE', #815, #969 ) ;
#1724 = ORIENTED_EDGE ( 'NONE', *, *, #569, .T. ) ;
#1725 = DIRECTION ( 'NONE',  ( -0.000000000000000000, -0.000000000000000000, -1.000000000000000000 ) ) ;
#1726 = EDGE_CURVE ( 'NONE', #1481, #1572, #1458, .T. ) ;
#1727 = DIRECTION ( 'NONE',  ( 4.517509052023453949E-15, 1.000000000000000000, -0.000000000000000000 ) ) ;
#1728 = ORIENTED_EDGE ( 'NONE', *, *, #1480, .T. ) ;
#1729 = EDGE_CURVE ( 'NONE', #1526, #502, #1933, .T. ) ;
#1730 = ADVANCED_FACE ( 'NONE', ( #808 ), #1428, .F. ) ;
#1731 = CARTESIAN_POINT ( 'NONE',  ( 0.6875000000000002220, 0.3699999999999862288, -0.2000000000000000111 ) ) ;
#1732 = FACE_OUTER_BOUND ( 'NONE', #456, .T. ) ;
#1733 = LINE ( 'NONE', #356, #1781 ) ;
#1734 = VERTEX_POINT ( 'NONE', #501 ) ;
#1735 = FACE_OUTER_BOUND ( 'NONE', #177, .T. ) ;
#1736 = CYLINDRICAL_SURFACE ( 'NONE', #742, 0.05000000000000002359 ) ;
#1737 = FACE_OUTER_BOUND ( 'NONE', #1574, .T. ) ;
#1738 = ORIENTED_EDGE ( 'NONE', *, *, #1401, .F. ) ;
#1739 = DIRECTION ( 'NONE',  ( -1.000000000000000000, 0.000000000000000000, 0.000000000000000000 ) ) ;
#1740 = CARTESIAN_POINT ( 'NONE',  ( -0.8774999999999997247, 0.2499999999999997780, 0.7500000000000000000 ) ) ;
#1741 = LINE ( 'NONE', #366, #844 ) ;
#1742 = ORIENTED_EDGE ( 'NONE', *, *, #649, .F. ) ;
#1743 = ORIENTED_EDGE ( 'NONE', *, *, #803, .F. ) ;
#1744 = CARTESIAN_POINT ( 'NONE',  ( 0.8775000000000003908, 0.3699999999999862288, 0.2000000000000000111 ) ) ;
#1745 = AXIS2_PLACEMENT_3D ( 'NONE', #1384, #1055, #596 ) ;
#1746 = DIRECTION ( 'NONE',  ( -0.000000000000000000, -0.000000000000000000, -1.000000000000000000 ) ) ;
#1747 = UNCERTAINTY_MEASURE_WITH_UNIT (LENGTH_MEASURE( 1.000000000000000082E-05 ), #124, 'distance_accuracy_value', 'NONE');
#1748 = CARTESIAN_POINT ( 'NONE',  ( -0.6874999999999997780, 0.3699999999999860067, 1.149999999999999911 ) ) ;
#1749 = AXIS2_PLACEMENT_3D ( 'NONE', #1731, #377, #1558 ) ;
#1750 = VERTEX_POINT ( 'NONE', #1116 ) ;
#1751 = VECTOR ( 'NONE', #1336, 1000.000000000000227 ) ;
#1752 = DIRECTION ( 'NONE',  ( -2.710505431214075841E-15, -1.000000000000000000, -0.000000000000000000 ) ) ;
#1753 = CARTESIAN_POINT ( 'NONE',  ( 0.5278327956758489536, 1.120000000000000107, 1.337832795675849118 ) ) ;
#1754 = AXIS2_PLACEMENT_3D ( 'NONE', #1408, #916, #1394 ) ;
#1755 = AXIS2_PLACEMENT_3D ( 'NONE', #1748, #1010, #999 ) ;
#1756 = FACE_OUTER_BOUND ( 'NONE', #1958, .T. ) ;
#1757 = VERTEX_POINT ( 'NONE', #411 ) ;
#1758 = EDGE_LOOP ( 'NONE', ( #301, #608, #1738, #288 ) ) ;
#1759 = EDGE_CURVE ( 'NONE', #30, #887, #262, .T. ) ;
#1760 = CARTESIAN_POINT ( 'NONE',  ( 0.6875000000000002220, 0.4199999999999862732, 0.2000000000000000111 ) ) ;
#1761 = ADVANCED_FACE ( 'NONE', ( #254 ), #1630, .F. ) ;
#1762 = FACE_OUTER_BOUND ( 'NONE', #1524, .T. ) ;
#1763 = DIRECTION ( 'NONE',  ( -1.000000000000000000, 0.000000000000000000, 0.000000000000000000 ) ) ;
#1764 = ORIENTED_EDGE ( 'NONE', *, *, #224, .T. ) ;
#1765 = CARTESIAN_POINT ( 'NONE',  ( 0.8775000000000003908, 0.3699999999999862288, 0.2000000000000000111 ) ) ;
#1766 = DIRECTION ( 'NONE',  ( -0.1378445374916255906, -0.9808148484639899189, 0.1378445374916253963 ) ) ;
#1767 = DIRECTION ( 'NONE',  ( 0.000000000000000000, -0.000000000000000000, -1.000000000000000000 ) ) ;
#1768 = ORIENTED_EDGE ( 'NONE', *, *, #1935, .T. ) ;
#1769 = ORIENTED_EDGE ( 'NONE', *, *, #804, .F. ) ;
#1770 = CARTESIAN_POINT ( 'NONE',  ( -0.8774999999999999467, 0.3699999999999860067, -1.149999999999999911 ) ) ;
#1771 = CARTESIAN_POINT ( 'NONE',  ( -0.6500000000000001332, 0.5600000000000124878, 1.460000000000000187 ) ) ;
#1772 = LINE ( 'NONE', #1156, #753 ) ;
#1773 = CARTESIAN_POINT ( 'NONE',  ( 0.6499999999999999112, 0.5600000000000124878, 1.460000000000000187 ) ) ;
#1774 = AXIS2_PLACEMENT_3D ( 'NONE', #1881, #321, #769 ) ;
#1775 = CARTESIAN_POINT ( 'NONE',  ( 0.5278327956758489536, 1.070000000000000284, 0.000000000000000000 ) ) ;
#1776 = VECTOR ( 'NONE', #170, 1000.000000000000000 ) ;
#1777 = ORIENTED_EDGE ( 'NONE', *, *, #771, .F. ) ;
#1778 = EDGE_LOOP ( 'NONE', ( #1676, #149, #1952, #1597 ) ) ;
#1779 = CARTESIAN_POINT ( 'NONE',  ( 0.9725802003947940921, 0.2500000000000002220, 0.2000000000000000111 ) ) ;
#1780 = DIRECTION ( 'NONE',  ( 0.9975640502598247528, 0.06975647374411841906, 0.000000000000000000 ) ) ;
#1781 = VECTOR ( 'NONE', #203, 1000.000000000000000 ) ;
#1782 = VERTEX_POINT ( 'NONE', #1659 ) ;
#1783 = AXIS2_PLACEMENT_3D ( 'NONE', #277, #700, #1179 ) ;
#1784 = EDGE_CURVE ( 'NONE', #923, #362, #467, .T. ) ;
#1785 = ADVANCED_FACE ( 'NONE', ( #738 ), #877, .F. ) ;
#1786 = CARTESIAN_POINT ( 'NONE',  ( -0.7374999999999994893, 0.2500000000000000000, 0.7500000000000000000 ) ) ;
#1787 = CARTESIAN_POINT ( 'NONE',  ( -1.187500000000000000, 0.1396589670363753144, 0.7500000000000000000 ) ) ;
#1788 = VERTEX_POINT ( 'NONE', #122 ) ;
#1789 = AXIS2_PLACEMENT_3D ( 'NONE', #482, #760, #922 ) ;
#1790 = CYLINDRICAL_SURFACE ( 'NONE', #947, 0.2350802003947944363 ) ;
#1791 = EDGE_CURVE ( 'NONE', #1355, #618, #261, .T. ) ;
#1792 = DIRECTION ( 'NONE',  ( 0.9975640502598246417, 0.06975647374411866886, 0.000000000000000000 ) ) ;
#1793 = PLANE ( 'NONE',  #1686 ) ;
#1794 = EDGE_CURVE ( 'NONE', #1459, #322, #23, .T. ) ;
#1795 = ADVANCED_FACE ( 'NONE', ( #1821 ), #1368, .T. ) ;
#1796 = LINE ( 'NONE', #1343, #1974 ) ;
#1797 = PLANE ( 'NONE',  #515 ) ;
#1798 = ORIENTED_EDGE ( 'NONE', *, *, #1014, .F. ) ;
#1799 = EDGE_LOOP ( 'NONE', ( #714, #1492, #1856, #138 ) ) ;
#1800 = DIRECTION ( 'NONE',  ( -1.000000000000000000, 0.000000000000000000, 0.000000000000000000 ) ) ;
#1801 = CARTESIAN_POINT ( 'NONE',  ( -0.6303242831416646652, 0.4199999999999860512, 0.7500000000000000000 ) ) ;
#1802 = SURFACE_STYLE_USAGE ( .BOTH. , #440 ) ;
#1803 = PLANE ( 'NONE',  #486 ) ;
#1804 = CARTESIAN_POINT ( 'NONE',  ( -0.8774999999999999467, 0.3699999999999860067, 0.7500000000000000000 ) ) ;
#1805 = EDGE_LOOP ( 'NONE', ( #1026, #1238, #103, #195 ) ) ;
#1806 = VERTEX_POINT ( 'NONE', #1021 ) ;
#1807 = CARTESIAN_POINT ( 'NONE',  ( -0.6500000000000001332, 0.5599999999999860645, -1.459999999999999742 ) ) ;
#1808 = AXIS2_PLACEMENT_3D ( 'NONE', #359, #1187, #1144 ) ;
#1809 = CARTESIAN_POINT ( 'NONE',  ( 0.9725802003947940921, 0.2500000000000002220, -0.2000000000000000111 ) ) ;
#1810 = ORIENTED_EDGE ( 'NONE', *, *, #1569, .F. ) ;
#1811 = LINE ( 'NONE', #1486, #1948 ) ;
#1812 = VERTEX_POINT ( 'NONE', #1638 ) ;
#1813 = VERTEX_POINT ( 'NONE', #1202 ) ;
#1814 = AXIS2_PLACEMENT_3D ( 'NONE', #1888, #1909, #379 ) ;
#1815 = CARTESIAN_POINT ( 'NONE',  ( -0.5712971325666607036, 1.120000000000000107, -0.000000000000000000 ) ) ;
#1816 = CARTESIAN_POINT ( 'NONE',  ( 1.187499999999999556, 0.1396589670363757585, 0.2000000000000000111 ) ) ;
#1817 = ORIENTED_EDGE ( 'NONE', *, *, #1060, .T. ) ;
#1818 = ORIENTED_EDGE ( 'NONE', *, *, #1934, .F. ) ;
#1819 = DIRECTION ( 'NONE',  ( -1.000000000000000000, -0.000000000000000000, -0.000000000000000000 ) ) ;
#1820 = CIRCLE ( 'NONE', #1398, 0.09508020039479428420 ) ;
#1821 = FACE_OUTER_BOUND ( 'NONE', #387, .T. ) ;
#1822 = EDGE_LOOP ( 'NONE', ( #639, #1353 ) ) ;
#1823 = EDGE_CURVE ( 'NONE', #1667, #1025, #1220, .T. ) ;
#1824 = EDGE_CURVE ( 'NONE', #1911, #1757, #886, .T. ) ;
#1825 = VECTOR ( 'NONE', #556, 1000.000000000000227 ) ;
#1826 = SURFACE_STYLE_FILL_AREA ( #1681 ) ;
#1827 = VECTOR ( 'NONE', #566, 1000.000000000000227 ) ;
#1828 = DIRECTION ( 'NONE',  ( 0.000000000000000000, 1.000000000000000000, 0.000000000000000000 ) ) ;
#1829 = LINE ( 'NONE', #462, #870 ) ;
#1830 = ORIENTED_EDGE ( 'NONE', *, *, #619, .T. ) ;
#1831 = ORIENTED_EDGE ( 'NONE', *, *, #534, .F. ) ;
#1832 = APPLICATION_CONTEXT ( 'automotive_design' ) ;
#1833 = DIRECTION ( 'NONE',  ( 1.000000000000000000, 0.000000000000000000, 0.000000000000000000 ) ) ;
#1834 = CARTESIAN_POINT ( 'NONE',  ( -0.3999999999999999667, 1.070000000000000284, -1.209999999999999742 ) ) ;
#1835 = VECTOR ( 'NONE', #814, 1000.000000000000000 ) ;
#1836 = VERTEX_POINT ( 'NONE', #1801 ) ;
#1837 = LINE ( 'NONE', #323, #144 ) ;
#1838 = DIRECTION ( 'NONE',  ( -0.000000000000000000, -0.000000000000000000, -1.000000000000000000 ) ) ;
#1839 = EDGE_LOOP ( 'NONE', ( #1617, #612, #259, #449 ) ) ;
#1840 = VERTEX_POINT ( 'NONE', #1183 ) ;
#1841 = CARTESIAN_POINT ( 'NONE',  ( -0.8774999999999998357, 0.3699999999999860067, 0.7500000000000000000 ) ) ;
#1842 = CARTESIAN_POINT ( 'NONE',  ( -1.187500000000000000, 0.1396589670363753144, -0.7500000000000000000 ) ) ;
#1843 = PRESENTATION_LAYER_ASSIGNMENT (  '', '', ( #1389 ) ) ;
#1844 = CARTESIAN_POINT ( 'NONE',  ( -0.6303242831416646652, 0.4199999999999860512, 0.7500000000000000000 ) ) ;
#1845 = ADVANCED_FACE ( 'NONE', ( #421 ), #1028, .F. ) ;
#1846 = ADVANCED_FACE ( 'NONE', ( #1669 ), #1038, .F. ) ;
#1847 = VECTOR ( 'NONE', #299, 1000.000000000000000 ) ;
#1848 = CARTESIAN_POINT ( 'NONE',  ( -0.6500000000000001332, 0.1430413449519968849, -1.401400282583166401 ) ) ;
#1849 = DIRECTION ( 'NONE',  ( -0.1391731009600696845, 0.9902680687415698069, 0.000000000000000000 ) ) ;
#1850 =( GEOMETRIC_REPRESENTATION_CONTEXT ( 3 ) GLOBAL_UNCERTAINTY_ASSIGNED_CONTEXT ( ( #982 ) ) GLOBAL_UNIT_ASSIGNED_CONTEXT ( ( #1103, #1290, #1721 ) ) REPRESENTATION_CONTEXT ( 'NONE', 'WORKASPACE' ) );
#1851 = ORIENTED_EDGE ( 'NONE', *, *, #1366, .F. ) ;
#1852 = CARTESIAN_POINT ( 'NONE',  ( 0.7375000000000001554, 0.3699999999999862288, -0.2000000000000000111 ) ) ;
#1853 = CARTESIAN_POINT ( 'NONE',  ( -0.000000000000000000, 0.1000000000000000472, 1.351886879146088294 ) ) ;
#1854 = EDGE_CURVE ( 'NONE', #747, #842, #1514, .T. ) ;
#1855 = DIRECTION ( 'NONE',  ( -0.000000000000000000, -0.000000000000000000, 1.000000000000000000 ) ) ;
#1856 = ORIENTED_EDGE ( 'NONE', *, *, #10, .T. ) ;
#1857 = CARTESIAN_POINT ( 'NONE',  ( 0.5450509448071576557, 1.306751329711981491, 1.355050944807158153 ) ) ;
#1858 = DIRECTION ( 'NONE',  ( -1.000000000000000000, 0.000000000000000000, 0.000000000000000000 ) ) ;
#1859 = ADVANCED_FACE ( 'NONE', ( #1212 ), #711, .T. ) ;
#1860 = EDGE_CURVE ( 'NONE', #702, #32, #1327, .T. ) ;
#1861 = DIRECTION ( 'NONE',  ( -0.000000000000000000, -0.000000000000000000, -1.000000000000000000 ) ) ;
#1862 = DIRECTION ( 'NONE',  ( 0.000000000000000000, -0.000000000000000000, -1.000000000000000000 ) ) ;
#1863 = ORIENTED_EDGE ( 'NONE', *, *, #1015, .T. ) ;
#1864 = SURFACE_SIDE_STYLE ('',( #9 ) ) ;
#1865 = ORIENTED_EDGE ( 'NONE', *, *, #293, .F. ) ;
#1866 = DIRECTION ( 'NONE',  ( 0.000000000000000000, 0.000000000000000000, 1.000000000000000000 ) ) ;
#1867 = LINE ( 'NONE', #1722, #1473 ) ;
#1868 = CARTESIAN_POINT ( 'NONE',  ( -0.3999999999999999667, 1.070000000000000284, -1.209999999999999742 ) ) ;
#1869 = PLANE ( 'NONE',  #1177 ) ;
#1870 = VERTEX_POINT ( 'NONE', #1081 ) ;
#1871 = LINE ( 'NONE', #1410, #484 ) ;
#1872 = CIRCLE ( 'NONE', #644, 0.09508020039479428420 ) ;
#1873 = VERTEX_POINT ( 'NONE', #29 ) ;
#1874 = VECTOR ( 'NONE', #1838, 1000.000000000000000 ) ;
#1875 = FILL_AREA_STYLE_COLOUR ( '', #722 ) ;
#1876 = CARTESIAN_POINT ( 'NONE',  ( 1.187499999999999556, 0.1396589670363757585, 0.2000000000000000111 ) ) ;
#1877 = CARTESIAN_POINT ( 'NONE',  ( -0.6874999999999997780, 0.3699999999999860067, -1.149999999999999911 ) ) ;
#1878 = AXIS2_PLACEMENT_3D ( 'NONE', #1537, #1045, #1051 ) ;
#1879 = DIRECTION ( 'NONE',  ( -0.000000000000000000, -0.000000000000000000, 1.000000000000000000 ) ) ;
#1880 = CARTESIAN_POINT ( 'NONE',  ( -1.177734093675823157, -2.251356057640056715E-16, -1.149999999999999911 ) ) ;
#1881 = CARTESIAN_POINT ( 'NONE',  ( 0.7374999999999998224, 0.2500000000000001665, 0.2000000000000000111 ) ) ;
#1882 = EDGE_CURVE ( 'NONE', #1917, #624, #787, .T. ) ;
#1883 = EDGE_CURVE ( 'NONE', #777, #1512, #1557, .T. ) ;
#1884 = ORIENTED_EDGE ( 'NONE', *, *, #1440, .F. ) ;
#1885 = AXIS2_PLACEMENT_3D ( 'NONE', #597, #291, #895 ) ;
#1886 = CARTESIAN_POINT ( 'NONE',  ( 0.5773461991129275050, 1.076958655048003255, 1.387346199112927669 ) ) ;
#1887 = DIRECTION ( 'NONE',  ( -0.000000000000000000, -0.000000000000000000, -1.000000000000000000 ) ) ;
#1888 = CARTESIAN_POINT ( 'NONE',  ( 0.000000000000000000, 1.120000000000000107, -1.381297132566660313 ) ) ;
#1889 = ORIENTED_EDGE ( 'NONE', *, *, #646, .T. ) ;
#1890 = LINE ( 'NONE', #1744, #782 ) ;
#1891 = DIRECTION ( 'NONE',  ( 0.000000000000000000, 0.000000000000000000, 1.000000000000000000 ) ) ;
#1892 = FACE_OUTER_BOUND ( 'NONE', #709, .T. ) ;
#1893 = VERTEX_POINT ( 'NONE', #636 ) ;
#1894 = CARTESIAN_POINT ( 'NONE',  ( 0.9725802003947940921, 0.2500000000000002220, 0.2000000000000000111 ) ) ;
#1895 = LINE ( 'NONE', #641, #1567 ) ;
#1896 = DIRECTION ( 'NONE',  ( 1.000000000000000000, 0.000000000000000000, -0.000000000000000000 ) ) ;
#1897 = ORIENTED_EDGE ( 'NONE', *, *, #152, .F. ) ;
#1898 = VERTEX_POINT ( 'NONE', #1386 ) ;
#1899 = CARTESIAN_POINT ( 'NONE',  ( 0.5773461991129275050, 1.076958655048003255, -1.387346199112927447 ) ) ;
#1900 = CARTESIAN_POINT ( 'NONE',  ( 0.5680307390213757968, 0.1000000000000000194, -1.378030739021375961 ) ) ;
#1901 = CYLINDRICAL_SURFACE ( 'NONE', #1076, 0.04999999999999991257 ) ;
#1902 = VERTEX_POINT ( 'NONE', #1534 ) ;
#1903 = EDGE_CURVE ( 'NONE', #1873, #1962, #1715, .T. ) ;
#1904 =( BOUNDED_CURVE ( )  B_SPLINE_CURVE ( 3, ( #246, #1150, #1470, #685 ),
 .UNSPECIFIED., .F., .F. ) 
 B_SPLINE_CURVE_WITH_KNOTS ( ( 4, 4 ),
 ( 1.570796326794896558, 3.001966313430249222 ),
 .UNSPECIFIED. ) 
 CURVE ( )  GEOMETRIC_REPRESENTATION_ITEM ( )  RATIONAL_B_SPLINE_CURVE ( ( 1.000000000000000000, 0.8364730534818474172, 0.8364730534818474172, 1.000000000000000000 ) ) 
 REPRESENTATION_ITEM ( '' )  );
#1905 = DIRECTION ( 'NONE',  ( 0.9975640502598247528, 0.06975647374411841906, 0.000000000000000000 ) ) ;
#1906 = CARTESIAN_POINT ( 'NONE',  ( 0.6875000000000002220, 0.3699999999999862288, 0.2000000000000000111 ) ) ;
#1907 = EDGE_CURVE ( 'NONE', #55, #1750, #1012, .T. ) ;
#1908 = ADVANCED_FACE ( 'NONE', ( #1089 ), #1552, .T. ) ;
#1909 = DIRECTION ( 'NONE',  ( 0.000000000000000000, 0.1391731009600621627, -0.9902680687415708061 ) ) ;
#1910 = FILL_AREA_STYLE_COLOUR ( '', #464 ) ;
#1911 = VERTEX_POINT ( 'NONE', #1251 ) ;
#1912 = CYLINDRICAL_SURFACE ( 'NONE', #313, 0.05000000000000002359 ) ;
#1913 = AXIS2_PLACEMENT_3D ( 'NONE', #157, #1390, #1664 ) ;
#1914 = DIRECTION ( 'NONE',  ( -0.000000000000000000, -0.000000000000000000, -1.000000000000000000 ) ) ;
#1915 = DIRECTION ( 'NONE',  ( 0.9902680687415708061, 0.1391731009600625513, -0.000000000000000000 ) ) ;
#1916 = VECTOR ( 'NONE', #1583, 1000.000000000000000 ) ;
#1917 = VERTEX_POINT ( 'NONE', #1224 ) ;
#1918 = AXIS2_PLACEMENT_3D ( 'NONE', #542, #1461, #699 ) ;
#1919 = DIRECTION ( 'NONE',  ( 4.517509052023453949E-15, 1.000000000000000000, -0.000000000000000000 ) ) ;
#1920 = PLANE ( 'NONE',  #1207 ) ;
#1921 = AXIS2_PLACEMENT_3D ( 'NONE', #187, #466, #1706 ) ;
#1922 = LINE ( 'NONE', #1562, #1101 ) ;
#1923 = ORIENTED_EDGE ( 'NONE', *, *, #978, .T. ) ;
#1924 = CIRCLE ( 'NONE', #25, 0.1000000000000000472 ) ;
#1925 = ORIENTED_EDGE ( 'NONE', *, *, #1402, .F. ) ;
#1926 = CARTESIAN_POINT ( 'NONE',  ( -1.177734093675823157, -2.251356057640056715E-16, -0.7500000000000000000 ) ) ;
#1927 = DIRECTION ( 'NONE',  ( 0.000000000000000000, 0.000000000000000000, 1.000000000000000000 ) ) ;
#1928 = ORIENTED_EDGE ( 'NONE', *, *, #452, .T. ) ;
#1929 = DIRECTION ( 'NONE',  ( -0.000000000000000000, -0.000000000000000000, -1.000000000000000000 ) ) ;
#1930 = FACE_OUTER_BOUND ( 'NONE', #1758, .T. ) ;
#1931 = ORIENTED_EDGE ( 'NONE', *, *, #889, .F. ) ;
#1932 = ORIENTED_EDGE ( 'NONE', *, *, #1580, .T. ) ;
#1933 = LINE ( 'NONE', #547, #820 ) ;
#1934 = EDGE_CURVE ( 'NONE', #1064, #1166, #879, .T. ) ;
#1935 = EDGE_CURVE ( 'NONE', #1734, #996, #1072, .T. ) ;
#1936 = DIRECTION ( 'NONE',  ( 0.000000000000000000, 0.1391731009600625513, 0.9902680687415708061 ) ) ;
#1937 = PLANE ( 'NONE',  #1918 ) ;
#1938 = LINE ( 'NONE', #1787, #13 ) ;
#1939 = ORIENTED_EDGE ( 'NONE', *, *, #804, .T. ) ;
#1940 = ORIENTED_EDGE ( 'NONE', *, *, #1672, .F. ) ;
#1941 = CARTESIAN_POINT ( 'NONE',  ( -0.9725802003947938701, 0.2500000000000000000, 0.7500000000000000000 ) ) ;
#1942 = CARTESIAN_POINT ( 'NONE',  ( -0.5680307390213760188, 0.1000000000000000888, 1.378030739021376183 ) ) ;
#1943 = VECTOR ( 'NONE', #1376, 1000.000000000000000 ) ;
#1944 = LINE ( 'NONE', #1000, #1430 ) ;
#1945 = ADVANCED_FACE ( 'NONE', ( #40 ), #1869, .F. ) ;
#1946 = AXIS2_PLACEMENT_3D ( 'NONE', #217, #1246, #1866 ) ;
#1947 = EDGE_CURVE ( 'NONE', #322, #522, #1056, .T. ) ;
#1948 = VECTOR ( 'NONE', #156, 1000.000000000000000 ) ;
#1949 = CARTESIAN_POINT ( 'NONE',  ( 0.9725802003947940921, 0.2500000000000002220, 0.2000000000000000111 ) ) ;
#1950 = CARTESIAN_POINT ( 'NONE',  ( -1.187500000000000000, 0.1396589670363753144, 1.149999999999999911 ) ) ;
#1951 = AXIS2_PLACEMENT_3D ( 'NONE', #18, #326, #1862 ) ;
#1952 = ORIENTED_EDGE ( 'NONE', *, *, #1635, .F. ) ;
#1953 = AXIS2_PLACEMENT_3D ( 'NONE', #1771, #1915, #76 ) ;
#1954 = ORIENTED_EDGE ( 'NONE', *, *, #1522, .F. ) ;
#1955 = DIRECTION ( 'NONE',  ( 0.06975647374412034807, 0.9975640502598245307, -0.000000000000000000 ) ) ;
#1956 = DIRECTION ( 'NONE',  ( -1.000000000000000000, 9.035018104046912237E-16, 0.000000000000000000 ) ) ;
#1957 = LINE ( 'NONE', #572, #1616 ) ;
#1958 = EDGE_LOOP ( 'NONE', ( #1863, #1346, #767, #7 ) ) ;
#1959 = EDGE_LOOP ( 'NONE', ( #1065, #1931, #1092, #339 ) ) ;
#1960 = DIRECTION ( 'NONE',  ( -1.000000000000000000, 0.000000000000000000, 0.000000000000000000 ) ) ;
#1961 = DIRECTION ( 'NONE',  ( 0.000000000000000000, 0.000000000000000000, 1.000000000000000000 ) ) ;
#1962 = VERTEX_POINT ( 'NONE', #1377 ) ;
#1963 = CARTESIAN_POINT ( 'NONE',  ( -0.9561818345681925013, 0.01549244315827741532, -1.149999999999999911 ) ) ;
#1964 = EDGE_CURVE ( 'NONE', #1364, #1812, #614, .T. ) ;
#1965 = CARTESIAN_POINT ( 'NONE',  ( -1.187500000000000000, 0.1396589670363753144, 0.7500000000000000000 ) ) ;
#1966 = PLANE ( 'NONE',  #1808 ) ;
#1967 = EDGE_CURVE ( 'NONE', #1369, #30, #1528, .T. ) ;
#1968 = VERTEX_POINT ( 'NONE', #1842 ) ;
#1969 = ORIENTED_EDGE ( 'NONE', *, *, #355, .T. ) ;
#1970 = LINE ( 'NONE', #546, #94 ) ;
#1971 = CARTESIAN_POINT ( 'NONE',  ( 0.5539766555511368429, 1.120000000000000107, 1.363976655551136785 ) ) ;
#1972 = ORIENTED_EDGE ( 'NONE', *, *, #163, .T. ) ;
#1973 = PLANE ( 'NONE',  #207 ) ;
#1974 = VECTOR ( 'NONE', #1632, 1000.000000000000000 ) ;
#1975 = CARTESIAN_POINT ( 'NONE',  ( -0.3999999999999999667, 1.070000000000000284, -1.209999999999999742 ) ) ;
#1976 = CARTESIAN_POINT ( 'NONE',  ( -0.5712971325666607036, 1.076958655048003255, 1.387346199112927891 ) ) ;
#1977 = ORIENTED_EDGE ( 'NONE', *, *, #1041, .T. ) ;
#1978 = ORIENTED_EDGE ( 'NONE', *, *, #830, .T. ) ;
#1979 = DIRECTION ( 'NONE',  ( -0.1378445374916257848, -0.9808148484639899189, -0.1378445374916257848 ) ) ;
#1980 = AXIS2_PLACEMENT_3D ( 'NONE', #496, #34, #345 ) ;
#1981 = DIRECTION ( 'NONE',  ( 0.000000000000000000, 0.000000000000000000, 1.000000000000000000 ) ) ;
#1982 =( BOUNDED_CURVE ( )  B_SPLINE_CURVE ( 3, ( #1899, #382, #1272, #1154 ),
 .UNSPECIFIED., .F., .T. ) 
 B_SPLINE_CURVE_WITH_KNOTS ( ( 4, 4 ),
 ( 0.1396263401595422837, 1.570796326794894560 ),
 .UNSPECIFIED. ) 
 CURVE ( )  GEOMETRIC_REPRESENTATION_ITEM ( )  RATIONAL_B_SPLINE_CURVE ( ( 1.000000000000000000, 0.8364730534818474172, 0.8364730534818474172, 1.000000000000000000 ) ) 
 REPRESENTATION_ITEM ( '' )  );
#1983 = PRESENTATION_STYLE_ASSIGNMENT (( #740 ) ) ;
#1984 = DIRECTION ( 'NONE',  ( 1.000000000000000000, -9.481316825216589442E-16, 0.000000000000000000 ) ) ;
#1985 = DIRECTION ( 'NONE',  ( -1.000000000000000000, 0.000000000000000000, 0.000000000000000000 ) ) ;
#1986 = ORIENTED_EDGE ( 'NONE', *, *, #865, .F. ) ;
#1987 = EDGE_LOOP ( 'NONE', ( #692, #1897, #1034, #1079 ) ) ;
#1988 = FACE_OUTER_BOUND ( 'NONE', #1090, .T. ) ;
#1989 = ORIENTED_EDGE ( 'NONE', *, *, #1947, .F. ) ;
#1990 = FACE_OUTER_BOUND ( 'NONE', #1839, .T. ) ;
#1991 = ADVANCED_FACE ( 'NONE', ( #1261 ), #1678, .T. ) ;
#1992 = EDGE_CURVE ( 'NONE', #1701, #1667, #300, .T. ) ;
ENDSEC;
END-ISO-10303-21;
